date,daily_peak_mw,daily_total_mwh,precip_in,temp_max_f,temp_min_f,temp_avg_f,day_of_week,is_weekend,month,day_of_year,is_holiday,peak_lag_1,peak_lag_7,peak_lag_14,peak_roll_mean_7,peak_roll_mean_14,hdd,cdd,temp_lag_1
2019-01-15,22139.0,464676.0,0.0,36.0,26.0,31.0,1,0,1,15,0,22064.0,21814.0,19586.0,21666.285714285714,21108.64285714286,34.0,0.0,28.5
2019-01-16,21701.0,455159.0,0.0,40.0,31.0,35.5,2,0,1,16,0,22139.0,21046.0,21109.0,21712.714285714286,21291.0,29.5,0.0,31.0
2019-01-17,21986.0,461023.0,0.0,34.0,26.0,30.0,3,0,1,17,0,21701.0,21968.0,20963.0,21806.285714285714,21333.285714285714,35.0,0.0,35.5
2019-01-18,21945.0,457752.0,0.03,42.0,29.0,35.5,4,0,1,18,0,21986.0,21997.0,20775.0,21808.85714285714,21406.35714285714,29.5,0.0,30.0
2019-01-19,20850.0,434527.0,0.34,39.0,32.0,35.5,5,1,1,19,0,21945.0,21990.0,19891.0,21801.428571428572,21489.928571428572,29.5,0.0,35.5
2019-01-20,21565.0,438425.0,1.0,40.0,16.0,28.0,6,1,1,20,0,20850.0,20785.0,19540.0,21638.571428571428,21558.428571428572,37.0,0.0,35.5
2019-01-21,24615.0,500995.0,0.0,16.0,5.0,10.5,0,0,1,21,1,21565.0,22064.0,21993.0,21750.0,21703.071428571428,54.5,0.0,28.0
2019-01-22,24728.0,510285.0,0.0,31.0,14.0,22.5,1,0,1,22,0,24615.0,22139.0,21814.0,22114.428571428572,21890.35714285714,42.5,0.0,10.5
2019-01-23,23135.0,475871.0,0.0,47.0,30.0,38.5,2,0,1,23,0,24728.0,21701.0,21046.0,22484.285714285714,22098.5,26.5,0.0,22.5
2019-01-24,21379.0,441763.0,1.48,57.0,35.0,46.0,3,0,1,24,0,23135.0,21986.0,21968.0,22689.14285714286,22247.714285714286,19.0,0.0,38.5
2019-01-25,21122.0,443923.0,0.0,40.0,29.0,34.5,4,0,1,25,0,21379.0,21945.0,21997.0,22602.428571428572,22205.64285714286,30.5,0.0,46.0
2019-01-26,21209.0,438597.0,0.0,35.0,25.0,30.0,5,1,1,26,0,21122.0,20850.0,21990.0,22484.85714285714,22143.14285714286,35.0,0.0,34.5
2019-01-27,20227.0,421408.0,0.0,49.0,29.0,39.0,6,1,1,27,0,21209.0,21565.0,20785.0,22536.14285714286,22087.35714285714,26.0,0.0,30.0
2019-01-28,21908.0,448413.0,0.0,39.0,25.0,32.0,0,0,1,28,0,20227.0,24615.0,22064.0,22345.0,22047.5,33.0,0.0,39.0
2019-01-29,22163.0,470515.0,0.27,44.0,25.0,34.5,1,0,1,29,0,21908.0,24728.0,22139.0,21958.285714285714,22036.35714285714,30.5,0.0,32.0
2019-01-30,23469.0,471125.0,0.0,36.0,7.0,21.5,2,0,1,30,0,22163.0,23135.0,21701.0,21591.85714285714,22038.071428571428,43.5,0.0,34.5
2019-01-31,24206.0,522869.0,0.0,17.0,3.0,10.0,3,0,1,31,0,23469.0,21379.0,21986.0,21639.571428571428,22164.35714285714,55.0,0.0,21.5
2019-02-01,24580.0,516575.0,0.0,22.0,12.0,17.0,4,0,2,32,0,24206.0,21122.0,21945.0,22043.428571428572,22322.928571428572,48.0,0.0,10.0
2019-02-02,23158.0,477400.0,0.0,35.0,18.0,26.5,5,1,2,33,0,24580.0,21209.0,20850.0,22537.428571428572,22511.14285714286,38.5,0.0,17.0
2019-02-03,20870.0,421160.0,0.0,52.0,31.0,41.5,6,1,2,34,0,23158.0,20227.0,21565.0,22815.85714285714,22676.0,23.5,0.0,26.5
2019-02-04,19487.0,414921.0,0.0,59.0,36.0,47.5,0,0,2,35,0,20870.0,21908.0,24615.0,22907.714285714286,22626.35714285714,17.5,0.0,41.5
2019-02-05,19898.0,414083.0,0.0,65.0,36.0,50.5,1,0,2,36,0,19487.0,22163.0,24728.0,22561.85714285714,22260.071428571428,14.5,0.0,47.5
2019-02-06,20528.0,426106.0,0.47,46.0,35.0,40.5,2,0,2,37,0,19898.0,23469.0,23135.0,22238.285714285714,21915.071428571428,24.5,0.0,50.5
2019-02-07,20594.0,430319.0,0.11,44.0,37.0,40.5,3,0,2,38,0,20528.0,24206.0,21379.0,21818.14285714286,21728.85714285714,24.5,0.0,40.5
2019-02-08,20235.0,423737.0,0.37,55.0,33.0,44.0,4,0,2,39,0,20594.0,24580.0,21122.0,21302.14285714286,21672.785714285714,21.0,0.0,40.5
2019-02-09,20427.0,433596.0,0.0,33.0,24.0,28.5,5,1,2,40,0,20235.0,23158.0,21209.0,20681.428571428572,21609.428571428572,36.5,0.0,44.0
2019-02-10,20275.0,425001.0,0.0,36.0,24.0,30.0,6,1,2,41,0,20427.0,20870.0,20227.0,20291.285714285714,21553.571428571428,35.0,0.0,28.5
2019-02-11,21000.0,442336.0,0.0,37.0,31.0,34.0,0,0,2,42,0,20275.0,19487.0,21908.0,20206.285714285714,21557.0,31.0,0.0,30.0
2019-02-12,22146.0,465223.0,0.7,35.0,26.0,30.5,1,0,2,43,0,21000.0,19898.0,22163.0,20422.428571428572,21492.14285714286,34.5,0.0,34.0
2019-02-13,22186.0,450198.0,0.06,42.0,33.0,37.5,2,0,2,44,0,22146.0,20528.0,23469.0,20743.571428571428,21490.928571428572,27.5,0.0,30.5
2019-02-14,21405.0,442685.0,0.0,46.0,33.0,39.5,3,0,2,45,0,22186.0,20594.0,24206.0,20980.428571428572,21399.285714285714,25.5,0.0,37.5
2019-02-15,20365.0,427708.0,0.0,56.0,41.0,48.5,4,0,2,46,0,21405.0,20235.0,24580.0,21096.285714285714,21199.214285714286,16.5,0.0,39.5
2019-02-16,19647.0,400614.0,0.0,46.0,32.0,39.0,5,1,2,47,0,20365.0,20427.0,23158.0,21114.85714285714,20898.14285714286,26.0,0.0,48.5
2019-02-17,18891.0,402858.0,0.04,37.0,26.0,31.5,6,1,2,48,0,19647.0,20275.0,20870.0,21003.428571428572,20647.35714285714,33.5,0.0,39.0
2019-02-18,20174.0,427115.0,0.1,42.0,26.0,34.0,0,0,2,49,1,18891.0,21000.0,19487.0,20805.714285714286,20506.0,31.0,0.0,31.5
2019-02-19,20892.0,451854.0,0.0,36.0,24.0,30.0,1,0,2,50,0,20174.0,22146.0,19898.0,20687.714285714286,20555.071428571428,35.0,0.0,34.0
2019-02-20,21469.0,463406.0,0.59,32.0,26.0,29.0,2,0,2,51,0,20892.0,22186.0,20528.0,20508.571428571428,20626.071428571428,36.0,0.0,30.0
2019-02-21,21672.0,435805.0,0.14,52.0,32.0,42.0,3,0,2,52,0,21469.0,21405.0,20594.0,20406.14285714286,20693.285714285714,23.0,0.0,29.0
2019-02-22,19632.0,421878.0,0.0,43.0,37.0,40.0,4,0,2,53,0,21672.0,20365.0,20235.0,20444.285714285714,20770.285714285714,25.0,0.0,42.0
2019-02-23,19713.0,405001.0,0.0,39.0,32.0,35.5,5,1,2,54,0,19632.0,19647.0,20427.0,20339.571428571428,20727.214285714286,29.5,0.0,40.0
2019-02-24,18643.0,394424.0,0.73,47.0,35.0,41.0,6,1,2,55,0,19713.0,18891.0,20275.0,20349.0,20676.214285714286,24.0,0.0,35.5
2019-02-25,20788.0,427983.0,0.0,43.0,28.0,35.5,0,0,2,56,0,18643.0,20174.0,21000.0,20313.571428571428,20559.64285714286,29.5,0.0,41.0
2019-02-26,21512.0,453202.0,0.0,37.0,25.0,31.0,1,0,2,57,0,20788.0,20892.0,22146.0,20401.285714285714,20544.5,34.0,0.0,35.5
2019-02-27,21709.0,467738.0,0.0,29.0,23.0,26.0,2,0,2,58,0,21512.0,21469.0,22186.0,20489.85714285714,20499.214285714286,39.0,0.0,31.0
2019-02-28,22163.0,456675.0,0.03,36.0,26.0,31.0,3,0,2,59,0,21709.0,21672.0,21405.0,20524.14285714286,20465.14285714286,34.0,0.0,26.0
2019-03-01,21291.0,450695.0,0.1,36.0,25.0,30.5,4,0,3,60,0,22163.0,19632.0,20365.0,20594.285714285714,20519.285714285714,34.5,0.0,31.0
2019-03-02,20284.0,418821.0,0.45,41.0,30.0,35.5,5,1,3,61,0,21291.0,19713.0,19647.0,20831.285714285714,20585.428571428572,29.5,0.0,30.5
2019-03-03,19122.0,399157.0,0.51,43.0,32.0,37.5,6,1,3,62,0,20284.0,18643.0,18891.0,20912.85714285714,20630.928571428572,27.5,0.0,35.5
2019-03-04,20297.0,432569.0,0.35,39.0,28.0,33.5,0,0,3,63,0,19122.0,20788.0,20174.0,20981.285714285714,20647.428571428572,31.5,0.0,37.5
2019-03-05,21169.0,453465.0,0.0,32.0,21.0,26.5,1,0,3,64,0,20297.0,21512.0,20892.0,20911.14285714286,20656.214285714286,38.5,0.0,33.5
2019-03-06,21639.0,467088.0,0.0,27.0,19.0,23.0,2,0,3,65,0,21169.0,21709.0,21469.0,20862.14285714286,20676.0,42.0,0.0,26.5
2019-03-07,22257.0,473325.0,0.0,33.0,19.0,26.0,3,0,3,66,0,21639.0,22163.0,21672.0,20852.14285714286,20688.14285714286,39.0,0.0,23.0
2019-03-08,21913.0,458344.0,0.0,38.0,24.0,31.0,4,0,3,67,0,22257.0,21291.0,19632.0,20865.571428571428,20729.928571428572,34.0,0.0,26.0
2019-03-09,20311.0,412054.0,0.0,47.0,34.0,40.5,5,1,3,68,0,21913.0,20284.0,19713.0,20954.428571428572,20892.85714285714,24.5,0.0,31.0
2019-03-10,18636.0,409300.0,0.66,44.0,34.0,39.0,6,1,3,69,0,20311.0,19122.0,18643.0,20958.285714285714,20935.571428571428,26.0,0.0,40.5
2019-03-11,19010.0,417504.0,0.0,53.0,39.0,46.0,0,0,3,70,0,18636.0,20297.0,20788.0,20888.85714285714,20935.071428571428,19.0,0.0,39.0
2019-03-12,19531.0,424012.0,0.0,43.0,34.0,38.5,1,0,3,71,0,19010.0,21169.0,21512.0,20705.0,20808.071428571428,26.5,0.0,46.0
2019-03-13,19750.0,427275.0,0.0,46.0,32.0,39.0,2,0,3,72,0,19531.0,21639.0,21709.0,20471.0,20666.571428571428,26.0,0.0,38.5
2019-03-14,19470.0,407171.0,0.0,57.0,41.0,49.0,3,0,3,73,0,19750.0,22257.0,22163.0,20201.14285714286,20526.64285714286,16.0,0.0,39.0
2019-03-15,18531.0,396354.0,0.27,72.0,48.0,60.0,4,0,3,74,0,19470.0,21913.0,21291.0,19803.0,20334.285714285714,5.0,0.0,49.0
2019-03-16,18063.0,378451.0,0.0,59.0,37.0,48.0,5,1,3,75,0,18531.0,20311.0,20284.0,19319.85714285714,20137.14285714286,17.0,0.0,60.0
2019-03-17,17825.0,384751.0,0.0,45.0,34.0,39.5,6,1,3,76,0,18063.0,18636.0,19122.0,18998.714285714286,19978.5,25.5,0.0,48.0
2019-03-18,18943.0,415733.0,0.0,46.0,33.0,39.5,0,0,3,77,0,17825.0,19010.0,20297.0,18882.85714285714,19885.85714285714,25.5,0.0,39.5
2019-03-19,19449.0,416285.0,0.0,49.0,36.0,42.5,1,0,3,78,0,18943.0,19531.0,21169.0,18873.285714285714,19789.14285714286,22.5,0.0,39.5
2019-03-20,19088.0,408294.0,0.0,51.0,37.0,44.0,2,0,3,79,0,19449.0,19750.0,21639.0,18861.571428571428,19666.285714285714,21.0,0.0,42.5
2019-03-21,18825.0,410270.0,0.69,45.0,40.0,42.5,3,0,3,80,0,19088.0,19470.0,22257.0,18767.0,19484.071428571428,22.5,0.0,44.0
2019-03-22,19060.0,414165.0,0.53,49.0,38.0,43.5,4,0,3,81,0,18825.0,18531.0,21913.0,18674.85714285714,19238.928571428572,21.5,0.0,42.5
2019-03-23,18922.0,397257.0,0.0,48.0,35.0,41.5,5,1,3,82,0,19060.0,18063.0,20311.0,18750.428571428572,19035.14285714286,23.5,0.0,43.5
2019-03-24,17868.0,378179.0,0.0,60.0,38.0,49.0,6,1,3,83,0,18922.0,17825.0,18636.0,18873.14285714286,18935.928571428572,16.0,0.0,41.5
2019-03-25,18061.0,393357.0,0.0,58.0,42.0,50.0,0,0,3,84,0,17868.0,18943.0,19010.0,18879.285714285714,18881.071428571428,15.0,0.0,49.0
2019-03-26,18556.0,405715.0,0.0,48.0,33.0,40.5,1,0,3,85,0,18061.0,19449.0,19531.0,18753.285714285714,18813.285714285714,24.5,0.0,50.0
2019-03-27,18836.0,407555.0,0.0,44.0,34.0,39.0,2,0,3,86,0,18556.0,19088.0,19750.0,18625.714285714286,18743.64285714286,26.0,0.0,40.5
2019-03-28,18747.0,406890.0,0.0,51.0,37.0,44.0,3,0,3,87,0,18836.0,18825.0,19470.0,18589.714285714286,18678.35714285714,21.0,0.0,39.0
2019-03-29,18530.0,397952.0,0.0,59.0,47.0,53.0,4,0,3,88,0,18747.0,19060.0,18531.0,18578.571428571428,18626.714285714286,12.0,0.0,44.0
2019-03-30,17691.0,362348.0,0.0,65.0,46.0,55.5,5,1,3,89,0,18530.0,18922.0,18063.0,18502.85714285714,18626.64285714286,9.5,0.0,53.0
2019-03-31,16946.0,358242.0,0.08,60.0,39.0,49.5,6,1,3,90,0,17691.0,17868.0,17825.0,18327.0,18600.071428571428,15.5,0.0,55.5
2019-04-01,18320.0,399958.0,0.0,46.0,33.0,39.5,0,0,4,91,0,16946.0,18061.0,18943.0,18195.285714285714,18537.285714285714,25.5,0.0,49.5
2019-04-02,18777.0,403284.0,0.0,50.0,37.0,43.5,1,0,4,92,0,18320.0,18556.0,19449.0,18232.285714285714,18492.785714285714,21.5,0.0,39.5
2019-04-03,18586.0,391191.0,0.0,67.0,41.0,54.0,2,0,4,93,0,18777.0,18836.0,19088.0,18263.85714285714,18444.785714285714,11.0,0.0,43.5
2019-04-04,18016.0,388626.0,0.0,59.0,44.0,51.5,3,0,4,94,0,18586.0,18747.0,18825.0,18228.14285714286,18408.928571428572,13.5,0.0,54.0
2019-04-05,18662.0,405981.0,0.23,45.0,39.0,42.0,4,0,4,95,0,18016.0,18530.0,19060.0,18123.714285714286,18351.14285714286,23.0,0.0,51.5
2019-04-06,18575.0,368087.0,0.0,66.0,39.0,52.5,5,1,4,96,0,18662.0,17691.0,18922.0,18142.571428571428,18322.714285714286,12.5,0.0,42.0
2019-04-07,16141.0,343137.0,0.0,63.0,47.0,55.0,6,1,4,97,0,18575.0,16946.0,17868.0,18268.85714285714,18297.928571428572,10.0,0.0,52.5
2019-04-08,17489.0,375443.0,0.25,79.0,47.0,63.0,0,0,4,98,0,16141.0,18320.0,18061.0,18153.85714285714,18174.571428571428,2.0,0.0,55.0
2019-04-09,17741.0,380884.0,0.02,50.0,43.0,46.5,1,0,4,99,0,17489.0,18777.0,18556.0,18035.14285714286,18133.714285714286,18.5,0.0,63.0
2019-04-10,17873.0,382898.0,0.0,58.0,44.0,51.0,2,0,4,100,0,17741.0,18586.0,18836.0,17887.14285714286,18075.5,14.0,0.0,46.5
2019-04-11,17941.0,394093.0,0.0,52.0,40.0,46.0,3,0,4,101,0,17873.0,18016.0,18747.0,17785.285714285714,18006.714285714286,19.0,0.0,51.0
2019-04-12,18097.0,387232.0,0.48,66.0,45.0,55.5,4,0,4,102,0,17941.0,18662.0,18530.0,17774.571428571428,17949.14285714286,9.5,0.0,46.0
2019-04-13,17136.0,349407.0,0.28,75.0,58.0,66.5,5,1,4,103,0,18097.0,18575.0,17691.0,17693.85714285714,17918.214285714286,0.0,1.5,55.5
2019-04-14,16352.0,347253.0,0.0,70.0,56.0,63.0,6,1,4,104,0,17136.0,16141.0,16946.0,17488.285714285714,17878.571428571428,2.0,0.0,66.5
2019-04-15,17733.0,379001.0,0.78,62.0,45.0,53.5,0,0,4,105,0,16352.0,17489.0,18320.0,17518.428571428572,17836.14285714286,11.5,0.0,63.0
2019-04-16,17865.0,380862.0,0.0,64.0,44.0,54.0,1,0,4,106,0,17733.0,17741.0,18777.0,17553.285714285714,17794.214285714286,11.0,0.0,53.5
2019-04-17,17410.0,369006.0,0.01,61.0,47.0,54.0,2,0,4,107,0,17865.0,17873.0,18586.0,17571.0,17729.071428571428,11.0,0.0,54.0
2019-04-18,17390.0,362223.0,0.0,63.0,50.0,56.5,3,0,4,108,0,17410.0,17941.0,18016.0,17504.85714285714,17645.071428571428,8.5,0.0,54.0
2019-04-19,17123.0,367634.0,0.1,76.0,55.0,65.5,4,0,4,109,0,17390.0,18097.0,18662.0,17426.14285714286,17600.35714285714,0.0,0.5,56.5
2019-04-20,16833.0,351171.0,0.58,63.0,54.0,58.5,5,1,4,110,0,17123.0,17136.0,18575.0,17287.0,17490.428571428572,6.5,0.0,65.5
2019-04-21,15849.0,331395.0,0.0,64.0,51.0,57.5,6,1,4,111,0,16833.0,16352.0,16141.0,17243.714285714286,17366.0,7.5,0.0,58.5
2019-04-22,16819.0,359868.0,0.29,60.0,49.0,54.5,0,0,4,112,0,15849.0,17733.0,17489.0,17171.85714285714,17345.14285714286,10.5,0.0,57.5
2019-04-23,17065.0,367338.0,0.1,75.0,54.0,64.5,1,0,4,113,0,16819.0,17865.0,17741.0,17041.285714285714,17297.285714285714,0.5,0.0,54.5
2019-04-24,17123.0,367630.0,0.01,68.0,54.0,61.0,2,0,4,114,0,17065.0,17410.0,17873.0,16927.0,17249.0,4.0,0.0,64.5
2019-04-25,17131.0,362839.0,0.01,63.0,49.0,56.0,3,0,4,115,0,17123.0,17390.0,17941.0,16886.0,17195.428571428572,9.0,0.0,61.0
2019-04-26,17327.0,370391.0,1.1,61.0,50.0,55.5,4,0,4,116,0,17131.0,17123.0,18097.0,16849.0,17137.571428571428,9.5,0.0,56.0
2019-04-27,16996.0,351683.0,0.11,57.0,48.0,52.5,5,1,4,117,0,17327.0,16833.0,17136.0,16878.14285714286,17082.571428571428,12.5,0.0,55.5
2019-04-28,16155.0,347093.0,0.0,52.0,46.0,49.0,6,1,4,118,0,16996.0,15849.0,16352.0,16901.428571428572,17072.571428571428,16.0,0.0,52.5
2019-04-29,17145.0,369218.0,0.02,59.0,44.0,51.5,0,0,4,119,0,16155.0,16819.0,17733.0,16945.14285714286,17058.5,13.5,0.0,49.0
2019-04-30,17401.0,376665.0,0.05,57.0,48.0,52.5,1,0,4,120,0,17145.0,17065.0,17865.0,16991.714285714286,17016.5,12.5,0.0,51.5
2019-05-01,17311.0,377862.0,0.01,55.0,48.0,51.5,2,0,5,121,0,17401.0,17123.0,17410.0,17039.714285714286,16983.35714285714,13.5,0.0,52.5
2019-05-02,17355.0,376136.0,0.0,71.0,47.0,59.0,3,0,5,122,0,17311.0,17131.0,17390.0,17066.571428571428,16976.285714285714,6.0,0.0,51.5
2019-05-03,17192.0,372401.0,0.13,52.0,48.0,50.0,4,0,5,123,0,17355.0,17327.0,17123.0,17098.571428571428,16973.785714285714,15.0,0.0,59.0
2019-05-04,16702.0,346458.0,0.06,68.0,50.0,59.0,5,1,5,124,0,17192.0,16996.0,16833.0,17079.285714285714,16978.714285714286,6.0,0.0,50.0
2019-05-05,15943.0,339671.0,1.33,54.0,49.0,51.5,6,1,5,125,0,16702.0,16155.0,15849.0,17037.285714285714,16969.35714285714,13.5,0.0,59.0
2019-05-06,16851.0,361207.0,0.0,67.0,49.0,58.0,0,0,5,126,0,15943.0,17145.0,16819.0,17007.0,16976.071428571428,7.0,0.0,51.5
2019-05-07,17202.0,367895.0,0.06,65.0,51.0,58.0,1,0,5,127,0,16851.0,17401.0,17065.0,16965.0,16978.35714285714,7.0,0.0,58.0
2019-05-08,17244.0,367124.0,0.0,68.0,54.0,61.0,2,0,5,128,0,17202.0,17311.0,17123.0,16936.571428571428,16988.14285714286,4.0,0.0,58.0
2019-05-09,17002.0,369367.0,0.0,61.0,52.0,56.5,3,0,5,129,0,17244.0,17355.0,17131.0,16927.0,16996.785714285714,8.5,0.0,61.0
2019-05-10,17395.0,375730.0,0.04,73.0,56.0,64.5,4,0,5,130,0,17002.0,17192.0,17327.0,16876.571428571428,16987.571428571428,0.5,0.0,56.5
2019-05-11,17004.0,340901.0,0.01,70.0,57.0,63.5,5,1,5,131,0,17395.0,16702.0,16996.0,16905.571428571428,16992.428571428572,1.5,0.0,64.5
2019-05-12,15877.0,342457.0,1.22,59.0,44.0,51.5,6,1,5,132,0,17004.0,15943.0,16155.0,16948.714285714286,16993.0,13.5,0.0,63.5
2019-05-13,18234.0,380857.0,0.59,50.0,42.0,46.0,0,0,5,133,0,15877.0,16851.0,17145.0,16939.285714285714,16973.14285714286,19.0,0.0,51.5
2019-05-14,17906.0,386181.0,0.2,52.0,44.0,48.0,1,0,5,134,0,18234.0,17202.0,17401.0,17136.85714285714,17050.928571428572,17.0,0.0,46.0
2019-05-15,17644.0,374094.0,0.02,69.0,47.0,58.0,2,0,5,135,0,17906.0,17244.0,17311.0,17237.428571428572,17087.0,7.0,0.0,48.0
2019-05-16,16962.0,368247.0,0.09,73.0,55.0,64.0,3,0,5,136,0,17644.0,17002.0,17355.0,17294.571428571428,17110.785714285714,1.0,0.0,58.0
2019-05-17,17442.0,374960.0,0.03,78.0,63.0,70.5,4,0,5,137,0,16962.0,17395.0,17192.0,17288.85714285714,17082.714285714286,0.0,5.5,64.0
2019-05-18,16985.0,343954.0,0.0,75.0,59.0,67.0,5,1,5,138,0,17442.0,17004.0,16702.0,17295.571428571428,17100.571428571428,0.0,2.0,70.5
2019-05-19,17556.0,345642.0,0.03,76.0,60.0,68.0,6,1,5,139,0,16985.0,15877.0,15943.0,17292.85714285714,17120.785714285714,0.0,3.0,67.0
2019-05-20,20524.0,413424.0,0.0,89.0,65.0,77.0,0,0,5,140,0,17556.0,18234.0,16851.0,17532.714285714286,17236.0,0.0,12.0,68.0
2019-05-21,19868.0,389212.0,0.0,71.0,57.0,64.0,1,0,5,141,0,20524.0,17906.0,17202.0,17859.85714285714,17498.35714285714,1.0,0.0,77.0
2019-05-22,17902.0,374635.0,0.0,76.0,57.0,66.5,2,0,5,142,0,19868.0,17644.0,17244.0,18140.14285714286,17688.785714285714,0.0,1.5,64.0
2019-05-23,18391.0,386342.0,0.48,75.0,58.0,66.5,3,0,5,143,0,17902.0,16962.0,17002.0,18177.0,17735.785714285714,0.0,1.5,66.5
2019-05-24,17912.0,389159.0,0.0,74.0,63.0,68.5,4,0,5,144,0,18391.0,17442.0,17395.0,18381.14285714286,17835.0,0.0,3.5,66.5
2019-05-25,17280.0,351860.0,0.0,70.0,57.0,63.5,5,1,5,145,0,17912.0,16985.0,17004.0,18448.285714285714,17871.928571428572,1.5,0.0,68.5
2019-05-26,18388.0,363891.0,0.25,89.0,62.0,75.5,6,1,5,146,0,17280.0,17556.0,15877.0,18490.428571428572,17891.64285714286,0.0,10.5,63.5
2019-05-27,18263.0,377363.0,0.0,81.0,66.0,73.5,0,0,5,147,1,18388.0,20524.0,18234.0,18609.285714285714,18071.0,0.0,8.5,75.5
2019-05-28,18757.0,402737.0,0.19,71.0,62.0,66.5,1,0,5,148,0,18263.0,19868.0,17906.0,18286.285714285714,18073.071428571428,0.0,1.5,73.5
2019-05-29,18323.0,397589.0,0.83,68.0,56.0,62.0,2,0,5,149,0,18757.0,17902.0,17644.0,18127.571428571428,18133.85714285714,3.0,0.0,66.5
2019-05-30,18158.0,386400.0,0.8,68.0,56.0,62.0,3,0,5,150,0,18323.0,18391.0,16962.0,18187.714285714286,18182.35714285714,3.0,0.0,62.0
2019-05-31,19626.0,401414.0,0.0,81.0,61.0,71.0,4,0,5,151,0,18158.0,17912.0,17442.0,18154.428571428572,18267.785714285714,0.0,6.0,62.0
2019-06-01,18778.0,385726.0,0.0,80.0,63.0,71.5,5,1,6,152,0,19626.0,17280.0,16985.0,18399.285714285714,18423.785714285714,0.0,6.5,71.0
2019-06-02,18382.0,381849.0,0.39,83.0,63.0,73.0,6,1,6,153,0,18778.0,18388.0,17556.0,18613.285714285714,18551.85714285714,0.0,8.0,71.5
2019-06-03,18209.0,391765.0,0.0,72.0,60.0,66.0,0,0,6,154,0,18382.0,18263.0,20524.0,18612.428571428572,18610.85714285714,0.0,1.0,73.0
2019-06-04,18202.0,382684.0,0.0,73.0,57.0,65.0,1,0,6,155,0,18209.0,18757.0,19868.0,18604.714285714286,18445.5,0.0,0.0,66.0
2019-06-05,20642.0,406399.0,0.0,82.0,66.0,74.0,2,0,6,156,0,18202.0,18323.0,17902.0,18525.428571428572,18326.5,0.0,9.0,65.0
2019-06-06,21914.0,447262.0,0.05,83.0,71.0,77.0,3,0,6,157,0,20642.0,18158.0,18391.0,18856.714285714286,18522.214285714286,0.0,12.0,74.0
2019-06-07,21137.0,439815.0,0.0,81.0,63.0,72.0,4,0,6,158,0,21914.0,19626.0,17912.0,19393.285714285714,18773.85714285714,0.0,7.0,77.0
2019-06-08,19721.0,399156.0,0.0,80.0,63.0,71.5,5,1,6,159,0,21137.0,18778.0,17280.0,19609.14285714286,19004.214285714286,0.0,6.5,72.0
2019-06-09,18521.0,377400.0,0.0,78.0,61.0,69.5,6,1,6,160,0,19721.0,18382.0,18388.0,19743.85714285714,19178.571428571428,0.0,4.5,71.5
2019-06-10,19649.0,407792.0,0.78,70.0,59.0,64.5,0,0,6,161,0,18521.0,18209.0,18263.0,19763.714285714286,19188.071428571428,0.5,0.0,69.5
2019-06-11,19667.0,415565.0,0.37,77.0,64.0,70.5,1,0,6,162,0,19649.0,18202.0,18757.0,19969.428571428572,19287.071428571428,0.0,5.5,64.5
2019-06-12,19561.0,403579.0,0.0,74.0,62.0,68.0,2,0,6,163,0,19667.0,20642.0,18323.0,20178.714285714286,19352.071428571428,0.0,3.0,70.5
2019-06-13,18591.0,398571.0,0.65,65.0,57.0,61.0,3,0,6,164,0,19561.0,21914.0,18158.0,20024.285714285714,19440.5,4.0,0.0,68.0
2019-06-14,18068.0,388992.0,0.0,76.0,61.0,68.5,4,0,6,165,0,18591.0,21137.0,19626.0,19549.571428571428,19471.428571428572,0.0,3.5,61.0
2019-06-15,17848.0,374102.0,0.0,84.0,62.0,73.0,5,1,6,166,0,18068.0,19721.0,18778.0,19111.14285714286,19360.14285714286,0.0,8.0,68.5
2019-06-16,18336.0,385731.0,0.03,83.0,68.0,75.5,6,1,6,167,0,17848.0,18521.0,18382.0,18843.571428571428,19293.714285714286,0.0,10.5,73.0
2019-06-17,20834.0,432266.0,0.0,76.0,70.0,73.0,0,0,6,168,0,18336.0,19649.0,18209.0,18817.14285714286,19290.428571428572,0.0,8.0,75.5
2019-06-18,20775.0,441026.0,0.63,75.0,65.0,70.0,1,0,6,169,0,20834.0,19667.0,18202.0,18986.428571428572,19477.928571428572,0.0,5.0,73.0
2019-06-19,20842.0,438058.0,0.06,72.0,64.0,68.0,2,0,6,170,0,20775.0,19561.0,20642.0,19144.714285714286,19661.714285714286,0.0,3.0,70.0
2019-06-20,21518.0,445086.0,0.91,78.0,62.0,70.0,3,0,6,171,0,20842.0,18591.0,21914.0,19327.714285714286,19676.0,0.0,5.0,68.0
2019-06-21,20771.0,439578.0,0.54,78.0,65.0,71.5,4,0,6,172,0,21518.0,18068.0,21137.0,19745.85714285714,19647.714285714286,0.0,6.5,70.0
2019-06-22,19171.0,393255.0,0.0,80.0,63.0,71.5,5,1,6,173,0,20771.0,17848.0,19721.0,20132.0,19621.571428571428,0.0,6.5,71.5
2019-06-23,20595.0,395683.0,0.0,86.0,67.0,76.5,6,1,6,174,0,19171.0,18336.0,18521.0,20321.0,19582.285714285714,0.0,11.5,71.5
2019-06-24,23307.0,458279.0,0.0,86.0,70.0,78.0,0,0,6,175,0,20595.0,20834.0,19649.0,20643.714285714286,19730.428571428572,0.0,13.0,76.5
2019-06-25,24614.0,492433.0,0.42,87.0,71.0,79.0,1,0,6,176,0,23307.0,20775.0,19667.0,20997.0,19991.714285714286,0.0,14.0,78.0
2019-06-26,26221.0,509360.0,0.0,90.0,69.0,79.5,2,0,6,177,0,24614.0,20842.0,19561.0,21545.428571428572,20345.071428571428,0.0,14.5,79.0
2019-06-27,26684.0,525884.0,0.0,90.0,72.0,81.0,3,0,6,178,0,26221.0,21518.0,18591.0,22313.85714285714,20820.785714285714,0.0,16.0,79.5
2019-06-28,27190.0,532679.0,0.0,93.0,71.0,82.0,4,0,6,179,0,26684.0,20771.0,18068.0,23051.85714285714,21398.85714285714,0.0,17.0,81.0
2019-06-29,25287.0,517894.0,0.04,94.0,76.0,85.0,5,1,6,180,0,27190.0,19171.0,17848.0,23968.85714285714,22050.428571428572,0.0,20.0,82.0
2019-06-30,23461.0,466267.0,0.02,85.0,71.0,78.0,6,1,6,181,0,25287.0,20595.0,18336.0,24842.571428571428,22581.785714285714,0.0,13.0,85.0
2019-07-01,24821.0,469478.0,0.0,88.0,67.0,77.5,0,0,7,182,0,23461.0,23307.0,20834.0,25252.0,22947.85714285714,0.0,12.5,78.0
2019-07-02,25350.0,504437.0,0.01,88.0,75.0,81.5,1,0,7,183,0,24821.0,24614.0,20775.0,25468.285714285714,23232.64285714286,0.0,16.5,77.5
2019-07-03,27054.0,540367.0,0.0,87.0,75.0,81.0,2,0,7,184,0,25350.0,26221.0,20842.0,25573.428571428572,23559.428571428572,0.0,16.0,81.5
2019-07-04,25865.0,519505.0,0.0,93.0,71.0,82.0,3,0,7,185,1,27054.0,26684.0,21518.0,25692.428571428572,24003.14285714286,0.0,17.0,81.0
2019-07-05,26897.0,535842.0,0.0,85.0,72.0,78.5,4,0,7,186,0,25865.0,27190.0,20771.0,25575.428571428572,24313.64285714286,0.0,13.5,82.0
2019-07-06,25659.0,542249.0,0.0,93.0,76.0,84.5,5,1,7,187,0,26897.0,25287.0,19171.0,25533.571428571428,24751.214285714286,0.0,19.5,78.5
2019-07-07,23943.0,491095.0,0.0,85.0,73.0,79.0,6,1,7,188,0,25659.0,23461.0,20595.0,25586.714285714286,25214.64285714286,0.0,14.0,84.5
2019-07-08,23945.0,483584.0,0.02,82.0,69.0,75.5,0,0,7,189,0,23943.0,24821.0,23307.0,25655.571428571428,25453.785714285714,0.0,10.5,79.0
2019-07-09,26711.0,503595.0,0.0,89.0,71.0,80.0,1,0,7,190,0,23945.0,25350.0,24614.0,25530.428571428572,25499.35714285714,0.0,15.0,75.5
2019-07-10,28593.0,545973.0,0.0,91.0,74.0,82.5,2,0,7,191,0,26711.0,27054.0,26221.0,25724.85714285714,25649.14285714286,0.0,17.5,80.0
2019-07-11,27322.0,567094.0,0.72,86.0,74.0,80.0,3,0,7,192,0,28593.0,25865.0,26684.0,25944.714285714286,25818.571428571428,0.0,15.0,82.5
2019-07-12,25997.0,537966.0,0.0,89.0,74.0,81.5,4,0,7,193,0,27322.0,26897.0,27190.0,26152.85714285714,25864.14285714286,0.0,16.5,80.0
2019-07-13,24811.0,494720.0,0.0,89.0,72.0,80.5,5,1,7,194,0,25997.0,25659.0,25287.0,26024.285714285714,25778.928571428572,0.0,15.5,81.5
2019-07-14,25393.0,509050.0,0.0,92.0,78.0,85.0,6,1,7,195,0,24811.0,23943.0,23461.0,25903.14285714286,25744.928571428572,0.0,20.0,80.5
2019-07-15,26951.0,526133.0,0.0,89.0,72.0,80.5,0,0,7,196,0,25393.0,23945.0,24821.0,26110.285714285714,25882.928571428572,0.0,15.5,85.0
2019-07-16,29240.0,556150.0,0.0,94.0,73.0,83.5,1,0,7,197,0,26951.0,26711.0,25350.0,26539.714285714286,26035.071428571428,0.0,18.5,80.5
2019-07-17,29381.0,603403.0,2.67,95.0,73.0,84.0,2,0,7,198,0,29240.0,28593.0,27054.0,26901.0,26312.928571428572,0.0,19.0,83.5
2019-07-18,28273.0,568317.0,0.32,78.0,71.0,74.5,3,0,7,199,0,29381.0,27322.0,25865.0,27013.571428571428,26479.14285714286,0.0,9.5,84.0
2019-07-19,29322.0,567487.0,0.0,95.0,71.0,83.0,4,0,7,200,0,28273.0,25997.0,26897.0,27149.428571428572,26651.14285714286,0.0,18.0,74.5
2019-07-20,30397.0,619487.0,0.0,99.0,83.0,91.0,5,1,7,201,0,29322.0,24811.0,25659.0,27624.428571428572,26824.35714285714,0.0,26.0,83.0
2019-07-21,30339.0,622379.0,0.01,100.0,83.0,91.5,6,1,7,202,0,30397.0,25393.0,23943.0,28422.428571428572,27162.785714285714,0.0,26.5,91.0
2019-07-22,29229.0,594258.0,1.24,91.0,74.0,82.5,0,0,7,203,0,30339.0,26951.0,23945.0,29129.0,27619.64285714286,0.0,17.5,91.5
2019-07-23,24747.0,508203.0,0.52,77.0,68.0,72.5,1,0,7,204,0,29229.0,29240.0,26711.0,29454.428571428572,27997.071428571428,0.0,7.5,82.5
2019-07-24,24490.0,486268.0,0.02,85.0,69.0,77.0,2,0,7,205,0,24747.0,29381.0,28593.0,28812.571428571428,27856.785714285714,0.0,12.0,72.5
2019-07-25,25021.0,498705.0,0.0,86.0,72.0,79.0,3,0,7,206,0,24490.0,28273.0,27322.0,28113.85714285714,27563.714285714286,0.0,14.0,77.0
2019-07-26,26319.0,515754.0,0.0,88.0,72.0,80.0,4,0,7,207,0,25021.0,29322.0,25997.0,27649.285714285714,27399.35714285714,0.0,15.0,79.0
2019-07-27,24771.0,501020.0,0.0,87.0,75.0,81.0,5,1,7,208,0,26319.0,30397.0,24811.0,27220.285714285714,27422.35714285714,0.0,16.0,80.0
2019-07-28,26487.0,513791.0,0.0,93.0,75.0,84.0,6,1,7,209,0,24771.0,30339.0,25393.0,26416.571428571428,27419.5,0.0,19.0,81.0
2019-07-29,30383.0,586470.0,0.0,94.0,77.0,85.5,0,0,7,210,0,26487.0,29229.0,26951.0,25866.285714285714,27497.64285714286,0.0,20.5,84.0
2019-07-30,30068.0,612850.0,0.0,95.0,81.0,88.0,1,0,7,211,0,30383.0,24747.0,29240.0,26031.14285714286,27742.785714285714,0.0,23.0,85.5
2019-07-31,28445.0,580057.0,0.58,90.0,72.0,81.0,2,0,7,212,0,30068.0,24490.0,29381.0,26791.285714285714,27801.928571428572,0.0,16.0,88.0
2019-08-01,26715.0,531323.0,0.0,88.0,73.0,80.5,3,0,8,213,0,28445.0,25021.0,28273.0,27356.285714285714,27735.071428571428,0.0,15.5,81.0
2019-08-02,25839.0,523010.0,0.0,88.0,73.0,80.5,4,0,8,214,0,26715.0,26319.0,29322.0,27598.285714285714,27623.785714285714,0.0,15.5,80.5
2019-08-03,24967.0,505902.0,0.12,89.0,70.0,79.5,5,1,8,215,0,25839.0,24771.0,30397.0,27529.714285714286,27375.0,0.0,14.5,80.5
2019-08-04,24252.0,492117.0,0.0,88.0,71.0,79.5,6,1,8,216,0,24967.0,26487.0,30339.0,27557.714285714286,26987.14285714286,0.0,14.5,79.5
2019-08-05,25328.0,504239.0,0.0,81.0,71.0,76.0,0,0,8,217,0,24252.0,30383.0,29229.0,27238.428571428572,26552.35714285714,0.0,11.0,79.5
2019-08-06,25098.0,518893.0,0.0,83.0,72.0,77.5,1,0,8,218,0,25328.0,30068.0,24747.0,26516.285714285714,26273.714285714286,0.0,12.5,76.0
2019-08-07,25859.0,526226.0,0.62,87.0,70.0,78.5,2,0,8,219,0,25098.0,28445.0,24490.0,25806.285714285714,26298.785714285714,0.0,13.5,77.5
2019-08-08,26088.0,517051.0,0.1,92.0,70.0,81.0,3,0,8,220,0,25859.0,26715.0,25021.0,25436.85714285714,26396.571428571428,0.0,16.0,78.5
2019-08-09,24412.0,498447.0,0.0,87.0,72.0,79.5,4,0,8,221,0,26088.0,25839.0,26319.0,25347.285714285714,26472.785714285714,0.0,14.5,81.0
2019-08-10,22292.0,442443.0,0.0,83.0,70.0,76.5,5,1,8,222,0,24412.0,24967.0,24771.0,25143.428571428572,26336.571428571428,0.0,11.5,79.5
2019-08-11,20710.0,414829.0,0.0,83.0,68.0,75.5,6,1,8,223,0,22292.0,24252.0,26487.0,24761.285714285714,26159.5,0.0,10.5,76.5
2019-08-12,25402.0,480101.0,0.0,89.0,72.0,80.5,0,0,8,224,0,20710.0,25328.0,30383.0,24255.285714285714,25746.85714285714,0.0,15.5,75.5
2019-08-13,24314.0,517395.0,0.02,80.0,75.0,77.5,1,0,8,225,0,25402.0,25098.0,30068.0,24265.85714285714,25391.071428571428,0.0,12.5,80.5
2019-08-14,24422.0,510127.0,0.0,83.0,72.0,77.5,2,0,8,226,0,24314.0,25859.0,28445.0,24153.85714285714,24980.071428571428,0.0,12.5,77.5
2019-08-15,25035.0,503116.0,0.0,85.0,72.0,78.5,3,0,8,227,0,24422.0,26088.0,26715.0,23948.571428571428,24692.714285714286,0.0,13.5,77.5
2019-08-16,24531.0,496525.0,0.0,83.0,70.0,76.5,4,0,8,228,0,25035.0,24412.0,25839.0,23798.14285714286,24572.714285714286,0.0,11.5,78.5
2019-08-17,24042.0,492938.0,0.0,86.0,73.0,79.5,5,1,8,229,0,24531.0,22292.0,24967.0,23815.14285714286,24479.285714285714,0.0,14.5,76.5
2019-08-18,26225.0,506219.0,0.59,91.0,74.0,82.5,6,1,8,230,0,24042.0,20710.0,24252.0,24065.14285714286,24413.214285714286,0.0,17.5,79.5
2019-08-19,28488.0,554571.0,0.0,93.0,75.0,84.0,0,0,8,231,0,26225.0,25402.0,25328.0,24853.0,24554.14285714286,0.0,19.0,82.5
2019-08-20,27882.0,552474.0,0.0,89.0,76.0,82.5,1,0,8,232,0,28488.0,24314.0,25098.0,25293.85714285714,24779.85714285714,0.0,17.5,84.0
2019-08-21,28182.0,566819.0,0.35,91.0,78.0,84.5,2,0,8,233,0,27882.0,24422.0,25859.0,25803.571428571428,24978.714285714286,0.0,19.5,82.5
2019-08-22,26896.0,556993.0,1.18,93.0,71.0,82.0,3,0,8,234,0,28182.0,25035.0,26088.0,26340.714285714286,25144.64285714286,0.0,17.0,84.5
2019-08-23,25338.0,484719.0,0.06,76.0,66.0,71.0,4,0,8,235,0,26896.0,24531.0,24412.0,26606.571428571428,25202.35714285714,0.0,6.0,82.0
2019-08-24,20040.0,405104.0,0.0,77.0,64.0,70.5,5,1,8,236,0,25338.0,24042.0,22292.0,26721.85714285714,25268.5,0.0,5.5,71.0
2019-08-25,18619.0,389016.0,0.0,77.0,66.0,71.5,6,1,8,237,0,20040.0,26225.0,20710.0,26150.14285714286,25107.64285714286,0.0,6.5,70.5
2019-08-26,20528.0,415512.0,0.0,74.0,61.0,67.5,0,0,8,238,0,18619.0,28488.0,25402.0,25063.571428571428,24958.285714285714,0.0,2.5,71.5
2019-08-27,20400.0,423966.0,0.0,76.0,65.0,70.5,1,0,8,239,0,20528.0,27882.0,24314.0,23926.428571428572,24610.14285714286,0.0,5.5,67.5
2019-08-28,21721.0,449617.0,0.1,76.0,69.0,72.5,2,0,8,240,0,20400.0,28182.0,24422.0,22857.571428571428,24330.571428571428,0.0,7.5,70.5
2019-08-29,22349.0,455382.0,0.0,84.0,69.0,76.5,3,0,8,241,0,21721.0,26896.0,25035.0,21934.571428571428,24137.64285714286,0.0,11.5,72.5
2019-08-30,23376.0,458477.0,0.0,89.0,70.0,79.5,4,0,8,242,0,22349.0,25338.0,24531.0,21285.0,23945.785714285714,0.0,14.5,76.5
2019-08-31,21997.0,430786.0,0.0,82.0,71.0,76.5,5,1,8,243,0,23376.0,20040.0,24042.0,21004.714285714286,23863.285714285714,0.0,11.5,79.5
2019-09-01,18972.0,392925.0,0.0,78.0,65.0,71.5,6,1,9,244,0,21997.0,18619.0,26225.0,21284.285714285714,23717.214285714286,0.0,6.5,76.5
2019-09-02,19848.0,409786.0,0.51,79.0,70.0,74.5,0,0,9,245,1,18972.0,20528.0,28488.0,21334.714285714286,23199.14285714286,0.0,9.5,71.5
2019-09-03,22990.0,454620.0,0.0,82.0,69.0,75.5,1,0,9,246,0,19848.0,20400.0,27882.0,21237.571428571428,22582.0,0.0,10.5,74.5
2019-09-04,24222.0,481406.0,0.0,89.0,70.0,79.5,2,0,9,247,0,22990.0,21721.0,28182.0,21607.571428571428,22232.571428571428,0.0,14.5,75.5
2019-09-05,23389.0,450296.0,0.0,74.0,65.0,69.5,3,0,9,248,0,24222.0,22349.0,26896.0,21964.85714285714,21949.714285714286,0.0,4.5,79.5
2019-09-06,19951.0,414840.0,0.03,69.0,60.0,64.5,4,0,9,249,0,23389.0,23376.0,25338.0,22113.428571428572,21699.214285714286,0.5,0.0,69.5
2019-09-07,18004.0,369639.0,0.0,77.0,58.0,67.5,5,1,9,250,0,19951.0,21997.0,20040.0,21624.14285714286,21314.428571428572,0.0,2.5,64.5
2019-09-08,18114.0,371978.0,0.0,79.0,67.0,73.0,6,1,9,251,0,18004.0,18972.0,18619.0,21053.714285714286,21169.0,0.0,8.0,67.5
2019-09-09,20413.0,416299.0,0.0,77.0,66.0,71.5,0,0,9,252,0,18114.0,19848.0,20528.0,20931.14285714286,21132.928571428572,0.0,6.5,73.0
2019-09-10,21329.0,433632.0,0.0,78.0,68.0,73.0,1,0,9,253,0,20413.0,22990.0,20400.0,21011.85714285714,21124.714285714286,0.0,8.0,71.5
2019-09-11,26080.0,483910.0,0.0,91.0,70.0,80.5,2,0,9,254,0,21329.0,24222.0,21721.0,20774.571428571428,21191.071428571428,0.0,15.5,73.0
2019-09-12,25158.0,493689.0,0.07,83.0,64.0,73.5,3,0,9,255,0,26080.0,23389.0,22349.0,21040.0,21502.428571428572,0.0,8.5,80.5
2019-09-13,20493.0,408595.0,0.0,73.0,60.0,66.5,4,0,9,256,0,25158.0,19951.0,23376.0,21292.714285714286,21703.071428571428,0.0,1.5,73.5
2019-09-14,18188.0,384199.0,0.0,78.0,63.0,70.5,5,1,9,257,0,20493.0,18004.0,21997.0,21370.14285714286,21497.14285714286,0.0,5.5,66.5
2019-09-15,19913.0,403619.0,0.0,85.0,71.0,78.0,6,1,9,258,0,18188.0,18114.0,18972.0,21396.428571428572,21225.071428571428,0.0,13.0,70.5
2019-09-16,20767.0,435819.0,0.0,77.0,70.0,73.5,0,0,9,259,0,19913.0,20413.0,19848.0,21653.428571428572,21292.285714285714,0.0,8.5,78.0
2019-09-17,20527.0,416611.0,0.0,79.0,63.0,71.0,1,0,9,260,0,20767.0,21329.0,22990.0,21704.0,21357.928571428572,0.0,6.0,73.5
2019-09-18,19387.0,398888.0,0.0,70.0,58.0,64.0,2,0,9,261,0,20527.0,26080.0,24222.0,21589.428571428572,21182.0,1.0,0.0,71.0
2019-09-19,18469.0,384360.0,0.0,71.0,54.0,62.5,3,0,9,262,0,19387.0,25158.0,23389.0,20633.285714285714,20836.64285714286,2.5,0.0,64.0
2019-09-20,19269.0,390507.0,0.0,79.0,60.0,69.5,4,0,9,263,0,18469.0,20493.0,19951.0,19677.714285714286,20485.214285714286,0.0,4.5,62.5
2019-09-21,19403.0,388084.0,0.0,86.0,63.0,74.5,5,1,9,264,0,19269.0,18188.0,18004.0,19502.85714285714,20436.5,0.0,9.5,69.5
2019-09-22,21661.0,411605.0,0.0,86.0,68.0,77.0,6,1,9,265,0,19403.0,19913.0,18114.0,19676.428571428572,20536.428571428572,0.0,12.0,74.5
2019-09-23,24587.0,487930.0,0.03,90.0,72.0,81.0,0,0,9,266,0,21661.0,20767.0,20413.0,19926.14285714286,20789.785714285714,0.0,16.0,77.0
2019-09-24,23873.0,456820.0,0.0,76.0,67.0,71.5,1,0,9,267,0,24587.0,20527.0,21329.0,20471.85714285714,21087.928571428572,0.0,6.5,81.0
2019-09-25,20520.0,414936.0,0.0,79.0,62.0,70.5,2,0,9,268,0,23873.0,19387.0,26080.0,20949.85714285714,21269.64285714286,0.0,5.5,71.5
2019-09-26,20864.0,431225.0,0.0,82.0,67.0,74.5,3,0,9,269,0,20520.0,18469.0,25158.0,21111.714285714286,20872.5,0.0,9.5,70.5
2019-09-27,19711.0,404979.0,0.0,78.0,63.0,70.5,4,0,9,270,0,20864.0,19269.0,20493.0,21453.85714285714,20565.785714285714,0.0,5.5,74.5
2019-09-28,19653.0,396445.0,0.0,81.0,67.0,74.0,5,1,9,271,0,19711.0,19403.0,18188.0,21517.0,20509.928571428572,0.0,9.0,70.5
2019-09-29,19792.0,402775.0,0.0,79.0,66.0,72.5,6,1,9,272,0,19653.0,21661.0,19913.0,21552.714285714286,20614.571428571428,0.0,7.5,74.0
2019-09-30,18786.0,397567.0,0.0,72.0,61.0,66.5,0,0,9,273,0,19792.0,24587.0,20767.0,21285.714285714286,20605.928571428572,0.0,1.5,72.5
2019-10-01,21982.0,422933.0,0.0,82.0,64.0,73.0,1,0,10,274,0,18786.0,23873.0,20527.0,20457.0,20464.428571428572,0.0,8.0,66.5
2019-10-02,23774.0,477854.0,0.21,95.0,63.0,79.0,2,0,10,275,0,21982.0,20520.0,19387.0,20186.85714285714,20568.35714285714,0.0,14.0,73.0
2019-10-03,22483.0,415041.0,0.23,67.0,54.0,60.5,3,0,10,276,0,23774.0,20864.0,18469.0,20651.714285714286,20881.714285714286,4.5,0.0,79.0
2019-10-04,18184.0,383408.0,0.0,66.0,50.0,58.0,4,0,10,277,0,22483.0,19711.0,19269.0,20883.0,21168.428571428572,7.0,0.0,60.5
2019-10-05,17485.0,347956.0,0.0,60.0,46.0,53.0,5,1,10,278,0,18184.0,19653.0,19403.0,20664.85714285714,21090.928571428572,12.0,0.0,58.0
2019-10-06,17299.0,353973.0,0.01,71.0,57.0,64.0,6,1,10,279,0,17485.0,19792.0,21661.0,20355.14285714286,20953.928571428572,1.0,0.0,53.0
2019-10-07,19451.0,398541.0,0.03,79.0,60.0,69.5,0,0,10,280,0,17299.0,18786.0,24587.0,19999.0,20642.35714285714,0.0,4.5,64.0
2019-10-08,19422.0,387054.0,0.03,66.0,59.0,62.5,1,0,10,281,0,19451.0,21982.0,23873.0,20094.0,20275.5,2.5,0.0,69.5
2019-10-09,17797.0,375657.0,0.54,61.0,53.0,57.0,2,0,10,282,0,19422.0,23774.0,20520.0,19728.285714285714,19957.571428571428,8.0,0.0,62.5
2019-10-10,17756.0,374003.0,0.0,72.0,53.0,62.5,3,0,10,283,0,17797.0,22483.0,20864.0,18874.428571428572,19763.071428571428,2.5,0.0,57.0
2019-10-11,17896.0,374763.0,0.0,66.0,55.0,60.5,4,0,10,284,0,17756.0,18184.0,19711.0,18199.14285714286,19541.071428571428,4.5,0.0,62.5
2019-10-12,17290.0,349637.0,0.0,69.0,56.0,62.5,5,1,10,285,0,17896.0,17485.0,19653.0,18158.0,19411.428571428572,2.5,0.0,60.5
2019-10-13,16352.0,337765.0,0.0,67.0,56.0,61.5,6,1,10,286,0,17290.0,17299.0,19792.0,18130.14285714286,19242.64285714286,3.5,0.0,62.5
2019-10-14,18040.0,368922.0,0.0,75.0,59.0,67.0,0,0,10,287,1,16352.0,19451.0,18786.0,17994.85714285714,18996.928571428572,0.0,2.0,61.5
2019-10-15,18093.0,373996.0,0.0,66.0,54.0,60.0,1,0,10,288,0,18040.0,19422.0,21982.0,17793.285714285714,18943.64285714286,5.0,0.0,67.0
2019-10-16,18602.0,385727.0,1.71,67.0,54.0,60.5,2,0,10,289,0,18093.0,17797.0,23774.0,17603.428571428572,18665.85714285714,4.5,0.0,60.0
2019-10-17,18316.0,383869.0,0.0,59.0,52.0,55.5,3,0,10,290,0,18602.0,17756.0,22483.0,17718.428571428572,18296.428571428572,9.5,0.0,60.5
2019-10-18,18162.0,378867.0,0.0,59.0,49.0,54.0,4,0,10,291,0,18316.0,17896.0,18184.0,17798.428571428572,17998.785714285714,11.0,0.0,55.5
2019-10-19,17453.0,349255.0,0.0,62.0,47.0,54.5,5,1,10,292,0,18162.0,17290.0,17485.0,17836.428571428572,17997.214285714286,10.5,0.0,54.0
2019-10-20,16777.0,348301.0,0.37,59.0,51.0,55.0,6,1,10,293,0,17453.0,16352.0,17299.0,17859.714285714286,17994.928571428572,10.0,0.0,54.5
2019-10-21,17908.0,370334.0,0.0,68.0,52.0,60.0,0,0,10,294,0,16777.0,18040.0,19451.0,17920.428571428572,17957.64285714286,5.0,0.0,55.0
2019-10-22,18364.0,382819.0,0.46,63.0,55.0,59.0,1,0,10,295,0,17908.0,18093.0,19422.0,17901.571428571428,17847.428571428572,6.0,0.0,60.0
2019-10-23,18094.0,375774.0,0.05,66.0,56.0,61.0,2,0,10,296,0,18364.0,18602.0,17797.0,17940.285714285714,17771.85714285714,4.0,0.0,59.0
2019-10-24,17909.0,378003.0,0.0,68.0,52.0,60.0,3,0,10,297,0,18094.0,18316.0,17756.0,17867.714285714286,17793.071428571428,5.0,0.0,61.0
2019-10-25,17814.0,378725.0,0.0,67.0,53.0,60.0,4,0,10,298,0,17909.0,18162.0,17896.0,17809.571428571428,17804.0,5.0,0.0,60.0
2019-10-26,17412.0,350002.0,0.0,63.0,54.0,58.5,5,1,10,299,0,17814.0,17453.0,17290.0,17759.85714285714,17798.14285714286,6.5,0.0,60.0
2019-10-27,17315.0,355614.0,1.41,70.0,56.0,63.0,6,1,10,300,0,17412.0,16777.0,16352.0,17754.0,17806.85714285714,2.0,0.0,58.5
2019-10-28,17992.0,372334.0,0.0,63.0,54.0,58.5,0,0,10,301,0,17315.0,17908.0,18040.0,17830.85714285714,17875.64285714286,6.5,0.0,63.0
2019-10-29,18135.0,378909.0,0.1,58.0,53.0,55.5,1,0,10,302,0,17992.0,18364.0,18093.0,17842.85714285714,17872.214285714286,9.5,0.0,58.5
2019-10-30,18334.0,381350.0,0.04,60.0,56.0,58.0,2,0,10,303,0,18135.0,18094.0,18602.0,17810.14285714286,17875.214285714286,7.0,0.0,55.5
2019-10-31,18635.0,391945.0,0.39,67.0,59.0,63.0,3,0,10,304,0,18334.0,17909.0,18316.0,17844.428571428572,17856.071428571428,2.0,0.0,58.0
2019-11-01,18333.0,378795.0,0.07,67.0,43.0,55.0,4,0,11,305,0,18635.0,17814.0,18162.0,17948.14285714286,17878.85714285714,10.0,0.0,63.0
2019-11-02,17741.0,360527.0,0.0,50.0,40.0,45.0,5,1,11,306,0,18333.0,17412.0,17453.0,18022.285714285714,17891.071428571428,20.0,0.0,55.0
2019-11-03,17592.0,354422.0,0.0,53.0,44.0,48.5,6,1,11,307,0,17741.0,17315.0,16777.0,18069.285714285714,17911.64285714286,16.5,0.0,45.0
2019-11-04,19098.0,386536.0,0.0,56.0,42.0,49.0,0,0,11,308,0,17592.0,17992.0,17908.0,18108.85714285714,17969.85714285714,16.0,0.0,48.5
2019-11-05,18947.0,393650.0,0.0,61.0,50.0,55.5,1,0,11,309,0,19098.0,18135.0,18364.0,18266.85714285714,18054.85714285714,9.5,0.0,49.0
2019-11-06,18946.0,387778.0,0.0,55.0,48.0,51.5,2,0,11,310,0,18947.0,18334.0,18094.0,18382.85714285714,18096.5,13.5,0.0,55.5
2019-11-07,19428.0,399819.0,0.08,58.0,42.0,50.0,3,0,11,311,0,18946.0,18635.0,17909.0,18470.285714285714,18157.35714285714,15.0,0.0,51.5
2019-11-08,19779.0,406566.0,0.0,42.0,31.0,36.5,4,0,11,312,0,19428.0,18333.0,17814.0,18583.571428571428,18265.85714285714,28.5,0.0,50.0
2019-11-09,19613.0,397410.0,0.0,42.0,30.0,36.0,5,1,11,313,0,19779.0,17741.0,17412.0,18790.14285714286,18406.214285714286,29.0,0.0,36.5
2019-11-10,18297.0,379287.0,0.0,52.0,39.0,45.5,6,1,11,314,0,19613.0,17592.0,17315.0,19057.571428571428,18563.428571428572,19.5,0.0,36.0
2019-11-11,19667.0,393849.0,0.0,62.0,48.0,55.0,0,0,11,315,1,18297.0,19098.0,17992.0,19158.285714285714,18633.571428571428,10.0,0.0,45.5
2019-11-12,21085.0,418688.0,0.02,58.0,27.0,42.5,1,0,11,316,0,19667.0,18947.0,18135.0,19239.571428571428,18753.214285714286,22.5,0.0,55.0
2019-11-13,21324.0,444362.0,0.0,35.0,24.0,29.5,2,0,11,317,0,21085.0,18946.0,18334.0,19545.0,18963.928571428572,35.5,0.0,42.5
2019-11-14,21291.0,444296.0,0.0,45.0,29.0,37.0,3,0,11,318,0,21324.0,19428.0,18635.0,19884.714285714286,19177.5,28.0,0.0,29.5
2019-11-15,20439.0,422100.0,0.0,52.0,38.0,45.0,4,0,11,319,0,21291.0,19779.0,18333.0,20150.85714285714,19367.214285714286,20.0,0.0,37.0
2019-11-16,19404.0,397993.0,0.0,43.0,33.0,38.0,5,1,11,320,0,20439.0,19613.0,17741.0,20245.14285714286,19517.64285714286,27.0,0.0,45.0
2019-11-17,19196.0,403274.0,0.0,44.0,31.0,37.5,6,1,11,321,0,19404.0,18297.0,17592.0,20215.285714285714,19636.428571428572,27.5,0.0,38.0
2019-11-18,20307.0,419054.0,0.43,43.0,38.0,40.5,0,0,11,322,0,19196.0,19667.0,19098.0,20343.714285714286,19751.0,24.5,0.0,37.5
2019-11-19,20071.0,417169.0,0.2,49.0,41.0,45.0,1,0,11,323,0,20307.0,21085.0,18947.0,20435.14285714286,19837.35714285714,20.0,0.0,40.5
2019-11-20,20051.0,416364.0,0.0,49.0,41.0,45.0,2,0,11,324,0,20071.0,21324.0,18946.0,20290.285714285714,19917.64285714286,20.0,0.0,45.0
2019-11-21,19900.0,412498.0,0.0,53.0,39.0,46.0,3,0,11,325,0,20051.0,21291.0,19428.0,20108.428571428572,19996.571428571428,19.0,0.0,45.0
2019-11-22,19729.0,409704.0,0.07,54.0,39.0,46.5,4,0,11,326,0,19900.0,20439.0,19779.0,19909.714285714286,20030.285714285714,18.5,0.0,46.0
2019-11-23,19472.0,393808.0,0.02,46.0,36.0,41.0,5,1,11,327,0,19729.0,19404.0,19613.0,19808.285714285714,20026.714285714286,24.0,0.0,46.5
2019-11-24,18962.0,387696.0,0.72,48.0,40.0,44.0,6,1,11,328,0,19472.0,19196.0,18297.0,19818.0,20016.64285714286,21.0,0.0,41.0
2019-11-25,19529.0,404976.0,0.0,53.0,41.0,47.0,0,0,11,329,0,18962.0,20307.0,19667.0,19784.571428571428,20064.14285714286,18.0,0.0,44.0
2019-11-26,19418.0,401746.0,0.0,60.0,44.0,52.0,1,0,11,330,0,19529.0,20071.0,21085.0,19673.428571428572,20054.285714285714,13.0,0.0,47.0
2019-11-27,19112.0,403317.0,0.02,58.0,46.0,52.0,2,0,11,331,0,19418.0,20051.0,21324.0,19580.14285714286,19935.214285714286,13.0,0.0,52.0
2019-11-28,18822.0,377872.0,0.0,55.0,39.0,47.0,3,0,11,332,1,19112.0,19900.0,21291.0,19446.0,19777.214285714286,18.0,0.0,52.0
2019-11-29,19092.0,386153.0,0.0,42.0,32.0,37.0,4,0,11,333,0,18822.0,19729.0,20439.0,19292.0,19600.85714285714,28.0,0.0,47.0
2019-11-30,18910.0,393614.0,0.0,44.0,32.0,38.0,5,1,11,334,0,19092.0,19472.0,19404.0,19201.0,19504.64285714286,27.0,0.0,37.0
2019-12-01,20399.0,416343.0,0.56,41.0,30.0,35.5,6,1,12,335,0,18910.0,18962.0,19196.0,19120.714285714286,19469.35714285714,29.5,0.0,38.0
2019-12-02,21653.0,438203.0,0.4,39.0,32.0,35.5,0,0,12,336,0,20399.0,19529.0,20307.0,19326.0,19555.285714285714,29.5,0.0,35.5
2019-12-03,21432.0,444408.0,0.0,38.0,32.0,35.0,1,0,12,337,0,21653.0,19418.0,20071.0,19629.428571428572,19651.428571428572,30.0,0.0,35.5
2019-12-04,21258.0,444264.0,0.0,41.0,34.0,37.5,2,0,12,338,0,21432.0,19112.0,20051.0,19917.14285714286,19748.64285714286,27.5,0.0,35.0
2019-12-05,21166.0,436495.0,0.0,43.0,38.0,40.5,3,0,12,339,0,21258.0,18822.0,19900.0,20223.714285714286,19834.85714285714,24.5,0.0,37.5
2019-12-06,21017.0,439477.0,0.0,50.0,36.0,43.0,4,0,12,340,0,21166.0,19092.0,19729.0,20558.571428571428,19925.285714285714,22.0,0.0,40.5
2019-12-07,20207.0,416729.0,0.0,39.0,32.0,35.5,5,1,12,341,0,21017.0,18910.0,19472.0,20833.571428571428,20017.285714285714,29.5,0.0,43.0
2019-12-08,19979.0,419709.0,0.0,44.0,28.0,36.0,6,1,12,342,0,20207.0,20399.0,18962.0,21018.85714285714,20069.785714285714,29.0,0.0,35.5
2019-12-09,20586.0,426547.0,1.8,56.0,41.0,48.5,0,0,12,343,0,19979.0,21653.0,19529.0,20958.85714285714,20142.428571428572,16.5,0.0,36.0
2019-12-10,20387.0,416901.0,0.17,58.0,40.0,49.0,1,0,12,344,0,20586.0,21432.0,19418.0,20806.428571428572,20217.928571428572,16.0,0.0,48.5
2019-12-11,21641.0,436122.0,0.29,41.0,32.0,36.5,2,0,12,345,0,20387.0,21258.0,19112.0,20657.14285714286,20287.14285714286,28.5,0.0,49.0
2019-12-12,21748.0,454161.0,0.0,36.0,27.0,31.5,3,0,12,346,0,21641.0,21166.0,18822.0,20711.85714285714,20467.785714285714,33.5,0.0,36.5
2019-12-13,21595.0,447411.0,1.01,47.0,32.0,39.5,4,0,12,347,0,21748.0,21017.0,19092.0,20795.0,20676.785714285714,25.5,0.0,31.5
2019-12-14,20238.0,403791.0,1.13,56.0,45.0,50.5,5,1,12,348,0,21595.0,20207.0,18910.0,20877.571428571428,20855.571428571428,14.5,0.0,39.5
2019-12-15,19799.0,395037.0,0.0,50.0,38.0,44.0,6,1,12,349,0,20238.0,19979.0,20399.0,20882.0,20950.428571428572,21.0,0.0,50.5
2019-12-16,21457.0,438196.0,0.08,38.0,34.0,36.0,0,0,12,350,0,19799.0,20586.0,21653.0,20856.285714285714,20907.571428571428,29.0,0.0,44.0
2019-12-17,21928.0,453653.0,0.9,37.0,33.0,35.0,1,0,12,351,0,21457.0,20387.0,21432.0,20980.714285714286,20893.571428571428,30.0,0.0,36.0
2019-12-18,22323.0,451978.0,0.04,37.0,23.0,30.0,2,0,12,352,0,21928.0,21641.0,21258.0,21200.85714285714,20929.0,35.0,0.0,35.0
2019-12-19,23253.0,485023.0,0.0,27.0,18.0,22.5,3,0,12,353,0,22323.0,21748.0,21166.0,21298.285714285714,21005.071428571428,42.5,0.0,30.0
2019-12-20,23173.0,479791.0,0.0,34.0,24.0,29.0,4,0,12,354,0,23253.0,21595.0,21017.0,21513.285714285714,21154.14285714286,36.0,0.0,22.5
2019-12-21,22075.0,453954.0,0.0,35.0,24.0,29.5,5,1,12,355,0,23173.0,20238.0,20207.0,21738.714285714286,21308.14285714286,35.5,0.0,29.0
2019-12-22,20455.0,421378.0,0.0,47.0,30.0,38.5,6,1,12,356,0,22075.0,19799.0,19979.0,22001.14285714286,21441.571428571428,26.5,0.0,29.5
2019-12-23,19892.0,417945.0,0.0,57.0,38.0,47.5,0,0,12,357,0,20455.0,21457.0,20586.0,22094.85714285714,21475.571428571428,17.5,0.0,38.5
2019-12-24,19708.0,406363.0,0.0,48.0,36.0,42.0,1,0,12,358,0,19892.0,21928.0,20387.0,21871.285714285714,21426.0,23.0,0.0,47.5
2019-12-25,18623.0,385840.0,0.0,43.0,34.0,38.5,2,0,12,359,1,19708.0,22323.0,21641.0,21554.14285714286,21377.5,26.5,0.0,42.0
2019-12-26,20234.0,407837.0,0.0,46.0,36.0,41.0,3,0,12,360,0,18623.0,23253.0,21748.0,21025.571428571428,21161.928571428572,24.0,0.0,38.5
2019-12-27,19936.0,409781.0,0.0,54.0,42.0,48.0,4,0,12,361,0,20234.0,23173.0,21595.0,20594.285714285714,21053.785714285714,17.0,0.0,41.0
2019-12-28,19063.0,385336.0,0.0,50.0,44.0,47.0,5,1,12,362,0,19936.0,22075.0,20238.0,20131.85714285714,20935.285714285714,18.0,0.0,48.0
2019-12-29,18951.0,390514.0,0.29,44.0,38.0,41.0,6,1,12,363,0,19063.0,20455.0,19799.0,19701.571428571428,20851.35714285714,24.0,0.0,47.0
2019-12-30,20384.0,414679.0,0.49,43.0,38.0,40.5,0,0,12,364,0,18951.0,19892.0,21457.0,19486.714285714286,20790.785714285714,24.5,0.0,41.0
2019-12-31,20125.0,414727.0,0.01,46.0,38.0,42.0,1,0,12,365,0,20384.0,19708.0,21928.0,19557.0,20714.14285714286,23.0,0.0,40.5
2020-01-01,19437.0,395155.0,0.0,42.0,35.0,38.5,2,0,1,1,1,20125.0,18623.0,22323.0,19616.571428571428,20585.35714285714,26.5,0.0,42.0
2020-01-02,19989.0,415111.0,0.0,49.0,34.0,41.5,3,0,1,2,0,19437.0,20234.0,23253.0,19732.85714285714,20379.214285714286,23.5,0.0,38.5
2020-01-03,19837.0,414301.0,0.14,49.0,45.0,47.0,4,0,1,3,0,19989.0,19936.0,23173.0,19697.85714285714,20146.071428571428,18.0,0.0,41.5
2020-01-04,19247.0,391823.0,0.24,50.0,41.0,45.5,5,1,1,4,0,19837.0,19063.0,22075.0,19683.714285714286,19907.785714285714,19.5,0.0,47.0
2020-01-05,19519.0,392104.0,0.0,41.0,36.0,38.5,6,1,1,5,0,19247.0,18951.0,20455.0,19710.0,19705.785714285714,26.5,0.0,45.5
2020-01-06,20631.0,427806.0,0.02,44.0,32.0,38.0,0,0,1,6,0,19519.0,20384.0,19892.0,19791.14285714286,19638.928571428572,27.0,0.0,38.5
2020-01-07,20609.0,432960.0,0.0,44.0,35.0,39.5,1,0,1,7,0,20631.0,20125.0,19708.0,19826.428571428572,19691.714285714286,25.5,0.0,38.0
2020-01-08,21466.0,435070.0,0.0,43.0,28.0,35.5,2,0,1,8,0,20609.0,19437.0,18623.0,19895.571428571428,19756.071428571428,29.5,0.0,39.5
2020-01-09,21644.0,457780.0,0.0,34.0,24.0,29.0,3,0,1,9,0,21466.0,19989.0,20234.0,20185.428571428572,19959.14285714286,36.0,0.0,35.5
2020-01-10,21581.0,442218.0,0.0,53.0,33.0,43.0,4,0,1,10,0,21644.0,19837.0,19936.0,20421.85714285714,20059.85714285714,22.0,0.0,29.0
2020-01-11,19433.0,383332.0,0.0,66.0,48.0,57.0,5,1,1,11,0,21581.0,19247.0,19063.0,20671.0,20177.35714285714,8.0,0.0,43.0
2020-01-12,18006.0,363577.0,0.06,67.0,44.0,55.5,6,1,1,12,0,19433.0,19519.0,18951.0,20697.571428571428,20203.785714285714,9.5,0.0,57.0
2020-01-13,20064.0,411778.0,0.0,45.0,37.0,41.0,0,0,1,13,0,18006.0,20631.0,20384.0,20481.428571428572,20136.285714285714,24.0,0.0,55.5
2020-01-14,20039.0,418778.0,0.07,44.0,39.0,41.5,1,0,1,14,0,20064.0,20609.0,20125.0,20400.428571428572,20113.428571428572,23.5,0.0,41.0
2020-01-15,19865.0,408861.0,0.0,50.0,42.0,46.0,2,0,1,15,0,20039.0,21466.0,19437.0,20319.0,20107.285714285714,19.0,0.0,41.5
2020-01-16,20605.0,417280.0,0.12,50.0,34.0,42.0,3,0,1,16,0,19865.0,21644.0,19989.0,20090.285714285714,20137.85714285714,23.0,0.0,46.0
2020-01-17,21530.0,451775.0,0.0,34.0,21.0,27.5,4,0,1,17,0,20605.0,21581.0,19837.0,19941.85714285714,20181.85714285714,37.5,0.0,42.0
2020-01-18,21517.0,455449.0,0.18,37.0,20.0,28.5,5,1,1,18,0,21530.0,19433.0,19247.0,19934.571428571428,20302.785714285714,36.5,0.0,27.5
2020-01-19,20836.0,415782.0,0.0,43.0,28.0,35.5,6,1,1,19,0,21517.0,18006.0,19519.0,20232.285714285714,20464.928571428572,29.5,0.0,28.5
2020-01-20,21740.0,445703.0,0.0,32.0,21.0,26.5,0,0,1,20,1,20836.0,20064.0,20631.0,20636.571428571428,20559.0,38.5,0.0,35.5
2020-01-21,21895.0,467031.0,0.0,33.0,21.0,27.0,1,0,1,21,0,21740.0,20039.0,20609.0,20876.0,20638.214285714286,38.0,0.0,26.5
2020-01-22,21890.0,455148.0,0.0,39.0,26.0,32.5,2,0,1,22,0,21895.0,19865.0,21466.0,21141.14285714286,20730.071428571428,32.5,0.0,27.0
2020-01-23,21089.0,443312.0,0.0,46.0,30.0,38.0,3,0,1,23,0,21890.0,20605.0,21644.0,21430.428571428572,20760.35714285714,27.0,0.0,32.5
2020-01-24,20429.0,424725.0,0.0,46.0,33.0,39.5,4,0,1,24,0,21089.0,21530.0,21581.0,21499.571428571428,20720.714285714286,25.5,0.0,38.0
2020-01-25,19431.0,407128.0,0.78,52.0,38.0,45.0,5,1,1,25,0,20429.0,21517.0,19433.0,21342.285714285714,20638.428571428572,20.0,0.0,39.5
2020-01-26,18744.0,388906.0,0.0,46.0,39.0,42.5,6,1,1,26,0,19431.0,20836.0,18006.0,21044.285714285714,20638.285714285714,22.5,0.0,45.0
2020-01-27,20184.0,418412.0,0.0,45.0,38.0,41.5,0,0,1,27,0,18744.0,21740.0,20064.0,20745.428571428572,20691.0,23.5,0.0,42.5
2020-01-28,20399.0,425471.0,0.0,42.0,37.0,39.5,1,0,1,28,0,20184.0,21895.0,20039.0,20523.14285714286,20699.571428571428,25.5,0.0,41.5
2020-01-29,20508.0,429241.0,0.0,40.0,31.0,35.5,2,0,1,29,0,20399.0,21890.0,19865.0,20309.428571428572,20725.285714285714,29.5,0.0,39.5
2020-01-30,20790.0,443796.0,0.0,35.0,25.0,30.0,3,0,1,30,0,20508.0,21089.0,20605.0,20112.0,20771.214285714286,35.0,0.0,35.5
2020-01-31,20831.0,440012.0,0.01,42.0,33.0,37.5,4,0,1,31,0,20790.0,20429.0,21530.0,20069.285714285714,20784.428571428572,27.5,0.0,30.0
2020-02-01,19859.0,407024.0,0.01,42.0,37.0,39.5,5,1,2,32,0,20831.0,19431.0,21517.0,20126.714285714286,20734.5,25.5,0.0,37.5
2020-02-02,18966.0,394860.0,0.06,43.0,35.0,39.0,6,1,2,33,0,19859.0,18744.0,20836.0,20187.85714285714,20616.071428571428,26.0,0.0,39.5
2020-02-03,19182.0,408008.0,0.0,56.0,37.0,46.5,0,0,2,34,0,18966.0,20184.0,21740.0,20219.571428571428,20482.5,18.5,0.0,39.0
2020-02-04,19523.0,415430.0,0.01,58.0,39.0,48.5,1,0,2,35,0,19182.0,20399.0,21895.0,20076.428571428572,20299.785714285714,16.5,0.0,46.5
2020-02-05,20032.0,416748.0,0.0,53.0,38.0,45.5,2,0,2,36,0,19523.0,20508.0,21890.0,19951.285714285714,20130.35714285714,19.5,0.0,48.5
2020-02-06,20431.0,433109.0,0.56,41.0,35.0,38.0,3,0,2,37,0,20032.0,20790.0,21089.0,19883.285714285714,19997.64285714286,27.0,0.0,45.5
2020-02-07,20416.0,429772.0,0.29,58.0,33.0,45.5,4,0,2,38,0,20431.0,20831.0,20429.0,19832.0,19950.64285714286,19.5,0.0,38.0
2020-02-08,20333.0,417934.0,0.0,40.0,30.0,35.0,5,1,2,39,0,20416.0,19859.0,19431.0,19772.714285714286,19949.714285714286,30.0,0.0,45.5
2020-02-09,19388.0,410334.0,0.0,42.0,30.0,36.0,6,1,2,40,0,20333.0,18966.0,18744.0,19840.428571428572,20014.14285714286,29.0,0.0,35.0
2020-02-10,20008.0,423137.0,0.41,47.0,42.0,44.5,0,0,2,41,0,19388.0,19182.0,20184.0,19900.714285714286,20060.14285714286,20.5,0.0,36.0
2020-02-11,20051.0,419558.0,0.26,48.0,42.0,45.0,1,0,2,42,0,20008.0,19523.0,20399.0,20018.714285714286,20047.571428571428,20.0,0.0,44.5
2020-02-12,19824.0,415430.0,0.13,45.0,37.0,41.0,2,0,2,43,0,20051.0,20032.0,20508.0,20094.14285714286,20022.714285714286,24.0,0.0,45.0
2020-02-13,19948.0,425993.0,0.39,44.0,36.0,40.0,3,0,2,44,0,19824.0,20431.0,20790.0,20064.428571428572,19973.85714285714,25.0,0.0,41.0
2020-02-14,20485.0,434578.0,0.0,40.0,19.0,29.5,4,0,2,45,0,19948.0,20416.0,20831.0,19995.428571428572,19913.714285714286,35.5,0.0,40.0
2020-02-15,21027.0,443245.0,0.0,30.0,15.0,22.5,5,1,2,46,0,20485.0,20333.0,19859.0,20005.285714285714,19889.0,42.5,0.0,29.5
2020-02-16,20060.0,409698.0,0.0,44.0,29.0,36.5,6,1,2,47,0,21027.0,19388.0,18966.0,20104.428571428572,19972.428571428572,28.5,0.0,22.5
2020-02-17,18741.0,403166.0,0.0,51.0,38.0,44.5,0,0,2,48,1,20060.0,20008.0,19182.0,20200.428571428572,20050.571428571428,20.5,0.0,36.5
2020-02-18,19957.0,427994.0,0.0,47.0,37.0,42.0,1,0,2,49,0,18741.0,20051.0,19523.0,20019.428571428572,20019.071428571428,23.0,0.0,44.5
2020-02-19,20023.0,413055.0,0.0,48.0,33.0,40.5,2,0,2,50,0,19957.0,19824.0,20032.0,20006.0,20050.071428571428,24.5,0.0,42.0
2020-02-20,20301.0,434542.0,0.0,35.0,27.0,31.0,3,0,2,51,0,20023.0,19948.0,20431.0,20034.428571428572,20049.428571428572,34.0,0.0,40.5
2020-02-21,20856.0,443560.0,0.0,36.0,21.0,28.5,4,0,2,52,0,20301.0,20485.0,20416.0,20084.85714285714,20040.14285714286,36.5,0.0,31.0
2020-02-22,20291.0,407548.0,0.0,50.0,32.0,41.0,5,1,2,53,0,20856.0,21027.0,20333.0,20137.85714285714,20071.571428571428,24.0,0.0,28.5
2020-02-23,18245.0,379174.0,0.0,56.0,36.0,46.0,6,1,2,54,0,20291.0,20060.0,19388.0,20032.714285714286,20068.571428571428,19.0,0.0,41.0
2020-02-24,18385.0,394488.0,0.0,61.0,41.0,51.0,0,0,2,55,0,18245.0,18741.0,20008.0,19773.428571428572,19986.928571428572,14.0,0.0,46.0
2020-02-25,18977.0,402822.0,0.13,51.0,44.0,47.5,1,0,2,56,0,18385.0,19957.0,20051.0,19722.571428571428,19871.0,17.5,0.0,51.0
2020-02-26,19187.0,409074.0,0.02,49.0,42.0,45.5,2,0,2,57,0,18977.0,20023.0,19824.0,19582.571428571428,19794.285714285714,19.5,0.0,47.5
2020-02-27,19960.0,414425.0,0.45,45.0,32.0,38.5,3,0,2,58,0,19187.0,20301.0,19948.0,19463.14285714286,19748.785714285714,26.5,0.0,45.5
2020-02-28,20687.0,437902.0,0.0,42.0,30.0,36.0,4,0,2,59,0,19960.0,20856.0,20485.0,19414.428571428572,19749.64285714286,29.0,0.0,38.5
2020-02-29,20157.0,414996.0,0.0,36.0,27.0,31.5,5,1,2,60,0,20687.0,20291.0,21027.0,19390.285714285714,19764.071428571428,33.5,0.0,36.0
2020-03-01,19554.0,402591.0,0.0,44.0,26.0,35.0,6,1,3,61,0,20157.0,18245.0,20060.0,19371.14285714286,19701.928571428572,30.0,0.0,31.5
2020-03-02,18788.0,406087.0,0.0,56.0,38.0,47.0,0,0,3,62,0,19554.0,18385.0,18741.0,19558.14285714286,19665.785714285714,18.0,0.0,35.0
2020-03-03,19103.0,392707.0,0.29,59.0,49.0,54.0,1,0,3,63,0,18788.0,18977.0,19957.0,19615.714285714286,19669.14285714286,11.0,0.0,47.0
2020-03-04,18848.0,392115.0,0.0,57.0,46.0,51.5,2,0,3,64,0,19103.0,19187.0,20023.0,19633.714285714286,19608.14285714286,13.5,0.0,54.0
2020-03-05,18949.0,393732.0,0.0,52.0,40.0,46.0,3,0,3,65,0,18848.0,19960.0,20301.0,19585.285714285714,19524.214285714286,19.0,0.0,51.5
2020-03-06,19076.0,406568.0,0.14,45.0,38.0,41.5,4,0,3,66,0,18949.0,20687.0,20856.0,19440.85714285714,19427.64285714286,23.5,0.0,46.0
2020-03-07,19277.0,384939.0,0.0,47.0,36.0,41.5,5,1,3,67,0,19076.0,20157.0,20291.0,19210.714285714286,19300.5,23.5,0.0,41.5
2020-03-08,17934.0,372363.0,0.0,60.0,37.0,48.5,6,1,3,68,0,19277.0,19554.0,18245.0,19085.0,19228.071428571428,16.5,0.0,41.5
2020-03-09,17178.0,375892.0,0.0,72.0,46.0,59.0,0,0,3,69,0,17934.0,18788.0,18385.0,18853.571428571428,19205.85714285714,6.0,0.0,48.5
2020-03-10,17652.0,381017.0,0.0,67.0,55.0,61.0,1,0,3,70,0,17178.0,19103.0,18977.0,18623.571428571428,19119.64285714286,4.0,0.0,59.0
2020-03-11,17984.0,383213.0,0.0,56.0,44.0,50.0,2,0,3,71,0,17652.0,18848.0,19187.0,18416.285714285714,19025.0,15.0,0.0,61.0
2020-03-12,18209.0,394081.0,0.02,50.0,41.0,45.5,3,0,3,72,0,17984.0,18949.0,19960.0,18292.85714285714,18939.071428571428,19.5,0.0,50.0
2020-03-13,18289.0,386733.0,0.27,70.0,43.0,56.5,4,0,3,73,0,18209.0,19076.0,20687.0,18187.14285714286,18814.0,8.5,0.0,45.5
2020-03-14,17513.0,363746.0,0.0,55.0,44.0,49.5,5,1,3,74,0,18289.0,19277.0,20157.0,18074.714285714286,18642.714285714286,15.5,0.0,56.5
2020-03-15,17067.0,353352.0,0.0,54.0,41.0,47.5,6,1,3,75,0,17513.0,17934.0,19554.0,17822.714285714286,18453.85714285714,17.5,0.0,49.5
2020-03-16,17836.0,387653.0,0.0,43.0,33.0,38.0,0,0,3,76,0,17067.0,17178.0,18788.0,17698.85714285714,18276.214285714286,27.0,0.0,47.5
2020-03-17,18317.0,396391.0,0.15,55.0,42.0,48.5,1,0,3,77,0,17836.0,17652.0,19103.0,17792.85714285714,18208.214285714286,16.5,0.0,38.0
2020-03-18,17946.0,378477.0,0.0,53.0,44.0,48.5,2,0,3,78,0,18317.0,17984.0,18848.0,17887.85714285714,18152.071428571428,16.5,0.0,48.5
2020-03-19,17627.0,381134.0,1.02,52.0,42.0,47.0,3,0,3,79,0,17946.0,18209.0,18949.0,17882.428571428572,18087.64285714286,18.0,0.0,48.5
2020-03-20,17490.0,369926.0,0.0,78.0,47.0,62.5,4,0,3,80,0,17627.0,18289.0,19076.0,17799.285714285714,17993.214285714286,2.5,0.0,47.0
2020-03-21,16916.0,343381.0,0.0,65.0,41.0,53.0,5,1,3,81,0,17490.0,17513.0,19277.0,17685.14285714286,17879.928571428572,12.0,0.0,62.5
2020-03-22,16541.0,351163.0,0.0,44.0,34.0,39.0,6,1,3,82,0,16916.0,17067.0,17934.0,17599.85714285714,17711.285714285714,26.0,0.0,53.0
2020-03-23,18451.0,391816.0,1.44,42.0,37.0,39.5,0,0,3,83,0,16541.0,17836.0,17178.0,17524.714285714286,17611.785714285714,25.5,0.0,39.0
2020-03-24,18292.0,375207.0,0.0,54.0,37.0,45.5,1,0,3,84,0,18451.0,18317.0,17652.0,17612.571428571428,17702.714285714286,19.5,0.0,39.5
2020-03-25,17071.0,374160.0,0.01,45.0,41.0,43.0,2,0,3,85,0,18292.0,17946.0,17984.0,17609.0,17748.428571428572,22.0,0.0,45.5
2020-03-26,17128.0,358630.0,0.0,59.0,39.0,49.0,3,0,3,86,0,17071.0,17627.0,18209.0,17484.0,17683.214285714286,16.0,0.0,43.0
2020-03-27,16393.0,342101.0,0.0,68.0,50.0,59.0,4,0,3,87,0,17128.0,17490.0,18289.0,17412.714285714286,17606.0,6.0,0.0,49.0
2020-03-28,16314.0,345710.0,0.42,51.0,45.0,48.0,5,1,3,88,0,16393.0,16916.0,17513.0,17256.0,17470.571428571428,17.0,0.0,59.0
2020-03-29,16385.0,345413.0,0.01,48.0,45.0,46.5,6,1,3,89,0,16314.0,16541.0,17067.0,17170.0,17384.928571428572,18.5,0.0,48.0
2020-03-30,16677.0,358407.0,0.07,50.0,42.0,46.0,0,0,3,90,0,16385.0,18451.0,17836.0,17147.714285714286,17336.214285714286,19.0,0.0,46.5
2020-03-31,16845.0,361016.0,0.07,49.0,41.0,45.0,1,0,3,91,0,16677.0,18292.0,18317.0,16894.285714285714,17253.428571428572,20.0,0.0,46.0
2020-04-01,16796.0,351658.0,0.0,55.0,38.0,46.5,2,0,4,92,0,16845.0,17071.0,17946.0,16687.571428571428,17148.285714285714,18.5,0.0,45.0
2020-04-02,16289.0,351389.0,0.0,58.0,40.0,49.0,3,0,4,93,0,16796.0,17128.0,17627.0,16648.285714285714,17066.14285714286,16.0,0.0,46.5
2020-04-03,16316.0,358768.0,0.08,52.0,46.0,49.0,4,0,4,94,0,16289.0,16393.0,17490.0,16528.428571428572,16970.571428571428,16.0,0.0,49.0
2020-04-04,16403.0,331918.0,0.0,60.0,46.0,53.0,5,1,4,95,0,16316.0,16314.0,16916.0,16517.428571428572,16886.714285714286,12.0,0.0,49.0
2020-04-05,15340.0,322457.0,0.0,64.0,47.0,55.5,6,1,4,96,0,16403.0,16385.0,16541.0,16530.14285714286,16850.071428571428,9.5,0.0,53.0
2020-04-06,15279.0,331717.0,0.06,66.0,48.0,57.0,0,0,4,97,0,15340.0,16677.0,18451.0,16380.857142857143,16764.285714285714,8.0,0.0,55.5
2020-04-07,15751.0,331802.0,0.0,66.0,53.0,59.5,1,0,4,98,0,15279.0,16845.0,18292.0,16181.142857142857,16537.714285714286,5.5,0.0,57.0
2020-04-08,15540.0,337853.0,0.23,63.0,49.0,56.0,2,0,4,99,0,15751.0,16796.0,17071.0,16024.857142857143,16356.214285714286,9.0,0.0,59.5
2020-04-09,16198.0,349349.0,0.26,58.0,44.0,51.0,3,0,4,100,0,15540.0,16289.0,17128.0,15845.42857142857,16246.857142857143,14.0,0.0,56.0
2020-04-10,16302.0,356564.0,0.01,49.0,39.0,44.0,4,0,4,101,0,16198.0,16316.0,16393.0,15832.42857142857,16180.42857142857,21.0,0.0,51.0
2020-04-11,16521.0,337778.0,0.0,56.0,40.0,48.0,5,1,4,102,0,16302.0,16403.0,16314.0,15830.42857142857,16173.92857142857,17.0,0.0,44.0
2020-04-12,15605.0,328719.0,0.0,62.0,43.0,52.5,6,1,4,103,0,16521.0,15340.0,16385.0,15847.285714285714,16188.714285714286,12.5,0.0,48.0
2020-04-13,16109.0,343966.0,1.72,69.0,53.0,61.0,0,0,4,104,0,15605.0,15279.0,16677.0,15885.142857142857,16133.0,4.0,0.0,52.5
2020-04-14,15815.0,339540.0,0.0,60.0,48.0,54.0,1,0,4,105,0,16109.0,15751.0,16845.0,16003.714285714286,16092.42857142857,11.0,0.0,61.0
2020-04-15,15999.0,345152.0,0.0,53.0,43.0,48.0,2,0,4,106,0,15815.0,15540.0,16796.0,16012.857142857143,16018.857142857143,17.0,0.0,54.0
2020-04-16,16138.0,351671.0,0.0,49.0,40.0,44.5,3,0,4,107,0,15999.0,16198.0,16289.0,16078.42857142857,15961.92857142857,20.5,0.0,48.0
2020-04-17,16595.0,357109.0,0.05,51.0,39.0,45.0,4,0,4,108,0,16138.0,16302.0,16316.0,16069.857142857143,15951.142857142857,20.0,0.0,44.5
2020-04-18,16402.0,347448.0,0.2,47.0,42.0,44.5,5,1,4,109,0,16595.0,16521.0,16403.0,16111.714285714286,15971.07142857143,20.5,0.0,45.0
2020-04-19,16006.0,329051.0,0.0,63.0,42.0,52.5,6,1,4,110,0,16402.0,15605.0,15340.0,16094.714285714286,15971.0,12.5,0.0,44.5
2020-04-20,15338.0,337414.0,0.0,57.0,49.0,53.0,0,0,4,111,0,16006.0,16109.0,15279.0,16152.0,16018.57142857143,12.0,0.0,52.5
2020-04-21,16162.0,354577.0,0.33,60.0,41.0,50.5,1,0,4,112,0,15338.0,15815.0,15751.0,16041.857142857143,16022.785714285714,14.5,0.0,53.0
2020-04-22,16563.0,359903.0,0.0,51.0,38.0,44.5,2,0,4,113,0,16162.0,15999.0,15540.0,16091.42857142857,16052.142857142857,20.5,0.0,50.5
2020-04-23,16566.0,362615.0,0.13,50.0,41.0,45.5,3,0,4,114,0,16563.0,16138.0,16198.0,16172.0,16125.214285714286,19.5,0.0,44.5
2020-04-24,16388.0,360062.0,0.48,50.0,43.0,46.5,4,0,4,115,0,16566.0,16595.0,16302.0,16233.142857142857,16151.5,18.5,0.0,45.5
2020-04-25,15995.0,322779.0,0.0,64.0,43.0,53.5,5,1,4,116,0,16388.0,16402.0,16521.0,16203.57142857143,16157.642857142857,11.5,0.0,46.5
2020-04-26,15985.0,331674.0,0.07,50.0,43.0,46.5,6,1,4,117,0,15995.0,16006.0,15605.0,16145.42857142857,16120.07142857143,18.5,0.0,53.5
2020-04-27,16100.0,354340.0,0.0,49.0,40.0,44.5,0,0,4,118,0,15985.0,15338.0,16109.0,16142.42857142857,16147.214285714286,20.5,0.0,46.5
2020-04-28,16227.0,341302.0,0.0,66.0,43.0,54.5,1,0,4,119,0,16100.0,16162.0,15815.0,16251.285714285714,16146.57142857143,10.5,0.0,44.5
2020-04-29,15876.0,344399.0,0.01,57.0,46.0,51.5,2,0,4,120,0,16227.0,16563.0,15999.0,16260.57142857143,16176.0,13.5,0.0,54.5
2020-04-30,16066.0,350396.0,0.87,63.0,49.0,56.0,3,0,4,121,0,15876.0,16566.0,16138.0,16162.42857142857,16167.214285714286,9.0,0.0,51.5
2020-05-01,16001.0,341697.0,0.22,66.0,55.0,60.5,4,0,5,122,0,16066.0,16388.0,16595.0,16091.0,16162.07142857143,4.5,0.0,56.0
2020-05-02,15411.0,313622.0,0.0,73.0,53.0,63.0,5,1,5,123,0,16001.0,15995.0,16402.0,16035.714285714286,16119.642857142857,2.0,0.0,60.5
2020-05-03,14851.0,306952.0,0.03,81.0,55.0,68.0,6,1,5,124,0,15411.0,15985.0,16006.0,15952.285714285714,16048.857142857143,0.0,3.0,63.0
2020-05-04,15571.0,335244.0,0.0,72.0,51.0,61.5,0,0,5,125,0,14851.0,16100.0,15338.0,15790.285714285714,15966.357142857143,3.5,0.0,68.0
2020-05-05,15569.0,332798.0,0.0,64.0,47.0,55.5,1,0,5,126,0,15571.0,16227.0,16162.0,15714.714285714286,15983.0,9.5,0.0,61.5
2020-05-06,15559.0,343585.0,0.03,52.0,47.0,49.5,2,0,5,127,0,15569.0,15876.0,16563.0,15620.714285714286,15940.642857142857,15.5,0.0,55.5
2020-05-07,15622.0,336152.0,0.0,67.0,49.0,58.0,3,0,5,128,0,15559.0,16066.0,16566.0,15575.42857142857,15868.92857142857,7.0,0.0,49.5
2020-05-08,15969.0,343681.0,0.38,58.0,38.0,48.0,4,0,5,129,0,15622.0,16001.0,16388.0,15512.0,15801.5,17.0,0.0,58.0
2020-05-09,15981.0,343282.0,0.03,49.0,36.0,42.5,5,1,5,130,0,15969.0,15411.0,15995.0,15507.42857142857,15771.57142857143,22.5,0.0,48.0
2020-05-10,16154.0,328400.0,0.0,65.0,41.0,53.0,6,1,5,131,0,15981.0,14851.0,15985.0,15588.857142857143,15770.57142857143,12.0,0.0,42.5
2020-05-11,16050.0,344155.0,0.1,61.0,46.0,53.5,0,0,5,132,0,16154.0,15571.0,16100.0,15775.0,15782.642857142857,11.5,0.0,53.0
2020-05-12,16066.0,347151.0,0.0,60.0,45.0,52.5,1,0,5,133,0,16050.0,15569.0,16227.0,15843.42857142857,15779.07142857143,12.5,0.0,53.5
2020-05-13,15964.0,341327.0,0.0,64.0,43.0,53.5,2,0,5,134,0,16066.0,15559.0,15876.0,15914.42857142857,15767.57142857143,11.5,0.0,52.5
2020-05-14,15464.0,338500.0,0.0,65.0,48.0,56.5,3,0,5,135,0,15964.0,15622.0,16066.0,15972.285714285714,15773.857142857143,8.5,0.0,53.5
2020-05-15,16644.0,344967.0,0.04,86.0,58.0,72.0,4,0,5,136,0,15464.0,15969.0,16001.0,15949.714285714286,15730.857142857143,0.0,7.0,56.5
2020-05-16,16360.0,333771.0,0.0,77.0,59.0,68.0,5,1,5,137,0,16644.0,15981.0,15411.0,16046.142857142857,15776.785714285714,0.0,3.0,72.0
2020-05-17,15483.0,317350.0,0.0,68.0,55.0,61.5,6,1,5,138,0,16360.0,16154.0,14851.0,16100.285714285714,15844.57142857143,3.5,0.0,68.0
2020-05-18,15646.0,336370.0,0.0,67.0,55.0,61.0,0,0,5,139,0,15483.0,16050.0,15571.0,16004.42857142857,15889.714285714286,4.0,0.0,61.5
2020-05-19,15631.0,333426.0,0.0,69.0,54.0,61.5,1,0,5,140,0,15646.0,16066.0,15569.0,15946.714285714286,15895.07142857143,3.5,0.0,61.0
2020-05-20,15356.0,330820.0,0.0,65.0,50.0,57.5,2,0,5,141,0,15631.0,15964.0,15559.0,15884.57142857143,15899.5,7.5,0.0,61.5
2020-05-21,15469.0,332575.0,0.0,67.0,48.0,57.5,3,0,5,142,0,15356.0,15464.0,15622.0,15797.714285714286,15885.0,7.5,0.0,57.5
2020-05-22,16491.0,342991.0,0.01,77.0,56.0,66.5,4,0,5,143,0,15469.0,16644.0,15969.0,15798.42857142857,15874.07142857143,0.0,1.5,57.5
2020-05-23,16398.0,346481.0,0.33,67.0,56.0,61.5,5,1,5,144,0,16491.0,16360.0,15981.0,15776.57142857143,15911.357142857143,3.5,0.0,66.5
2020-05-24,15589.0,321579.0,0.0,69.0,52.0,60.5,6,1,5,145,0,16398.0,15483.0,16154.0,15782.0,15941.142857142857,4.5,0.0,61.5
2020-05-25,16513.0,334771.0,0.01,67.0,56.0,61.5,0,0,5,146,1,15589.0,15646.0,16050.0,15797.142857142857,15900.785714285714,3.5,0.0,60.5
2020-05-26,19891.0,381610.0,0.0,77.0,58.0,67.5,1,0,5,147,0,16513.0,15631.0,16066.0,15921.0,15933.857142857143,0.0,2.5,61.5
2020-05-27,20088.0,409124.0,0.0,78.0,60.0,69.0,2,0,5,148,0,19891.0,15356.0,15964.0,16529.571428571428,16207.07142857143,0.0,4.0,67.5
2020-05-28,19413.0,408775.0,0.0,76.0,64.0,70.0,3,0,5,149,0,20088.0,15469.0,15464.0,17205.571428571428,16501.64285714286,0.0,5.0,69.0
2020-05-29,20124.0,415392.0,0.01,82.0,65.0,73.5,4,0,5,150,0,19413.0,16491.0,16644.0,17769.0,16783.714285714286,0.0,8.5,70.0
2020-05-30,18918.0,375459.0,0.0,84.0,66.0,75.0,5,1,5,151,0,20124.0,16398.0,16360.0,18288.0,17032.285714285714,0.0,10.0,73.5
2020-05-31,17084.0,333633.0,0.0,71.0,58.0,64.5,6,1,5,152,0,18918.0,15589.0,15483.0,18648.0,17215.0,0.5,0.0,75.0
2020-06-01,15973.0,339850.0,0.0,72.0,54.0,63.0,0,0,6,153,0,17084.0,16513.0,15646.0,18861.571428571428,17329.35714285714,2.0,0.0,64.5
2020-06-02,16431.0,352620.0,0.0,76.0,63.0,69.5,1,0,6,154,0,15973.0,19891.0,15631.0,18784.428571428572,17352.714285714286,0.0,4.5,63.0
2020-06-03,18991.0,377549.0,0.19,82.0,63.0,72.5,2,0,6,155,0,16431.0,20088.0,15356.0,18290.14285714286,17409.85714285714,0.0,7.5,69.5
2020-06-04,21113.0,415076.0,0.14,88.0,69.0,78.5,3,0,6,156,0,18991.0,19413.0,15469.0,18133.428571428572,17669.5,0.0,13.5,72.5
2020-06-05,21355.0,436090.0,0.27,83.0,69.0,76.0,4,0,6,157,0,21113.0,20124.0,16491.0,18376.285714285714,18072.64285714286,0.0,11.0,78.5
2020-06-06,20514.0,428954.0,0.11,90.0,69.0,79.5,5,1,6,158,0,21355.0,18918.0,16398.0,18552.14285714286,18420.071428571428,0.0,14.5,76.0
2020-06-07,19364.0,366273.0,0.0,78.0,65.0,71.5,6,1,6,159,0,20514.0,17084.0,15589.0,18780.14285714286,18714.071428571428,0.0,6.5,79.5
2020-06-08,19056.0,377043.0,0.0,81.0,63.0,72.0,0,0,6,160,0,19364.0,15973.0,16513.0,19105.85714285714,18983.714285714286,0.0,7.0,71.5
2020-06-09,22842.0,418793.0,0.0,91.0,68.0,79.5,1,0,6,161,0,19056.0,16431.0,19891.0,19546.285714285714,19165.35714285714,0.0,14.5,72.0
2020-06-10,24477.0,474462.0,0.0,85.0,69.0,77.0,2,0,6,162,0,22842.0,18991.0,20088.0,20462.14285714286,19376.14285714286,0.0,12.0,79.5
2020-06-11,23274.0,471180.0,0.05,83.0,70.0,76.5,3,0,6,163,0,24477.0,21113.0,19413.0,21245.85714285714,19689.64285714286,0.0,11.5,77.0
2020-06-12,20625.0,433217.0,0.0,88.0,70.0,79.0,4,0,6,164,0,23274.0,21355.0,20124.0,21554.571428571428,19965.428571428572,0.0,14.0,76.5
2020-06-13,19547.0,369841.0,0.0,77.0,60.0,68.5,5,1,6,165,0,20625.0,20514.0,18918.0,21450.285714285714,20001.214285714286,0.0,3.5,79.0
2020-06-14,16451.0,338907.0,0.0,75.0,55.0,65.0,6,1,6,166,0,19547.0,19364.0,17084.0,21312.14285714286,20046.14285714286,0.0,0.0,68.5
2020-06-15,18036.0,368980.0,0.0,77.0,62.0,69.5,0,0,6,167,0,16451.0,19056.0,15973.0,20896.0,20000.928571428572,0.0,4.5,65.0
2020-06-16,19051.0,381932.0,0.0,80.0,63.0,71.5,1,0,6,168,0,18036.0,22842.0,16431.0,20750.285714285714,20148.285714285714,0.0,6.5,69.5
2020-06-17,20353.0,400095.0,0.0,79.0,63.0,71.0,2,0,6,169,0,19051.0,24477.0,18991.0,20208.714285714286,20335.428571428572,0.0,6.0,71.5
2020-06-18,22041.0,431138.0,0.0,78.0,65.0,71.5,3,0,6,170,0,20353.0,23274.0,21113.0,19619.571428571428,20432.714285714286,0.0,6.5,71.0
2020-06-19,22974.0,457057.0,0.0,86.0,67.0,76.5,4,0,6,171,0,22041.0,20625.0,21355.0,19443.428571428572,20499.0,0.0,11.5,71.5
2020-06-20,22825.0,452858.0,0.0,88.0,72.0,80.0,5,1,6,172,0,22974.0,19547.0,20514.0,19779.0,20614.64285714286,0.0,15.0,76.5
2020-06-21,23669.0,461603.0,0.0,88.0,73.0,80.5,6,1,6,173,0,22825.0,16451.0,19364.0,20247.285714285714,20779.714285714286,0.0,15.5,80.0
2020-06-22,26980.0,521786.0,0.0,93.0,75.0,84.0,0,0,6,174,0,23669.0,18036.0,19056.0,21278.428571428572,21087.214285714286,0.0,19.0,80.5
2020-06-23,26171.0,530768.0,0.0,87.0,76.0,81.5,1,0,6,175,0,26980.0,19051.0,22842.0,22556.14285714286,21653.214285714286,0.0,16.5,84.0
2020-06-24,24586.0,503799.0,0.0,89.0,76.0,82.5,2,0,6,176,0,26171.0,20353.0,24477.0,23573.285714285714,21891.0,0.0,17.5,81.5
2020-06-25,22738.0,467141.0,0.0,89.0,74.0,81.5,3,0,6,177,0,24586.0,22041.0,23274.0,24178.0,21898.785714285714,0.0,16.5,82.5
2020-06-26,23431.0,469608.0,0.0,90.0,73.0,81.5,4,0,6,178,0,22738.0,22974.0,20625.0,24277.571428571428,21860.5,0.0,16.5,81.5
2020-06-27,22197.0,440190.0,0.25,85.0,73.0,79.0,5,1,6,179,0,23431.0,22825.0,19547.0,24342.85714285714,22060.928571428572,0.0,14.0,81.5
2020-06-28,22814.0,455140.0,0.02,93.0,72.0,82.5,6,1,6,180,0,22197.0,23669.0,16451.0,24253.14285714286,22250.214285714286,0.0,17.5,79.0
2020-06-29,24991.0,488643.0,0.07,89.0,72.0,80.5,0,0,6,181,0,22814.0,26980.0,18036.0,24131.0,22704.714285714286,0.0,15.5,82.5
2020-06-30,22891.0,468687.0,0.0,81.0,70.0,75.5,1,0,6,182,0,24991.0,26171.0,19051.0,23846.85714285714,23201.5,0.0,10.5,80.5
2020-07-01,23407.0,462826.0,0.0,84.0,68.0,76.0,2,0,7,183,0,22891.0,24586.0,20353.0,23378.285714285714,23475.785714285714,0.0,11.0,75.5
2020-07-02,26456.0,491656.0,0.0,95.0,69.0,82.0,3,0,7,184,0,23407.0,22738.0,22041.0,23209.85714285714,23693.928571428572,0.0,17.0,76.0
2020-07-03,25232.0,513359.0,0.36,94.0,72.0,83.0,4,0,7,185,1,26456.0,23431.0,22974.0,23741.0,24009.285714285714,0.0,18.0,82.0
2020-07-04,23514.0,467911.0,0.0,88.0,70.0,79.0,5,1,7,186,1,25232.0,22197.0,22825.0,23998.285714285714,24170.571428571428,0.0,14.0,83.0
2020-07-05,24949.0,468280.0,0.0,96.0,74.0,85.0,6,1,7,187,0,23514.0,22814.0,23669.0,24186.428571428572,24219.785714285714,0.0,20.0,79.0
2020-07-06,27448.0,535524.0,0.05,96.0,74.0,85.0,0,0,7,188,0,24949.0,24991.0,26980.0,24491.428571428572,24311.214285714286,0.0,20.0,85.0
2020-07-07,25532.0,516435.0,0.0,81.0,72.0,76.5,1,0,7,189,0,27448.0,22891.0,26171.0,24842.428571428572,24344.64285714286,0.0,11.5,85.0
2020-07-08,26849.0,543612.0,0.01,89.0,77.0,83.0,2,0,7,190,0,25532.0,23407.0,24586.0,25219.714285714286,24299.0,0.0,18.0,76.5
2020-07-09,28808.0,559318.0,0.0,91.0,78.0,84.5,3,0,7,191,0,26849.0,26456.0,22738.0,25711.428571428572,24460.64285714286,0.0,19.5,83.0
2020-07-10,27424.0,553555.0,2.45,79.0,74.0,76.5,4,0,7,192,0,28808.0,25232.0,23431.0,26047.428571428572,24894.214285714286,0.0,11.5,84.5
2020-07-11,24353.0,508076.0,0.06,88.0,75.0,81.5,5,1,7,193,0,27424.0,23514.0,22197.0,26360.571428571428,25179.428571428572,0.0,16.5,76.5
2020-07-12,24565.0,487233.0,0.05,93.0,76.0,84.5,6,1,7,194,0,24353.0,24949.0,22814.0,26480.428571428572,25333.428571428572,0.0,19.5,81.5
2020-07-13,26048.0,522186.0,0.0,91.0,76.0,83.5,0,0,7,195,0,24565.0,27448.0,24991.0,26425.571428571428,25458.5,0.0,18.5,84.5
2020-07-14,25469.0,508531.0,0.0,89.0,74.0,81.5,1,0,7,196,0,26048.0,25532.0,22891.0,26225.571428571428,25534.0,0.0,16.5,83.5
2020-07-15,24968.0,503572.0,0.0,82.0,72.0,77.0,2,0,7,197,0,25469.0,26849.0,23407.0,26216.571428571428,25718.14285714286,0.0,12.0,81.5
2020-07-16,23700.0,488158.0,0.0,80.0,71.0,75.5,3,0,7,198,0,24968.0,28808.0,26456.0,25947.85714285714,25829.64285714286,0.0,10.5,77.0
2020-07-17,24642.0,474641.0,0.04,86.0,71.0,78.5,4,0,7,199,0,23700.0,27424.0,25232.0,25218.14285714286,25632.785714285714,0.0,13.5,75.5
2020-07-18,26159.0,505003.0,0.0,95.0,74.0,84.5,5,1,7,200,0,24642.0,24353.0,23514.0,24820.714285714286,25590.64285714286,0.0,19.5,78.5
2020-07-19,27418.0,540275.0,0.0,97.0,80.0,88.5,6,1,7,201,0,26159.0,24565.0,24949.0,25078.714285714286,25779.571428571428,0.0,23.5,84.5
2020-07-20,29909.0,603366.0,0.0,97.0,84.0,90.5,0,0,7,202,0,27418.0,26048.0,27448.0,25486.285714285714,25955.928571428572,0.0,25.5,88.5
2020-07-21,28486.0,575800.0,0.0,95.0,79.0,87.0,1,0,7,203,0,29909.0,25469.0,25532.0,26037.85714285714,26131.714285714286,0.0,22.0,90.5
2020-07-22,29053.0,574932.0,0.84,95.0,74.0,84.5,2,0,7,204,0,28486.0,24968.0,26849.0,26468.85714285714,26342.714285714286,0.0,19.5,87.0
2020-07-23,28118.0,561260.0,0.03,92.0,76.0,84.0,3,0,7,205,0,29053.0,23700.0,28808.0,27052.428571428572,26500.14285714286,0.0,19.0,84.5
2020-07-24,26694.0,536074.0,0.28,81.0,74.0,77.5,4,0,7,206,0,28118.0,24642.0,27424.0,27683.571428571428,26450.85714285714,0.0,12.5,84.0
2020-07-25,26084.0,508551.0,0.0,92.0,74.0,83.0,5,1,7,207,0,26694.0,26159.0,24353.0,27976.714285714286,26398.714285714286,0.0,18.0,77.5
2020-07-26,27427.0,537278.0,0.0,95.0,80.0,87.5,6,1,7,208,0,26084.0,27418.0,24565.0,27966.0,26522.35714285714,0.0,22.5,83.0
2020-07-27,30660.0,592836.0,0.0,97.0,81.0,89.0,0,0,7,209,0,27427.0,29909.0,26048.0,27967.285714285714,26726.785714285714,0.0,24.0,87.5
2020-07-28,29685.0,620268.0,0.0,97.0,83.0,90.0,1,0,7,210,0,30660.0,28486.0,25469.0,28074.571428571428,27056.214285714286,0.0,25.0,89.0
2020-07-29,28378.0,572404.0,0.0,90.0,78.0,84.0,2,0,7,211,0,29685.0,29053.0,24968.0,28245.85714285714,27357.35714285714,0.0,19.0,90.0
2020-07-30,28094.0,567569.0,0.01,96.0,80.0,88.0,3,0,7,212,0,28378.0,28118.0,23700.0,28149.428571428572,27600.928571428572,0.0,23.0,84.0
2020-07-31,26293.0,526172.0,0.56,84.0,72.0,78.0,4,0,7,213,0,28094.0,26694.0,24642.0,28146.0,27914.785714285714,0.0,13.0,88.0
2020-08-01,25134.0,499515.0,0.0,90.0,74.0,82.0,5,1,8,214,0,26293.0,26084.0,26159.0,28088.714285714286,28032.714285714286,0.0,17.0,78.0
2020-08-02,26813.0,522737.0,0.0,90.0,77.0,83.5,6,1,8,215,0,25134.0,27427.0,27418.0,27953.0,27959.5,0.0,18.5,82.0
2020-08-03,27923.0,567757.0,0.35,93.0,74.0,83.5,0,0,8,216,0,26813.0,30660.0,29909.0,27865.285714285714,27916.285714285714,0.0,18.5,83.5
2020-08-04,26435.0,515469.0,0.45,83.0,73.0,78.0,1,0,8,217,0,27923.0,29685.0,28486.0,27474.285714285714,27774.428571428572,0.0,13.0,83.5
2020-08-05,23762.0,468602.0,0.0,90.0,77.0,83.5,2,0,8,218,0,26435.0,28378.0,29053.0,27010.0,27627.928571428572,0.0,18.5,78.0
2020-08-06,22657.0,463494.0,0.0,82.0,73.0,77.5,3,0,8,219,0,23762.0,28094.0,28118.0,26350.571428571428,27250.0,0.0,12.5,83.5
2020-08-07,22182.0,457583.0,0.44,80.0,71.0,75.5,4,0,8,220,0,22657.0,26293.0,26694.0,25573.85714285714,26859.928571428572,0.0,10.5,77.5
2020-08-08,22966.0,455858.0,0.0,85.0,72.0,78.5,5,1,8,221,0,22182.0,25134.0,26084.0,24986.571428571428,26537.64285714286,0.0,13.5,75.5
2020-08-09,24777.0,475607.0,0.0,89.0,75.0,82.0,6,1,8,222,0,22966.0,26813.0,27427.0,24676.85714285714,26314.928571428572,0.0,17.0,78.5
2020-08-10,29685.0,562750.0,0.0,95.0,79.0,87.0,0,0,8,223,0,24777.0,27923.0,30660.0,24386.0,26125.64285714286,0.0,22.0,82.0
2020-08-11,29061.0,588224.0,0.0,89.0,80.0,84.5,1,0,8,224,0,29685.0,26435.0,29685.0,24637.714285714286,26056.0,0.0,19.5,87.0
2020-08-12,28013.0,575489.0,1.49,92.0,77.0,84.5,2,0,8,225,0,29061.0,23762.0,28378.0,25012.85714285714,26011.428571428572,0.0,19.5,84.5
2020-08-13,26195.0,533205.0,0.11,82.0,75.0,78.5,3,0,8,226,0,28013.0,22657.0,28094.0,25620.14285714286,25985.35714285714,0.0,13.5,84.5
2020-08-14,26082.0,525569.0,0.0,88.0,74.0,81.0,4,0,8,227,0,26195.0,22182.0,26293.0,26125.571428571428,25849.714285714286,0.0,16.0,78.5
2020-08-15,24441.0,477989.0,0.0,85.0,73.0,79.0,5,1,8,228,0,26082.0,22966.0,25134.0,26682.714285714286,25834.64285714286,0.0,14.0,81.0
2020-08-16,21332.0,430800.0,0.13,73.0,69.0,71.0,6,1,8,229,0,24441.0,24777.0,26813.0,26893.428571428572,25785.14285714286,0.0,6.0,79.0
2020-08-17,22608.0,444248.0,0.84,83.0,68.0,75.5,0,0,8,230,0,21332.0,29685.0,27923.0,26401.285714285714,25393.64285714286,0.0,10.5,71.0
2020-08-18,22855.0,457753.0,0.13,86.0,67.0,76.5,1,0,8,231,0,22608.0,29061.0,26435.0,25390.285714285714,25014.0,0.0,11.5,75.5
2020-08-19,21623.0,444332.0,0.14,77.0,69.0,73.0,2,0,8,232,0,22855.0,28013.0,23762.0,24503.714285714286,24758.285714285714,0.0,8.0,76.5
2020-08-20,21671.0,427917.0,0.0,83.0,68.0,75.5,3,0,8,233,0,21623.0,26195.0,22657.0,23590.85714285714,24605.5,0.0,10.5,73.0
2020-08-21,24157.0,458963.0,0.0,88.0,72.0,80.0,4,0,8,234,0,21671.0,26082.0,22182.0,22944.571428571428,24535.071428571428,0.0,15.0,75.5
2020-08-22,24570.0,484612.0,0.0,92.0,77.0,84.5,5,1,8,235,0,24157.0,24441.0,22966.0,22669.571428571428,24676.14285714286,0.0,19.5,80.0
2020-08-23,25043.0,492043.0,0.0,87.0,77.0,82.0,6,1,8,236,0,24570.0,21332.0,24777.0,22688.0,24790.714285714286,0.0,17.0,84.5
2020-08-24,28885.0,549347.0,0.0,93.0,78.0,85.5,0,0,8,237,0,25043.0,22608.0,29685.0,23218.14285714286,24809.714285714286,0.0,20.5,82.0
2020-08-25,27535.0,556623.0,0.36,93.0,71.0,82.0,1,0,8,238,0,28885.0,22855.0,29061.0,24114.85714285714,24752.571428571428,0.0,17.0,85.5
2020-08-26,24696.0,462807.0,0.0,79.0,70.0,74.5,2,0,8,239,0,27535.0,21623.0,28013.0,24783.428571428572,24643.571428571428,0.0,9.5,82.0
2020-08-27,25879.0,477911.0,0.43,94.0,72.0,83.0,3,0,8,240,0,24696.0,21671.0,26195.0,25222.428571428572,24406.64285714286,0.0,18.0,74.5
2020-08-28,24352.0,492100.0,0.01,89.0,75.0,82.0,4,0,8,241,0,25879.0,24157.0,26082.0,25823.571428571428,24384.071428571428,0.0,17.0,83.0
2020-08-29,22580.0,470933.0,0.02,84.0,75.0,79.5,5,1,8,242,0,24352.0,24570.0,24441.0,25851.428571428572,24260.5,0.0,14.5,82.0
2020-08-30,21760.0,420181.0,0.0,81.0,70.0,75.5,6,1,8,243,0,22580.0,25043.0,21332.0,25567.14285714286,24127.571428571428,0.0,10.5,79.5
2020-08-31,20289.0,414682.0,0.0,77.0,67.0,72.0,0,0,8,244,0,21760.0,28885.0,22608.0,25098.14285714286,24158.14285714286,0.0,7.0,75.5
2020-09-01,21872.0,445909.0,0.18,81.0,68.0,74.5,1,0,9,245,0,20289.0,27535.0,22855.0,23870.14285714286,23992.5,0.0,9.5,72.0
2020-09-02,23262.0,470842.0,0.11,81.0,70.0,75.5,2,0,9,246,0,21872.0,24696.0,21623.0,23061.14285714286,23922.285714285714,0.0,10.5,74.5
2020-09-03,24072.0,489527.0,1.16,89.0,73.0,81.0,3,0,9,247,0,23262.0,25879.0,21671.0,22856.285714285714,24039.35714285714,0.0,16.0,75.5
2020-09-04,23236.0,481982.0,0.0,87.0,73.0,80.0,4,0,9,248,0,24072.0,24352.0,24157.0,22598.14285714286,24210.85714285714,0.0,15.0,81.0
2020-09-05,21347.0,408189.0,0.0,82.0,69.0,75.5,5,1,9,249,0,23236.0,22580.0,24570.0,22438.714285714286,24145.071428571428,0.0,10.5,80.0
2020-09-06,19535.0,392134.0,0.0,85.0,70.0,77.5,6,1,9,250,0,21347.0,21760.0,25043.0,22262.571428571428,23914.85714285714,0.0,12.5,75.5
2020-09-07,20202.0,413252.0,0.0,81.0,70.0,75.5,0,0,9,251,1,19535.0,20289.0,28885.0,21944.714285714286,23521.428571428572,0.0,10.5,77.5
2020-09-08,24219.0,462332.0,0.0,84.0,71.0,77.5,1,0,9,252,0,20202.0,21872.0,27535.0,21932.285714285714,22901.214285714286,0.0,12.5,75.5
2020-09-09,23661.0,477840.0,0.06,81.0,72.0,76.5,2,0,9,253,0,24219.0,23262.0,24696.0,22267.571428571428,22664.35714285714,0.0,11.5,77.5
2020-09-10,24237.0,496875.0,1.43,85.0,75.0,80.0,3,0,9,254,0,23661.0,24072.0,25879.0,22324.571428571428,22590.428571428572,0.0,15.0,76.5
2020-09-11,23420.0,461796.0,0.0,79.0,67.0,73.0,4,0,9,255,0,24237.0,23236.0,24352.0,22348.14285714286,22473.14285714286,0.0,8.0,80.0
2020-09-12,19001.0,375031.0,0.0,73.0,63.0,68.0,5,1,9,256,0,23420.0,21347.0,22580.0,22374.428571428572,22406.571428571428,0.0,3.0,73.0
2020-09-13,18592.0,374208.0,0.0,77.0,64.0,70.5,6,1,9,257,0,19001.0,19535.0,21760.0,22039.285714285714,22150.928571428572,0.0,5.5,68.0
2020-09-14,19125.0,414709.0,0.0,77.0,62.0,69.5,0,0,9,258,0,18592.0,20202.0,20289.0,21904.571428571428,21924.64285714286,0.0,4.5,70.5
2020-09-15,18569.0,372361.0,0.0,67.0,55.0,61.0,1,0,9,259,0,19125.0,24219.0,21872.0,21750.714285714286,21841.5,4.0,0.0,69.5
2020-09-16,17793.0,371470.0,0.0,73.0,60.0,66.5,2,0,9,260,0,18569.0,23661.0,23262.0,20943.571428571428,21605.571428571428,0.0,1.5,61.0
2020-09-17,18846.0,392307.0,0.0,77.0,66.0,71.5,3,0,9,261,0,17793.0,24237.0,24072.0,20105.285714285714,21214.928571428572,0.0,6.5,66.5
2020-09-18,18785.0,385341.0,0.0,71.0,57.0,64.0,4,0,9,262,0,18846.0,23420.0,23236.0,19335.14285714286,20841.64285714286,1.0,0.0,71.5
2020-09-19,17041.0,334745.0,0.0,65.0,51.0,58.0,5,1,9,263,0,18785.0,19001.0,21347.0,18673.0,20523.714285714286,7.0,0.0,64.0
2020-09-20,15683.0,325956.0,0.0,64.0,52.0,58.0,6,1,9,264,0,17041.0,18592.0,19535.0,18393.0,20216.14285714286,7.0,0.0,58.0
2020-09-21,16884.0,355833.0,0.0,66.0,52.0,59.0,0,0,9,265,0,15683.0,19125.0,20202.0,17977.428571428572,19941.0,6.0,0.0,58.0
2020-09-22,17132.0,362136.0,0.0,74.0,55.0,64.5,1,0,9,266,0,16884.0,18569.0,24219.0,17657.285714285714,19704.0,0.5,0.0,59.0
2020-09-23,18412.0,373032.0,0.0,81.0,62.0,71.5,2,0,9,267,0,17132.0,17793.0,23661.0,17452.0,19197.785714285714,0.0,6.5,64.5
2020-09-24,18479.0,387893.0,0.0,78.0,66.0,72.0,3,0,9,268,0,18412.0,18846.0,24237.0,17540.428571428572,18822.85714285714,0.0,7.0,71.5
2020-09-25,19026.0,393806.0,0.0,80.0,65.0,72.5,4,0,9,269,0,18479.0,18785.0,23420.0,17488.0,18411.571428571428,0.0,7.5,72.0
2020-09-26,18784.0,375417.0,0.0,77.0,66.0,71.5,5,1,9,270,0,19026.0,17041.0,19001.0,17522.428571428572,18097.714285714286,0.0,6.5,72.5
2020-09-27,19495.0,387738.0,0.02,78.0,69.0,73.5,6,1,9,271,0,18784.0,15683.0,18592.0,17771.428571428572,18082.214285714286,0.0,8.5,71.5
2020-09-28,20901.0,433588.0,0.02,79.0,70.0,74.5,0,0,9,272,0,19495.0,16884.0,19125.0,18316.0,18146.714285714286,0.0,9.5,73.5
2020-09-29,20484.0,426525.0,0.31,74.0,69.0,71.5,1,0,9,273,0,20901.0,17132.0,18569.0,18889.85714285714,18273.571428571428,0.0,6.5,74.5
2020-09-30,19514.0,398774.0,0.88,73.0,62.0,67.5,2,0,9,274,0,20484.0,18412.0,17793.0,19368.714285714286,18410.35714285714,0.0,2.5,71.5
2020-10-01,17880.0,377277.0,0.0,74.0,62.0,68.0,3,0,10,275,0,19514.0,18479.0,18846.0,19526.14285714286,18533.285714285714,0.0,3.0,67.5
2020-10-02,17764.0,372326.0,0.03,68.0,58.0,63.0,4,0,10,276,0,17880.0,19026.0,18785.0,19440.571428571428,18464.285714285714,2.0,0.0,68.0
2020-10-03,16964.0,340692.0,0.0,69.0,55.0,62.0,5,1,10,277,0,17764.0,18784.0,17041.0,19260.285714285714,18391.35714285714,3.0,0.0,63.0
2020-10-04,16142.0,337188.0,0.0,67.0,53.0,60.0,6,1,10,278,0,16964.0,19495.0,15683.0,19000.285714285714,18385.85714285714,5.0,0.0,62.0
2020-10-05,17454.0,365005.0,0.0,68.0,56.0,62.0,0,0,10,279,0,16142.0,20901.0,16884.0,18521.285714285714,18418.64285714286,3.0,0.0,60.0
2020-10-06,17526.0,369449.0,0.0,71.0,59.0,65.0,1,0,10,280,0,17454.0,20484.0,17132.0,18028.85714285714,18459.35714285714,0.0,0.0,62.0
2020-10-07,17530.0,374502.0,0.02,77.0,62.0,69.5,2,0,10,281,0,17526.0,19514.0,18412.0,17606.285714285714,18487.5,0.0,4.5,65.0
2020-10-08,17446.0,361233.0,0.0,65.0,57.0,61.0,3,0,10,282,0,17530.0,17880.0,18479.0,17322.85714285714,18424.5,4.0,0.0,69.5
2020-10-09,17154.0,360143.0,0.0,71.0,54.0,62.5,4,0,10,283,0,17446.0,17764.0,19026.0,17260.85714285714,18350.714285714286,2.5,0.0,61.0
2020-10-10,16999.0,346951.0,0.0,73.0,60.0,66.5,5,1,10,284,0,17154.0,16964.0,18784.0,17173.714285714286,18217.0,0.0,1.5,62.5
2020-10-11,16633.0,339792.0,0.01,69.0,58.0,63.5,6,1,10,285,0,16999.0,16142.0,19495.0,17178.714285714286,18089.5,1.5,0.0,66.5
2020-10-12,17533.0,363425.0,0.95,58.0,51.0,54.5,0,0,10,286,1,16633.0,17454.0,20901.0,17248.85714285714,17885.071428571428,10.5,0.0,63.5
2020-10-13,17500.0,372406.0,0.26,60.0,54.0,57.0,1,0,10,287,0,17533.0,17526.0,20484.0,17260.14285714286,17644.5,8.0,0.0,54.5
2020-10-14,17406.0,364054.0,0.0,71.0,54.0,62.5,2,0,10,288,0,17500.0,17530.0,19514.0,17256.428571428572,17431.35714285714,2.5,0.0,57.0
2020-10-15,17694.0,370142.0,0.0,73.0,58.0,65.5,3,0,10,289,0,17406.0,17446.0,17880.0,17238.714285714286,17280.785714285714,0.0,0.5,62.5
2020-10-16,17590.0,377965.0,1.43,66.0,50.0,58.0,4,0,10,290,0,17694.0,17154.0,17764.0,17274.14285714286,17267.5,7.0,0.0,65.5
2020-10-17,17176.0,343803.0,0.03,62.0,49.0,55.5,5,1,10,291,0,17590.0,16999.0,16964.0,17336.428571428572,17255.071428571428,9.5,0.0,58.0
2020-10-18,16368.0,341082.0,0.0,65.0,49.0,57.0,6,1,10,292,0,17176.0,16633.0,16142.0,17361.714285714286,17270.214285714286,8.0,0.0,55.5
2020-10-19,17812.0,368026.0,0.0,68.0,54.0,61.0,0,0,10,293,0,16368.0,17533.0,17454.0,17323.85714285714,17286.35714285714,4.0,0.0,57.0
2020-10-20,18052.0,377427.0,0.01,72.0,60.0,66.0,1,0,10,294,0,17812.0,17500.0,17526.0,17363.714285714286,17311.928571428572,0.0,1.0,61.0
2020-10-21,18200.0,380272.0,0.0,71.0,62.0,66.5,2,0,10,295,0,18052.0,17406.0,17530.0,17442.571428571428,17349.5,0.0,1.5,66.0
2020-10-22,18222.0,383334.0,0.0,69.0,64.0,66.5,3,0,10,296,0,18200.0,17694.0,17446.0,17556.0,17397.35714285714,0.0,1.5,66.5
2020-10-23,18017.0,381682.0,0.0,71.0,64.0,67.5,4,0,10,297,0,18222.0,17590.0,17154.0,17631.428571428572,17452.785714285714,0.0,2.5,66.5
2020-10-24,17539.0,356165.0,0.0,70.0,50.0,60.0,5,1,10,298,0,18017.0,17176.0,16999.0,17692.428571428572,17514.428571428572,5.0,0.0,67.5
2020-10-25,16797.0,342362.0,0.02,55.0,46.0,50.5,6,1,10,299,0,17539.0,16368.0,16633.0,17744.285714285714,17553.0,14.5,0.0,60.0
2020-10-26,18181.0,379368.0,0.03,59.0,53.0,56.0,0,0,10,300,0,16797.0,17812.0,17533.0,17805.571428571428,17564.714285714286,9.0,0.0,50.5
2020-10-27,18054.0,378196.0,0.0,60.0,54.0,57.0,1,0,10,301,0,18181.0,18052.0,17500.0,17858.285714285714,17611.0,8.0,0.0,56.0
2020-10-28,18101.0,382279.0,0.13,60.0,52.0,56.0,2,0,10,302,0,18054.0,18200.0,17406.0,17858.571428571428,17650.571428571428,9.0,0.0,57.0
2020-10-29,18591.0,388667.0,1.59,58.0,47.0,52.5,3,0,10,303,0,18101.0,18222.0,17694.0,17844.428571428572,17700.214285714286,12.5,0.0,56.0
2020-10-30,18700.0,395544.0,0.65,47.0,39.0,43.0,4,0,10,304,0,18591.0,18017.0,17590.0,17897.14285714286,17764.285714285714,22.0,0.0,52.5
2020-10-31,18385.0,373637.0,0.0,48.0,35.0,41.5,5,1,10,305,0,18700.0,17539.0,17176.0,17994.714285714286,17843.571428571428,23.5,0.0,43.0
2020-11-01,17751.0,367280.0,0.43,56.0,45.0,50.5,6,1,11,306,0,18385.0,16797.0,16368.0,18115.571428571428,17929.928571428572,14.5,0.0,41.5
2020-11-02,19944.0,395043.0,0.0,47.0,40.0,43.5,0,0,11,307,0,17751.0,18181.0,17812.0,18251.85714285714,18028.714285714286,21.5,0.0,50.5
2020-11-03,19754.0,401986.0,0.0,55.0,42.0,48.5,1,0,11,308,0,19944.0,18054.0,18052.0,18503.714285714286,18181.0,16.5,0.0,43.5
2020-11-04,18993.0,390066.0,0.0,64.0,42.0,53.0,2,0,11,309,0,19754.0,18101.0,18200.0,18746.571428571428,18302.571428571428,12.0,0.0,48.5
2020-11-05,18289.0,375616.0,0.0,70.0,52.0,61.0,3,0,11,310,0,18993.0,18591.0,18222.0,18874.0,18359.214285714286,4.0,0.0,53.0
2020-11-06,18044.0,369299.0,0.0,73.0,56.0,64.5,4,0,11,311,0,18289.0,18700.0,18017.0,18830.85714285714,18364.0,0.5,0.0,61.0
2020-11-07,17531.0,346027.0,0.0,76.0,57.0,66.5,5,1,11,312,0,18044.0,18385.0,17539.0,18737.14285714286,18365.928571428572,0.0,1.5,64.5
2020-11-08,16658.0,336632.0,0.0,77.0,54.0,65.5,6,1,11,313,0,17531.0,17751.0,16797.0,18615.14285714286,18365.35714285714,0.0,0.5,66.5
2020-11-09,18243.0,362913.0,0.0,78.0,53.0,65.5,0,0,11,314,0,16658.0,19944.0,18181.0,18459.0,18355.428571428572,0.0,0.5,65.5
2020-11-10,18450.0,370916.0,0.0,75.0,59.0,67.0,1,0,11,315,0,18243.0,19754.0,18054.0,18216.0,18359.85714285714,0.0,2.0,65.5
2020-11-11,18514.0,378389.0,0.63,70.0,62.0,66.0,2,0,11,316,1,18450.0,18993.0,18101.0,18029.714285714286,18388.14285714286,0.0,1.0,67.0
2020-11-12,18552.0,379174.0,0.28,69.0,48.0,58.5,3,0,11,317,0,18514.0,18289.0,18591.0,17961.285714285714,18417.64285714286,6.5,0.0,66.0
2020-11-13,18442.0,387349.0,0.16,52.0,48.0,50.0,4,0,11,318,0,18552.0,18044.0,18700.0,17998.85714285714,18414.85714285714,15.0,0.0,58.5
2020-11-14,18088.0,361001.0,0.0,54.0,45.0,49.5,5,1,11,319,0,18442.0,17531.0,18385.0,18055.714285714286,18396.428571428572,15.5,0.0,50.0
2020-11-15,17470.0,364031.0,0.13,64.0,41.0,52.5,6,1,11,320,0,18088.0,16658.0,17751.0,18135.285714285714,18375.214285714286,12.5,0.0,49.5
2020-11-16,18946.0,376128.0,0.0,57.0,49.0,53.0,0,0,11,321,0,17470.0,18243.0,19944.0,18251.285714285714,18355.14285714286,12.0,0.0,52.5
2020-11-17,19643.0,396269.0,0.0,50.0,39.0,44.5,1,0,11,322,0,18946.0,18450.0,19754.0,18351.714285714286,18283.85714285714,20.5,0.0,53.0
2020-11-18,20470.0,413149.0,0.0,39.0,33.0,36.0,2,0,11,323,0,19643.0,18514.0,18993.0,18522.14285714286,18275.928571428572,29.0,0.0,44.5
2020-11-19,20237.0,414586.0,0.0,50.0,33.0,41.5,3,0,11,324,0,20470.0,18552.0,18289.0,18801.571428571428,18381.428571428572,23.5,0.0,36.0
2020-11-20,19164.0,384114.0,0.0,64.0,47.0,55.5,4,0,11,325,0,20237.0,18442.0,18044.0,19042.285714285714,18520.571428571428,9.5,0.0,41.5
2020-11-21,17785.0,357094.0,0.0,65.0,50.0,57.5,5,1,11,326,0,19164.0,18088.0,17531.0,19145.428571428572,18600.571428571428,7.5,0.0,55.5
2020-11-22,18082.0,366516.0,0.0,61.0,46.0,53.5,6,1,11,327,0,17785.0,17470.0,16658.0,19102.14285714286,18618.714285714286,11.5,0.0,57.5
2020-11-23,19389.0,383843.0,0.68,61.0,45.0,53.0,0,0,11,328,0,18082.0,18946.0,18243.0,19189.571428571428,18720.428571428572,12.0,0.0,53.5
2020-11-24,19334.0,395392.0,0.0,50.0,44.0,47.0,1,0,11,329,0,19389.0,19643.0,18450.0,19252.85714285714,18802.285714285714,18.0,0.0,53.0
2020-11-25,19146.0,397163.0,0.0,56.0,45.0,50.5,2,0,11,330,0,19334.0,20470.0,18514.0,19208.714285714286,18865.428571428572,14.5,0.0,47.0
2020-11-26,18403.0,366345.0,0.88,67.0,54.0,60.5,3,0,11,331,1,19146.0,20237.0,18552.0,19019.571428571428,18910.571428571428,4.5,0.0,50.5
2020-11-27,17252.0,347777.0,0.0,63.0,51.0,57.0,4,0,11,332,0,18403.0,19164.0,18442.0,18757.571428571428,18899.928571428572,8.0,0.0,60.5
2020-11-28,17479.0,353232.0,0.0,57.0,47.0,52.0,5,1,11,333,0,17252.0,17785.0,18088.0,18484.428571428572,18814.928571428572,13.0,0.0,57.0
2020-11-29,17668.0,357827.0,0.0,56.0,42.0,49.0,6,1,11,334,0,17479.0,18082.0,17470.0,18440.714285714286,18771.428571428572,16.0,0.0,52.0
2020-11-30,19315.0,394135.0,1.23,67.0,48.0,57.5,0,0,11,335,0,17668.0,19389.0,18946.0,18381.571428571428,18785.571428571428,7.5,0.0,49.0
2020-12-01,19504.0,387456.0,0.0,60.0,40.0,50.0,1,0,12,336,0,19315.0,19334.0,19643.0,18371.0,18811.928571428572,15.0,0.0,57.5
2020-12-02,20310.0,409993.0,0.0,45.0,39.0,42.0,2,0,12,337,0,19504.0,19146.0,20470.0,18395.285714285714,18802.0,23.0,0.0,50.0
2020-12-03,20061.0,407935.0,0.0,52.0,37.0,44.5,3,0,12,338,0,20310.0,18403.0,20237.0,18561.571428571428,18790.571428571428,20.5,0.0,42.0
2020-12-04,19582.0,403458.0,0.13,53.0,47.0,50.0,4,0,12,339,0,20061.0,17252.0,19164.0,18798.428571428572,18778.0,15.0,0.0,44.5
2020-12-05,18915.0,387262.0,1.01,48.0,41.0,44.5,5,1,12,340,0,19582.0,17479.0,17785.0,19131.285714285714,18807.85714285714,20.5,0.0,50.0
2020-12-06,19597.0,389698.0,0.0,43.0,36.0,39.5,6,1,12,341,0,18915.0,17668.0,18082.0,19336.428571428572,18888.571428571428,25.5,0.0,44.5
2020-12-07,21026.0,422188.0,0.0,42.0,34.0,38.0,0,0,12,342,0,19597.0,19315.0,19389.0,19612.0,18996.785714285714,27.0,0.0,39.5
2020-12-08,21424.0,437594.0,0.0,38.0,32.0,35.0,1,0,12,343,0,21026.0,19504.0,19334.0,19856.428571428572,19113.714285714286,30.0,0.0,38.0
2020-12-09,21281.0,440046.0,0.02,40.0,34.0,37.0,2,0,12,344,0,21424.0,20310.0,19146.0,20130.714285714286,19263.0,28.0,0.0,35.0
2020-12-10,20934.0,420040.0,0.0,50.0,39.0,44.5,3,0,12,345,0,21281.0,20061.0,18403.0,20269.428571428572,19415.5,20.5,0.0,37.0
2020-12-11,20215.0,410620.0,0.0,55.0,38.0,46.5,4,0,12,346,0,20934.0,19582.0,17252.0,20394.14285714286,19596.285714285714,18.5,0.0,44.5
2020-12-12,19131.0,388880.0,0.0,58.0,43.0,50.5,5,1,12,347,0,20215.0,18915.0,17479.0,20484.571428571428,19807.928571428572,14.5,0.0,46.5
2020-12-13,18450.0,368770.0,0.0,62.0,49.0,55.5,6,1,12,348,0,19131.0,19597.0,17668.0,20515.428571428572,19925.928571428572,9.5,0.0,50.5
2020-12-14,20910.0,410875.0,0.23,49.0,38.0,43.5,0,0,12,349,0,18450.0,21026.0,19315.0,20351.571428571428,19981.785714285714,21.5,0.0,55.5
2020-12-15,21268.0,429572.0,0.0,41.0,32.0,36.5,1,0,12,350,0,20910.0,21424.0,19504.0,20335.0,20095.714285714286,28.5,0.0,43.5
2020-12-16,22541.0,457542.0,0.35,33.0,28.0,30.5,2,0,12,351,0,21268.0,21281.0,20310.0,20312.714285714286,20221.714285714286,34.5,0.0,36.5
2020-12-17,22242.0,458738.0,0.34,34.0,26.0,30.0,3,0,12,352,0,22541.0,20934.0,20061.0,20492.714285714286,20381.071428571428,35.0,0.0,30.5
2020-12-18,21900.0,458267.0,0.0,33.0,27.0,30.0,4,0,12,353,0,22242.0,20215.0,19582.0,20679.571428571428,20536.85714285714,35.0,0.0,30.0
2020-12-19,21768.0,447614.0,0.0,34.0,24.0,29.0,5,1,12,354,0,21900.0,19131.0,18915.0,20920.285714285714,20702.428571428572,36.0,0.0,30.0
2020-12-20,20551.0,425390.0,0.01,40.0,32.0,36.0,6,1,12,355,0,21768.0,18450.0,19597.0,21297.0,20906.214285714286,29.0,0.0,29.0
2020-12-21,20771.0,427662.0,0.0,48.0,37.0,42.5,0,0,12,356,0,20551.0,20910.0,21026.0,21597.14285714286,20974.35714285714,22.5,0.0,36.0
2020-12-22,20745.0,425841.0,0.0,48.0,40.0,44.0,1,0,12,357,0,20771.0,21268.0,21424.0,21577.285714285714,20956.14285714286,21.0,0.0,42.5
2020-12-23,20514.0,424753.0,0.0,45.0,39.0,42.0,2,0,12,358,0,20745.0,22541.0,21281.0,21502.571428571428,20907.64285714286,23.0,0.0,44.0
2020-12-24,20220.0,406406.0,0.17,62.0,42.0,52.0,3,0,12,359,0,20514.0,22242.0,20934.0,21213.0,20852.85714285714,13.0,0.0,42.0
2020-12-25,18210.0,373279.0,0.74,63.0,31.0,47.0,4,0,12,360,1,20220.0,21900.0,20215.0,20924.14285714286,20801.85714285714,18.0,0.0,52.0
2020-12-26,20172.0,403639.0,0.0,34.0,26.0,30.0,5,1,12,361,0,18210.0,21768.0,19131.0,20397.0,20658.64285714286,35.0,0.0,47.0
2020-12-27,20144.0,413301.0,0.0,40.0,27.0,33.5,6,1,12,362,0,20172.0,20551.0,18450.0,20169.0,20733.0,31.5,0.0,30.0
2020-12-28,20133.0,419086.0,0.0,52.0,36.0,44.0,0,0,12,363,0,20144.0,20771.0,20910.0,20110.85714285714,20854.0,21.0,0.0,33.5
2020-12-29,21029.0,418918.0,0.0,45.0,32.0,38.5,1,0,12,364,0,20133.0,20745.0,21268.0,20019.714285714286,20798.5,26.5,0.0,44.0
2020-12-30,20918.0,436377.0,0.0,45.0,30.0,37.5,2,0,12,365,0,21029.0,20514.0,22541.0,20060.285714285714,20781.428571428572,27.5,0.0,38.5
2020-12-31,20376.0,413464.0,0.53,50.0,38.0,44.0,3,0,12,366,0,20918.0,20220.0,22242.0,20118.0,20665.5,21.0,0.0,37.5
2021-01-01,19408.0,396078.0,0.66,41.0,35.0,38.0,4,0,1,1,1,20376.0,18210.0,21900.0,20140.285714285714,20532.214285714286,27.0,0.0,44.0
2021-01-02,18837.0,388101.0,0.06,52.0,37.0,44.5,5,1,1,2,0,19408.0,20172.0,21768.0,20311.428571428572,20354.214285714286,20.5,0.0,38.0
2021-01-03,19655.0,398238.0,0.16,40.0,36.0,38.0,6,1,1,3,0,18837.0,20144.0,20551.0,20120.714285714286,20144.85714285714,27.0,0.0,44.5
2021-01-04,20357.0,417320.0,0.01,44.0,37.0,40.5,0,0,1,4,0,19655.0,20133.0,20771.0,20050.85714285714,20080.85714285714,24.5,0.0,38.0
2021-01-05,20416.0,420505.0,0.0,42.0,38.0,40.0,1,0,1,5,0,20357.0,21029.0,20745.0,20082.85714285714,20051.285714285714,25.0,0.0,40.5
2021-01-06,20721.0,423222.0,0.0,43.0,37.0,40.0,2,0,1,6,0,20416.0,20918.0,20514.0,19995.285714285714,20027.785714285714,25.0,0.0,40.0
2021-01-07,20641.0,428676.0,0.0,44.0,33.0,38.5,3,0,1,7,0,20721.0,20376.0,20220.0,19967.14285714286,20042.571428571428,26.5,0.0,40.0
2021-01-08,20757.0,436454.0,0.0,39.0,31.0,35.0,4,0,1,8,0,20641.0,19408.0,18210.0,20005.0,20072.64285714286,30.0,0.0,38.5
2021-01-09,20518.0,421929.0,0.0,38.0,28.0,33.0,5,1,1,9,0,20757.0,18837.0,20172.0,20197.714285714286,20254.571428571428,32.0,0.0,35.0
2021-01-10,19600.0,407201.0,0.0,43.0,32.0,37.5,6,1,1,10,0,20518.0,19655.0,20144.0,20437.85714285714,20279.285714285714,27.5,0.0,33.0
2021-01-11,20916.0,436157.0,0.0,38.0,30.0,34.0,0,0,1,11,0,19600.0,20357.0,20133.0,20430.0,20240.428571428572,31.0,0.0,37.5
2021-01-12,20658.0,432836.0,0.0,46.0,34.0,40.0,1,0,1,12,0,20916.0,20416.0,21029.0,20509.85714285714,20296.35714285714,25.0,0.0,34.0
2021-01-13,20451.0,429331.0,0.0,45.0,35.0,40.0,2,0,1,13,0,20658.0,20721.0,20918.0,20544.428571428572,20269.85714285714,25.0,0.0,40.0
2021-01-14,20245.0,419917.0,0.0,50.0,38.0,44.0,3,0,1,14,0,20451.0,20641.0,20376.0,20505.85714285714,20236.5,21.0,0.0,40.0
2021-01-15,19771.0,418659.0,0.36,49.0,38.0,43.5,4,0,1,15,0,20245.0,20757.0,19408.0,20449.285714285714,20227.14285714286,21.5,0.0,44.0
2021-01-16,19449.0,394781.0,0.79,49.0,40.0,44.5,5,1,1,16,0,19771.0,20518.0,18837.0,20308.428571428572,20253.071428571428,20.5,0.0,43.5
2021-01-17,18659.0,388949.0,0.0,46.0,38.0,42.0,6,1,1,17,0,19449.0,19600.0,19655.0,20155.714285714286,20296.785714285714,23.0,0.0,44.5
2021-01-18,19827.0,403502.0,0.0,47.0,40.0,43.5,0,0,1,18,1,18659.0,20916.0,20357.0,20021.285714285714,20225.64285714286,21.5,0.0,42.0
2021-01-19,20430.0,425295.0,0.0,43.0,38.0,40.5,1,0,1,19,0,19827.0,20658.0,20416.0,19865.714285714286,20187.785714285714,24.5,0.0,43.5
2021-01-20,21046.0,430270.0,0.02,42.0,29.0,35.5,2,0,1,20,0,20430.0,20451.0,20721.0,19833.14285714286,20188.785714285714,29.5,0.0,40.5
2021-01-21,21028.0,444862.0,0.0,45.0,27.0,36.0,3,0,1,21,0,21046.0,20245.0,20641.0,19918.14285714286,20212.0,29.0,0.0,35.5
2021-01-22,20473.0,425977.0,0.0,46.0,38.0,42.0,4,0,1,22,0,21028.0,19771.0,20757.0,20030.0,20239.64285714286,23.0,0.0,36.0
2021-01-23,20256.0,418728.0,0.0,38.0,27.0,32.5,5,1,1,23,0,20473.0,19449.0,20518.0,20130.285714285714,20219.35714285714,32.5,0.0,42.0
2021-01-24,20478.0,428095.0,0.0,34.0,24.0,29.0,6,1,1,24,0,20256.0,18659.0,19600.0,20245.571428571428,20200.64285714286,36.0,0.0,32.5
2021-01-25,21122.0,445163.0,0.0,39.0,26.0,32.5,0,0,1,25,0,20478.0,19827.0,20916.0,20505.428571428572,20263.35714285714,32.5,0.0,29.0
2021-01-26,21478.0,449817.0,0.07,36.0,33.0,34.5,1,0,1,26,0,21122.0,20430.0,20658.0,20690.428571428572,20278.071428571428,30.5,0.0,32.5
2021-01-27,21251.0,443107.0,0.0,39.0,33.0,36.0,2,0,1,27,0,21478.0,21046.0,20451.0,20840.14285714286,20336.64285714286,29.0,0.0,34.5
2021-01-28,21852.0,449725.0,0.0,35.0,23.0,29.0,3,0,1,28,0,21251.0,21028.0,20245.0,20869.428571428572,20393.785714285714,36.0,0.0,36.0
2021-01-29,22430.0,479415.0,0.0,28.0,17.0,22.5,4,0,1,29,0,21852.0,20473.0,19771.0,20987.14285714286,20508.571428571428,42.5,0.0,29.0
2021-01-30,22500.0,459115.0,0.0,34.0,19.0,26.5,5,1,1,30,0,22430.0,20256.0,19449.0,21266.714285714286,20698.5,38.5,0.0,22.5
2021-01-31,21127.0,450538.0,0.05,27.0,21.0,24.0,6,1,1,31,0,22500.0,20478.0,18659.0,21587.285714285714,20916.428571428572,41.0,0.0,26.5
2021-02-01,21578.0,465572.0,0.86,35.0,25.0,30.0,0,0,2,32,0,21127.0,21122.0,19827.0,21680.0,21092.714285714286,35.0,0.0,24.0
2021-02-02,21573.0,455578.0,0.1,35.0,30.0,32.5,1,0,2,33,0,21578.0,21478.0,20430.0,21745.14285714286,21217.785714285714,32.5,0.0,30.0
2021-02-03,21459.0,451971.0,0.0,38.0,30.0,34.0,2,0,2,34,0,21573.0,21251.0,21046.0,21758.714285714286,21299.428571428572,31.0,0.0,32.5
2021-02-04,21168.0,439293.0,0.0,43.0,33.0,38.0,3,0,2,35,0,21459.0,21852.0,21028.0,21788.428571428572,21328.928571428572,27.0,0.0,34.0
2021-02-05,20459.0,430619.0,0.06,49.0,36.0,42.5,4,0,2,36,0,21168.0,22430.0,20473.0,21690.714285714286,21338.928571428572,22.5,0.0,38.0
2021-02-06,19827.0,407654.0,0.0,46.0,33.0,39.5,5,1,2,37,0,20459.0,22500.0,20256.0,21409.14285714286,21337.928571428572,25.5,0.0,42.5
2021-02-07,20028.0,421564.0,0.39,40.0,27.0,33.5,6,1,2,38,0,19827.0,21127.0,20478.0,21027.285714285714,21307.285714285714,31.5,0.0,39.5
2021-02-08,21315.0,453281.0,0.0,31.0,19.0,25.0,0,0,2,39,0,20028.0,21578.0,21122.0,20870.285714285714,21275.14285714286,40.0,0.0,33.5
2021-02-09,21746.0,463848.0,0.01,34.0,24.0,29.0,1,0,2,40,0,21315.0,21573.0,21478.0,20832.714285714286,21288.928571428572,36.0,0.0,25.0
2021-02-10,21462.0,452979.0,0.0,36.0,27.0,31.5,2,0,2,41,0,21746.0,21459.0,21251.0,20857.428571428572,21308.071428571428,33.5,0.0,29.0
2021-02-11,21197.0,453447.0,0.1,33.0,26.0,29.5,3,0,2,42,0,21462.0,21168.0,21852.0,20857.85714285714,21323.14285714286,35.5,0.0,31.5
2021-02-12,21475.0,462553.0,0.0,30.0,21.0,25.5,4,0,2,43,0,21197.0,20459.0,22430.0,20862.0,21276.35714285714,39.5,0.0,29.5
2021-02-13,21292.0,444580.0,0.0,31.0,26.0,28.5,5,1,2,44,0,21475.0,19827.0,22500.0,21007.14285714286,21208.14285714286,36.5,0.0,25.5
2021-02-14,20463.0,425649.0,0.0,39.0,28.0,33.5,6,1,2,45,0,21292.0,20028.0,21127.0,21216.428571428572,21121.85714285714,31.5,0.0,28.5
2021-02-15,20557.0,434488.0,0.01,35.0,32.0,33.5,0,0,2,46,1,20463.0,21315.0,21578.0,21278.571428571428,21074.428571428572,31.5,0.0,33.5
2021-02-16,20652.0,432271.0,0.85,53.0,34.0,43.5,1,0,2,47,0,20557.0,21746.0,21573.0,21170.285714285714,21001.5,21.5,0.0,33.5
2021-02-17,20545.0,440823.0,0.0,36.0,23.0,29.5,2,0,2,48,0,20652.0,21462.0,21459.0,21014.0,20935.714285714286,35.5,0.0,43.5
2021-02-18,21344.0,459591.0,0.32,30.0,25.0,27.5,3,0,2,49,0,20545.0,21197.0,21168.0,20883.0,20870.428571428572,37.5,0.0,29.5
2021-02-19,21631.0,456027.0,0.1,34.0,28.0,31.0,4,0,2,50,0,21344.0,21475.0,20459.0,20904.0,20883.0,34.0,0.0,27.5
2021-02-20,20858.0,425313.0,0.0,36.0,28.0,32.0,5,1,2,51,0,21631.0,21292.0,19827.0,20926.285714285714,20966.714285714286,33.0,0.0,31.0
2021-02-21,19915.0,415902.0,0.0,38.0,25.0,31.5,6,1,2,52,0,20858.0,20463.0,20028.0,20864.285714285714,21040.35714285714,33.5,0.0,32.0
2021-02-22,20695.0,443296.0,0.56,40.0,33.0,36.5,0,0,2,53,0,19915.0,20557.0,21315.0,20786.0,21032.285714285714,28.5,0.0,31.5
2021-02-23,20860.0,432881.0,0.01,46.0,38.0,42.0,1,0,2,54,0,20695.0,20652.0,21746.0,20805.714285714286,20988.0,23.0,0.0,36.5
2021-02-24,20123.0,409133.0,0.0,53.0,41.0,47.0,2,0,2,55,0,20860.0,20545.0,21462.0,20835.428571428572,20924.714285714286,18.0,0.0,42.0
2021-02-25,19237.0,402247.0,0.0,52.0,41.0,46.5,3,0,2,56,0,20123.0,21344.0,21197.0,20775.14285714286,20829.071428571428,18.5,0.0,47.0
2021-02-26,19310.0,408571.0,0.0,47.0,35.0,41.0,4,0,2,57,0,19237.0,21631.0,21475.0,20474.14285714286,20689.071428571428,24.0,0.0,46.5
2021-02-27,19012.0,395012.0,0.47,52.0,37.0,44.5,5,1,2,58,0,19310.0,20858.0,21292.0,20142.571428571428,20534.428571428572,20.5,0.0,41.0
2021-02-28,17880.0,381165.0,0.29,47.0,39.0,43.0,6,1,2,59,0,19012.0,19915.0,20463.0,19878.85714285714,20371.571428571428,22.0,0.0,44.5
2021-03-01,19407.0,403792.0,0.15,49.0,33.0,41.0,0,0,3,60,0,17880.0,20695.0,20557.0,19588.14285714286,20187.071428571428,24.0,0.0,43.0
2021-03-02,20125.0,434664.0,0.0,34.0,23.0,28.5,1,0,3,61,0,19407.0,20860.0,20652.0,19404.14285714286,20104.928571428572,36.5,0.0,41.0
2021-03-03,20795.0,419135.0,0.0,53.0,33.0,43.0,2,0,3,62,0,20125.0,20123.0,20545.0,19299.14285714286,20067.285714285714,22.0,0.0,28.5
2021-03-04,19252.0,406088.0,0.0,45.0,28.0,36.5,3,0,3,63,0,20795.0,19237.0,21344.0,19395.14285714286,20085.14285714286,28.5,0.0,43.0
2021-03-05,20143.0,429822.0,0.0,38.0,24.0,31.0,4,0,3,64,0,19252.0,19310.0,21631.0,19397.285714285714,19935.714285714286,34.0,0.0,36.5
2021-03-06,20226.0,415019.0,0.0,35.0,30.0,32.5,5,1,3,65,0,20143.0,19012.0,20858.0,19516.285714285714,19829.428571428572,32.5,0.0,31.0
2021-03-07,19439.0,395933.0,0.0,41.0,30.0,35.5,6,1,3,66,0,20226.0,17880.0,19915.0,19689.714285714286,19784.285714285714,29.5,0.0,32.5
2021-03-08,19041.0,419430.0,0.0,44.0,28.0,36.0,0,0,3,67,0,19439.0,19407.0,20695.0,19912.428571428572,19750.285714285714,29.0,0.0,35.5
2021-03-09,19667.0,396160.0,0.0,62.0,42.0,52.0,1,0,3,68,0,19041.0,20125.0,20860.0,19860.14285714286,19632.14285714286,13.0,0.0,36.0
2021-03-10,18262.0,383760.0,0.0,55.0,38.0,46.5,2,0,3,69,0,19667.0,20795.0,20123.0,19794.714285714286,19546.928571428572,18.5,0.0,52.0
2021-03-11,18138.0,375910.0,0.0,68.0,44.0,56.0,3,0,3,70,0,18262.0,19252.0,19237.0,19432.85714285714,19414.0,9.0,0.0,46.5
2021-03-12,17565.0,362792.0,0.0,69.0,52.0,60.5,4,0,3,71,0,18138.0,20143.0,19310.0,19273.714285714286,19335.5,4.5,0.0,56.0
2021-03-13,17216.0,360183.0,0.0,52.0,34.0,43.0,5,1,3,72,0,17565.0,20226.0,19012.0,18905.428571428572,19210.85714285714,22.0,0.0,60.5
2021-03-14,17300.0,364400.0,0.0,52.0,32.0,42.0,6,1,3,73,0,17216.0,19439.0,17880.0,18475.428571428572,19082.571428571428,23.0,0.0,43.0
2021-03-15,19091.0,416141.0,0.0,39.0,25.0,32.0,0,0,3,74,0,17300.0,19041.0,19407.0,18169.85714285714,19041.14285714286,33.0,0.0,42.0
2021-03-16,19757.0,434680.0,0.0,36.0,29.0,32.5,1,0,3,75,0,19091.0,19667.0,20125.0,18177.0,19018.571428571428,32.5,0.0,32.0
2021-03-17,19735.0,412304.0,0.0,47.0,34.0,40.5,2,0,3,76,0,19757.0,18262.0,20795.0,18189.85714285714,18992.285714285714,24.5,0.0,32.5
2021-03-18,18886.0,408033.0,0.55,47.0,42.0,44.5,3,0,3,77,0,19735.0,18138.0,19252.0,18400.285714285714,18916.571428571428,20.5,0.0,40.5
2021-03-19,18833.0,402738.0,0.1,43.0,32.0,37.5,4,0,3,78,0,18886.0,17565.0,20143.0,18507.14285714286,18890.428571428572,27.5,0.0,44.5
2021-03-20,18372.0,373786.0,0.0,59.0,35.0,47.0,5,1,3,79,0,18833.0,17216.0,20226.0,18688.285714285714,18796.85714285714,18.0,0.0,37.5
2021-03-21,16540.0,348838.0,0.0,62.0,38.0,50.0,6,1,3,80,0,18372.0,17300.0,19439.0,18853.428571428572,18664.428571428572,15.0,0.0,47.0
2021-03-22,16730.0,363544.0,0.0,57.0,39.0,48.0,0,0,3,81,0,16540.0,19091.0,19041.0,18744.85714285714,18457.35714285714,17.0,0.0,50.0
2021-03-23,16800.0,361716.0,0.0,58.0,42.0,50.0,1,0,3,82,0,16730.0,19757.0,19667.0,18407.571428571428,18292.285714285714,15.0,0.0,48.0
2021-03-24,17085.0,369001.0,1.31,49.0,44.0,46.5,2,0,3,83,0,16800.0,19735.0,18262.0,17985.14285714286,18087.5,18.5,0.0,50.0
2021-03-25,17231.0,358587.0,0.02,67.0,46.0,56.5,3,0,3,84,0,17085.0,18886.0,18138.0,17606.571428571428,18003.428571428572,8.5,0.0,46.5
2021-03-26,16585.0,358134.0,0.02,82.0,52.0,67.0,4,0,3,85,0,17231.0,18833.0,17565.0,17370.14285714286,17938.64285714286,0.0,2.0,56.5
2021-03-27,16323.0,333284.0,0.0,68.0,51.0,59.5,5,1,3,86,0,16585.0,18372.0,17216.0,17049.0,17868.64285714286,5.5,0.0,67.0
2021-03-28,15806.0,340911.0,0.6,59.0,45.0,52.0,6,1,3,87,0,16323.0,16540.0,17300.0,16756.285714285714,17804.85714285714,13.0,0.0,59.5
2021-03-29,16646.0,362014.0,0.0,55.0,46.0,50.5,0,0,3,88,0,15806.0,16730.0,19091.0,16651.428571428572,17698.14285714286,14.5,0.0,52.0
2021-03-30,17093.0,362123.0,0.0,59.0,41.0,50.0,1,0,3,89,0,16646.0,16800.0,19757.0,16639.428571428572,17523.5,15.0,0.0,50.5
2021-03-31,16844.0,365476.0,0.37,66.0,49.0,57.5,2,0,3,90,0,17093.0,17085.0,19735.0,16681.285714285714,17333.214285714286,7.5,0.0,50.0
2021-04-01,17234.0,374208.0,0.02,57.0,39.0,48.0,3,0,4,91,0,16844.0,17231.0,18886.0,16646.85714285714,17126.714285714286,17.0,0.0,57.5
2021-04-02,17593.0,382580.0,0.0,39.0,29.0,34.0,4,0,4,92,0,17234.0,16585.0,18833.0,16647.285714285714,17008.714285714286,31.0,0.0,48.0
2021-04-03,17499.0,358396.0,0.0,54.0,34.0,44.0,5,1,4,93,0,17593.0,16323.0,18372.0,16791.285714285714,16920.14285714286,21.0,0.0,34.0
2021-04-04,16188.0,333603.0,0.0,63.0,46.0,54.5,6,1,4,94,0,17499.0,15806.0,16540.0,16959.285714285714,16857.785714285714,10.5,0.0,44.0
2021-04-05,16005.0,348406.0,0.0,67.0,49.0,58.0,0,0,4,95,0,16188.0,16646.0,16730.0,17013.85714285714,16832.64285714286,7.0,0.0,54.5
2021-04-06,16432.0,352662.0,0.0,69.0,49.0,59.0,1,0,4,96,0,16005.0,17093.0,16800.0,16922.285714285714,16780.85714285714,6.0,0.0,58.0
2021-04-07,16286.0,350098.0,0.0,71.0,51.0,61.0,2,0,4,97,0,16432.0,16844.0,17085.0,16827.85714285714,16754.571428571428,4.0,0.0,59.0
2021-04-08,16200.0,347024.0,0.0,70.0,48.0,59.0,3,0,4,98,0,16286.0,17234.0,17231.0,16748.14285714286,16697.5,6.0,0.0,61.0
2021-04-09,16270.0,348837.0,0.0,58.0,48.0,53.0,4,0,4,99,0,16200.0,17593.0,16585.0,16600.428571428572,16623.85714285714,12.0,0.0,59.0
2021-04-10,16018.0,327617.0,0.0,67.0,50.0,58.5,5,1,4,100,0,16270.0,17499.0,16323.0,16411.428571428572,16601.35714285714,6.5,0.0,53.0
2021-04-11,15621.0,329956.0,0.4,56.0,47.0,51.5,6,1,4,101,0,16018.0,16188.0,15806.0,16199.857142857143,16579.571428571428,13.5,0.0,58.5
2021-04-12,17156.0,363032.0,0.49,51.0,46.0,48.5,0,0,4,102,0,15621.0,16005.0,16646.0,16118.857142857143,16566.35714285714,16.5,0.0,51.5
2021-04-13,17134.0,358069.0,0.06,65.0,45.0,55.0,1,0,4,103,0,17156.0,16432.0,17093.0,16283.285714285714,16602.785714285714,10.0,0.0,48.5
2021-04-14,16313.0,351662.0,0.0,72.0,49.0,60.5,2,0,4,104,0,17134.0,16286.0,16844.0,16383.57142857143,16605.714285714286,4.5,0.0,55.0
2021-04-15,17403.0,367203.0,0.92,59.0,45.0,52.0,3,0,4,105,0,16313.0,16200.0,17234.0,16387.428571428572,16567.785714285714,13.0,0.0,60.5
2021-04-16,17288.0,373648.0,0.04,53.0,42.0,47.5,4,0,4,106,0,17403.0,16270.0,17593.0,16559.285714285714,16579.85714285714,17.5,0.0,52.0
2021-04-17,16954.0,346076.0,0.0,55.0,44.0,49.5,5,1,4,107,0,17288.0,16018.0,17499.0,16704.714285714286,16558.071428571428,15.5,0.0,47.5
2021-04-18,15691.0,326984.0,0.0,63.0,50.0,56.5,6,1,4,108,0,16954.0,15621.0,16188.0,16838.428571428572,16519.14285714286,8.5,0.0,49.5
2021-04-19,15872.0,347814.0,0.0,65.0,52.0,58.5,0,0,4,109,0,15691.0,17156.0,16005.0,16848.428571428572,16483.64285714286,6.5,0.0,56.5
2021-04-20,16435.0,356131.0,0.0,76.0,52.0,64.0,1,0,4,110,0,15872.0,17134.0,16432.0,16665.0,16474.14285714286,1.0,0.0,58.5
2021-04-21,17106.0,370254.0,0.27,65.0,40.0,52.5,2,0,4,111,0,16435.0,16313.0,16286.0,16565.14285714286,16474.35714285714,12.5,0.0,64.0
2021-04-22,17267.0,381599.0,0.0,50.0,37.0,43.5,3,0,4,112,0,17106.0,17403.0,16200.0,16678.428571428572,16532.928571428572,21.5,0.0,52.5
2021-04-23,17623.0,366565.0,0.0,65.0,41.0,53.0,4,0,4,113,0,17267.0,17288.0,16270.0,16659.0,16609.14285714286,12.0,0.0,43.5
2021-04-24,16106.0,328500.0,0.0,71.0,53.0,62.0,5,1,4,114,0,17623.0,16954.0,16018.0,16706.85714285714,16705.785714285714,3.0,0.0,53.0
2021-04-25,15164.0,328518.0,0.5,64.0,50.0,57.0,6,1,4,115,0,16106.0,15691.0,15621.0,16585.714285714286,16712.071428571428,8.0,0.0,62.0
2021-04-26,16011.0,350164.0,0.0,60.0,43.0,51.5,0,0,4,116,0,15164.0,15872.0,17156.0,16510.428571428572,16679.428571428572,13.5,0.0,57.0
2021-04-27,16610.0,357089.0,0.0,62.0,49.0,55.5,1,0,4,117,0,16011.0,16435.0,17134.0,16530.285714285714,16597.64285714286,9.5,0.0,51.5
2021-04-28,16683.0,355511.0,0.03,83.0,51.0,67.0,2,0,4,118,0,16610.0,17106.0,16313.0,16555.285714285714,16560.214285714286,0.0,2.0,55.5
2021-04-29,17165.0,368145.0,0.0,72.0,60.0,66.0,3,0,4,119,0,16683.0,17267.0,17403.0,16494.85714285714,16586.64285714286,0.0,1.0,67.0
2021-04-30,17052.0,361365.0,0.02,72.0,47.0,59.5,4,0,4,120,0,17165.0,17623.0,17288.0,16480.285714285714,16569.64285714286,5.5,0.0,66.0
2021-05-01,16383.0,331488.0,0.0,65.0,44.0,54.5,5,1,5,121,0,17052.0,16106.0,16954.0,16398.714285714286,16552.785714285714,10.5,0.0,59.5
2021-05-02,15269.0,322974.0,0.0,83.0,58.0,70.5,6,1,5,122,0,16383.0,15164.0,15691.0,16438.285714285714,16512.0,0.0,5.5,54.5
2021-05-03,16465.0,353898.0,0.33,62.0,52.0,57.0,0,0,5,123,0,15269.0,16011.0,15872.0,16453.285714285714,16481.85714285714,8.0,0.0,70.5
2021-05-04,16479.0,358114.0,0.3,69.0,51.0,60.0,1,0,5,124,0,16465.0,16610.0,16435.0,16518.14285714286,16524.214285714286,5.0,0.0,57.0
2021-05-05,16619.0,360660.0,0.29,61.0,51.0,56.0,2,0,5,125,0,16479.0,16683.0,17106.0,16499.428571428572,16527.35714285714,9.0,0.0,60.0
2021-05-06,16536.0,346775.0,0.0,66.0,52.0,59.0,3,0,5,126,0,16619.0,17165.0,17267.0,16490.285714285714,16492.571428571428,6.0,0.0,56.0
2021-05-07,16056.0,349081.0,0.0,62.0,51.0,56.5,4,0,5,127,0,16536.0,17052.0,17623.0,16400.428571428572,16440.35714285714,8.5,0.0,59.0
2021-05-08,15899.0,335211.0,0.04,55.0,50.0,52.5,5,1,5,128,0,16056.0,16383.0,16106.0,16258.142857142857,16328.42857142857,12.5,0.0,56.5
2021-05-09,15320.0,321861.0,0.45,64.0,48.0,56.0,6,1,5,129,0,15899.0,15269.0,15164.0,16189.0,16313.642857142857,9.0,0.0,52.5
2021-05-10,16123.0,352550.0,0.02,60.0,48.0,54.0,0,0,5,130,0,15320.0,16465.0,16011.0,16196.285714285714,16324.785714285714,11.0,0.0,56.0
2021-05-11,16413.0,353381.0,0.0,68.0,52.0,60.0,1,0,5,131,0,16123.0,16479.0,16610.0,16147.42857142857,16332.785714285714,5.0,0.0,54.0
2021-05-12,16367.0,352194.0,0.0,68.0,48.0,58.0,2,0,5,132,0,16413.0,16619.0,16683.0,16138.0,16318.714285714286,7.0,0.0,60.0
2021-05-13,16163.0,349941.0,0.0,71.0,54.0,62.5,3,0,5,133,0,16367.0,16536.0,17165.0,16102.0,16296.142857142857,2.5,0.0,58.0
2021-05-14,16185.0,351491.0,0.0,76.0,56.0,66.0,4,0,5,134,0,16163.0,16056.0,17052.0,16048.714285714286,16224.57142857143,0.0,1.0,62.5
2021-05-15,15984.0,330411.0,0.0,77.0,57.0,67.0,5,1,5,135,0,16185.0,15899.0,16383.0,16067.142857142857,16162.642857142857,0.0,2.0,66.0
2021-05-16,15408.0,326509.0,0.0,79.0,61.0,70.0,6,1,5,136,0,15984.0,15320.0,15269.0,16079.285714285714,16134.142857142857,0.0,5.0,67.0
2021-05-17,17178.0,356813.0,0.0,78.0,59.0,68.5,0,0,5,137,0,15408.0,16123.0,16465.0,16091.857142857143,16144.07142857143,0.0,3.5,70.0
2021-05-18,18286.0,372914.0,0.0,83.0,62.0,72.5,1,0,5,138,0,17178.0,16413.0,16479.0,16242.57142857143,16195.0,0.0,7.5,68.5
2021-05-19,20456.0,398280.0,0.0,86.0,66.0,76.0,2,0,5,139,0,18286.0,16367.0,16619.0,16510.14285714286,16324.07142857143,0.0,11.0,72.5
2021-05-20,19735.0,403265.0,0.0,76.0,60.0,68.0,3,0,5,140,0,20456.0,16163.0,16536.0,17094.285714285714,16598.14285714286,0.0,3.0,76.0
2021-05-21,20191.0,404842.0,0.0,77.0,60.0,68.5,4,0,5,141,0,19735.0,16185.0,16056.0,17604.571428571428,16826.64285714286,0.0,3.5,68.0
2021-05-22,19971.0,403367.0,0.0,88.0,62.0,75.0,5,1,5,142,0,20191.0,15984.0,15899.0,18176.85714285714,17122.0,0.0,10.0,68.5
2021-05-23,21018.0,424176.0,0.0,88.0,68.0,78.0,6,1,5,143,0,19971.0,15408.0,15320.0,18746.428571428572,17412.85714285714,0.0,13.0,75.0
2021-05-24,20501.0,398247.0,0.0,69.0,59.0,64.0,0,0,5,144,0,21018.0,17178.0,16123.0,19547.85714285714,17819.85714285714,1.0,0.0,78.0
2021-05-25,19706.0,387875.0,0.0,72.0,59.0,65.5,1,0,5,145,0,20501.0,18286.0,16413.0,20022.571428571428,18132.571428571428,0.0,0.5,64.0
2021-05-26,22627.0,436976.0,0.07,86.0,66.0,76.0,2,0,5,146,0,19706.0,20456.0,16367.0,20225.428571428572,18367.785714285714,0.0,11.0,65.5
2021-05-27,21139.0,428951.0,0.01,83.0,66.0,74.5,3,0,5,147,0,22627.0,19735.0,16163.0,20535.571428571428,18814.928571428572,0.0,9.5,76.0
2021-05-28,19263.0,387278.0,1.14,68.0,51.0,59.5,4,0,5,148,0,21139.0,20191.0,16185.0,20736.14285714286,19170.35714285714,5.5,0.0,74.5
2021-05-29,16669.0,348074.0,0.46,52.0,48.0,50.0,5,1,5,149,0,19263.0,19971.0,15984.0,20603.571428571428,19390.214285714286,15.0,0.0,59.5
2021-05-30,15525.0,339008.0,0.81,52.0,48.0,50.0,6,1,5,150,0,16669.0,21018.0,15408.0,20131.85714285714,19439.14285714286,15.0,0.0,50.0
2021-05-31,15446.0,331490.0,0.01,71.0,50.0,60.5,0,0,5,151,1,15525.0,20501.0,17178.0,19347.14285714286,19447.5,4.5,0.0,50.0
2021-06-01,17599.0,361305.0,0.0,79.0,56.0,67.5,1,0,6,152,0,15446.0,19706.0,18286.0,18625.0,19323.785714285714,0.0,2.5,60.5
2021-06-02,18402.0,383301.0,0.0,76.0,62.0,69.0,2,0,6,153,0,17599.0,22627.0,20456.0,18324.0,19274.714285714286,0.0,4.0,67.5
2021-06-03,18682.0,392181.0,0.31,76.0,61.0,68.5,3,0,6,154,0,18402.0,21139.0,19735.0,17720.428571428572,19128.0,0.0,3.5,69.0
2021-06-04,19948.0,412980.0,0.67,80.0,64.0,72.0,4,0,6,155,0,18682.0,19263.0,20191.0,17369.428571428572,19052.785714285714,0.0,7.0,68.5
2021-06-05,22478.0,422154.0,0.0,94.0,66.0,80.0,5,1,6,156,0,19948.0,16669.0,19971.0,17467.285714285714,19035.428571428572,0.0,15.0,72.0
2021-06-06,24648.0,471321.0,0.0,95.0,76.0,85.5,6,1,6,157,0,22478.0,15525.0,21018.0,18297.14285714286,19214.5,0.0,20.5,80.0
2021-06-07,27171.0,532716.0,0.0,93.0,76.0,84.5,0,0,6,158,0,24648.0,15446.0,20501.0,19600.428571428572,19473.785714285714,0.0,19.5,85.5
2021-06-08,26874.0,541712.0,0.47,92.0,72.0,82.0,1,0,6,159,0,27171.0,17599.0,19706.0,21275.428571428572,19950.214285714286,0.0,17.0,84.5
2021-06-09,27951.0,536473.0,0.0,91.0,74.0,82.5,2,0,6,160,0,26874.0,18402.0,22627.0,22600.428571428572,20462.214285714286,0.0,17.5,82.0
2021-06-10,26423.0,505467.0,0.0,81.0,65.0,73.0,3,0,6,161,0,27951.0,18682.0,21139.0,23964.571428571428,20842.5,0.0,8.0,82.5
2021-06-11,21570.0,423624.0,0.0,68.0,62.0,65.0,4,0,6,162,0,26423.0,19948.0,19263.0,25070.428571428572,21219.928571428572,0.0,0.0,73.0
2021-06-12,18867.0,388445.0,0.0,71.0,63.0,67.0,5,1,6,163,0,21570.0,22478.0,16669.0,25302.14285714286,21384.714285714286,0.0,2.0,65.0
2021-06-13,18961.0,379253.0,0.0,77.0,63.0,70.0,6,1,6,164,0,18867.0,24648.0,15525.0,24786.285714285714,21541.714285714286,0.0,5.0,67.0
2021-06-14,19659.0,418226.0,0.1,74.0,66.0,70.0,0,0,6,165,0,18961.0,27171.0,15446.0,23973.85714285714,21787.14285714286,0.0,5.0,70.0
2021-06-15,20727.0,422948.0,0.0,83.0,67.0,75.0,1,0,6,166,0,19659.0,26874.0,17599.0,22900.714285714286,22088.071428571428,0.0,10.0,70.0
2021-06-16,19792.0,405506.0,0.0,77.0,64.0,70.5,2,0,6,167,0,20727.0,27951.0,18402.0,22022.571428571428,22311.5,0.0,5.5,75.0
2021-06-17,19638.0,396239.0,0.0,79.0,62.0,70.5,3,0,6,168,0,19792.0,26423.0,18682.0,20857.0,22410.785714285714,0.0,5.5,70.5
2021-06-18,21199.0,417867.0,0.0,86.0,66.0,76.0,4,0,6,169,1,19638.0,21570.0,19948.0,19887.714285714286,22479.071428571428,0.0,11.0,70.5
2021-06-19,22882.0,448383.0,0.11,91.0,68.0,79.5,5,1,6,170,1,21199.0,18867.0,22478.0,19834.714285714286,22568.428571428572,0.0,14.5,76.0
2021-06-20,23274.0,439204.0,0.0,87.0,69.0,78.0,6,1,6,171,0,22882.0,18961.0,24648.0,20408.285714285714,22597.285714285714,0.0,13.0,79.5
2021-06-21,26777.0,526257.0,0.0,87.0,74.0,80.5,0,0,6,172,0,23274.0,19659.0,27171.0,21024.428571428572,22499.14285714286,0.0,15.5,78.0
2021-06-22,25068.0,475898.0,0.17,80.0,61.0,70.5,1,0,6,173,0,26777.0,20727.0,26874.0,22041.285714285714,22471.0,0.0,5.5,80.5
2021-06-23,19023.0,390909.0,0.0,77.0,58.0,67.5,2,0,6,174,0,25068.0,19792.0,27951.0,22661.428571428572,22342.0,0.0,2.5,70.5
2021-06-24,20524.0,406910.0,0.0,78.0,63.0,70.5,3,0,6,175,0,19023.0,19638.0,26423.0,22551.571428571428,21704.285714285714,0.0,5.5,67.5
2021-06-25,21883.0,429313.0,0.0,82.0,64.0,73.0,4,0,6,176,0,20524.0,21199.0,21570.0,22678.14285714286,21282.928571428572,0.0,8.0,70.5
2021-06-26,23069.0,454566.0,0.0,85.0,69.0,77.0,5,1,6,177,0,21883.0,22882.0,18867.0,22775.85714285714,21305.285714285714,0.0,12.0,73.0
2021-06-27,25882.0,498343.0,0.0,89.0,74.0,81.5,6,1,6,178,0,23069.0,23274.0,18961.0,22802.571428571428,21605.428571428572,0.0,16.5,77.0
2021-06-28,29956.0,581455.0,0.0,96.0,77.0,86.5,0,0,6,179,0,25882.0,26777.0,19659.0,23175.14285714286,22099.785714285714,0.0,21.5,81.5
2021-06-29,30919.0,615234.0,0.0,98.0,81.0,89.5,1,0,6,180,0,29956.0,25068.0,20727.0,23629.285714285714,22835.285714285714,0.0,24.5,86.5
2021-06-30,30288.0,623492.0,0.61,100.0,73.0,86.5,2,0,6,181,0,30919.0,19023.0,19792.0,24465.14285714286,23563.285714285714,0.0,21.5,89.5
2021-07-01,28001.0,549681.0,0.72,86.0,73.0,79.5,3,0,7,182,0,30288.0,20524.0,19638.0,26074.428571428572,24313.0,0.0,14.5,86.5
2021-07-02,22916.0,478386.0,0.86,78.0,63.0,70.5,4,0,7,183,0,28001.0,21883.0,21199.0,27142.571428571428,24910.35714285714,0.0,5.5,79.5
2021-07-03,20409.0,390838.0,0.19,67.0,60.0,63.5,5,1,7,184,0,22916.0,23069.0,22882.0,27290.14285714286,25033.0,1.5,0.0,70.5
2021-07-04,17955.0,369136.0,0.0,79.0,62.0,70.5,6,1,7,185,1,20409.0,25882.0,23274.0,26910.14285714286,24856.35714285714,0.0,5.5,63.5
2021-07-05,23054.0,417370.0,0.0,84.0,67.0,75.5,0,0,7,186,1,17955.0,29956.0,26777.0,25777.714285714286,24476.428571428572,0.0,10.5,70.5
2021-07-06,28115.0,530820.0,0.21,96.0,73.0,84.5,1,0,7,187,0,23054.0,30919.0,25068.0,24791.714285714286,24210.5,0.0,19.5,75.5
2021-07-07,28270.0,543692.0,0.0,96.0,74.0,85.0,2,0,7,188,0,28115.0,30288.0,19023.0,24391.14285714286,24428.14285714286,0.0,20.0,84.5
2021-07-08,26360.0,532225.0,0.95,85.0,72.0,78.5,3,0,7,189,0,28270.0,28001.0,20524.0,24102.85714285714,25088.64285714286,0.0,13.5,85.0
2021-07-09,24823.0,495043.0,1.81,89.0,72.0,80.5,4,0,7,190,0,26360.0,22916.0,21883.0,23868.428571428572,25505.5,0.0,15.5,78.5
2021-07-10,23390.0,458100.0,0.06,81.0,72.0,76.5,5,1,7,191,0,24823.0,20409.0,23069.0,24140.85714285714,25715.5,0.0,11.5,80.5
2021-07-11,20938.0,431652.0,0.0,82.0,72.0,77.0,6,1,7,192,0,23390.0,17955.0,25882.0,24566.714285714286,25738.428571428572,0.0,12.0,76.5
2021-07-12,24332.0,486785.0,0.6,82.0,73.0,77.5,0,0,7,193,0,20938.0,23054.0,29956.0,24992.85714285714,25385.285714285714,0.0,12.5,77.0
2021-07-13,23290.0,488443.0,0.01,73.0,69.0,71.0,1,0,7,194,0,24332.0,28115.0,30919.0,25175.428571428572,24983.571428571428,0.0,6.0,77.5
2021-07-14,26562.0,503375.0,0.0,91.0,70.0,80.5,2,0,7,195,0,23290.0,28270.0,30288.0,24486.14285714286,24438.64285714286,0.0,15.5,71.0
2021-07-15,28359.0,542483.0,0.0,91.0,76.0,83.5,3,0,7,196,0,26562.0,26360.0,28001.0,24242.14285714286,24172.5,0.0,18.5,80.5
2021-07-16,28102.0,574801.0,0.0,95.0,81.0,88.0,4,0,7,197,0,28359.0,24823.0,22916.0,24527.714285714286,24198.071428571428,0.0,23.0,83.5
2021-07-17,26067.0,526994.0,0.53,91.0,74.0,82.5,5,1,7,198,0,28102.0,23390.0,20409.0,24996.14285714286,24568.5,0.0,17.5,88.0
2021-07-18,23133.0,478250.0,0.08,86.0,74.0,80.0,6,1,7,199,0,26067.0,20938.0,17955.0,25378.571428571428,24972.64285714286,0.0,15.0,82.5
2021-07-19,24633.0,490564.0,0.01,82.0,71.0,76.5,0,0,7,200,0,23133.0,24332.0,23054.0,25692.14285714286,25342.5,0.0,11.5,80.0
2021-07-20,26965.0,520397.0,0.0,89.0,75.0,82.0,1,0,7,201,0,24633.0,23290.0,28115.0,25735.14285714286,25455.285714285714,0.0,17.0,76.5
2021-07-21,25148.0,503846.0,0.16,83.0,72.0,77.5,2,0,7,202,0,26965.0,26562.0,28270.0,26260.14285714286,25373.14285714286,0.0,12.5,82.0
2021-07-22,22559.0,462227.0,0.0,83.0,68.0,75.5,3,0,7,203,0,25148.0,28359.0,26360.0,26058.14285714286,25150.14285714286,0.0,10.5,77.5
2021-07-23,22821.0,458668.0,0.0,83.0,70.0,76.5,4,0,7,204,0,22559.0,28102.0,24823.0,25229.571428571428,24878.64285714286,0.0,11.5,75.5
2021-07-24,21648.0,437287.0,0.0,83.0,70.0,76.5,5,1,7,205,0,22821.0,26067.0,23390.0,24475.14285714286,24735.64285714286,0.0,11.5,76.5
2021-07-25,23501.0,452264.0,0.44,84.0,68.0,76.0,6,1,7,206,0,21648.0,23133.0,20938.0,23843.85714285714,24611.214285714286,0.0,11.0,76.5
2021-07-26,27153.0,526069.0,1.38,90.0,72.0,81.0,0,0,7,207,0,23501.0,24633.0,24332.0,23896.428571428572,24794.285714285714,0.0,16.0,76.0
2021-07-27,26271.0,526921.0,0.0,91.0,74.0,82.5,1,0,7,208,0,27153.0,26965.0,23290.0,24256.428571428572,24995.785714285714,0.0,17.5,81.0
2021-07-28,24559.0,497526.0,0.2,82.0,71.0,76.5,2,0,7,209,0,26271.0,25148.0,26562.0,24157.285714285714,25208.714285714286,0.0,11.5,82.5
2021-07-29,22729.0,475688.0,0.26,80.0,73.0,76.5,3,0,7,210,0,24559.0,22559.0,28359.0,24073.14285714286,25065.64285714286,0.0,11.5,76.5
2021-07-30,21786.0,462967.0,0.0,85.0,68.0,76.5,4,0,7,211,0,22729.0,22821.0,28102.0,24097.428571428572,24663.5,0.0,11.5,76.5
2021-07-31,20315.0,390506.0,0.0,79.0,64.0,71.5,5,1,7,212,0,21786.0,21648.0,26067.0,23949.571428571428,24212.35714285714,0.0,6.5,76.5
2021-08-01,18735.0,392385.0,0.09,78.0,68.0,73.0,6,1,8,213,0,20315.0,23501.0,23133.0,23759.14285714286,23801.5,0.0,8.0,71.5
2021-08-02,21343.0,425365.0,0.0,81.0,64.0,72.5,0,0,8,214,0,18735.0,27153.0,24633.0,23078.285714285714,23487.35714285714,0.0,7.5,73.0
2021-08-03,20925.0,429165.0,0.0,79.0,68.0,73.5,1,0,8,215,0,21343.0,26271.0,26965.0,22248.285714285714,23252.35714285714,0.0,8.5,72.5
2021-08-04,20892.0,434598.0,0.0,75.0,70.0,72.5,2,0,8,216,0,20925.0,24559.0,25148.0,21484.571428571428,22820.928571428572,0.0,7.5,73.5
2021-08-05,22836.0,446480.0,0.0,81.0,69.0,75.0,3,0,8,217,0,20892.0,22729.0,22559.0,20960.714285714286,22516.928571428572,0.0,10.0,72.5
2021-08-06,25784.0,487281.0,0.0,89.0,71.0,80.0,4,0,8,218,0,22836.0,21786.0,22821.0,20976.0,22536.714285714286,0.0,15.0,75.0
2021-08-07,24088.0,484531.0,0.0,89.0,75.0,82.0,5,1,8,219,0,25784.0,20315.0,21648.0,21547.14285714286,22748.35714285714,0.0,17.0,80.0
2021-08-08,22432.0,457809.0,0.32,79.0,67.0,73.0,6,1,8,220,0,24088.0,18735.0,23501.0,22086.14285714286,22922.64285714286,0.0,8.0,82.0
2021-08-09,25184.0,492755.0,0.02,80.0,70.0,75.0,0,0,8,221,0,22432.0,21343.0,27153.0,22614.285714285714,22846.285714285714,0.0,10.0,73.0
2021-08-10,26715.0,528566.0,0.4,85.0,73.0,79.0,1,0,8,222,0,25184.0,20925.0,26271.0,23163.0,22705.64285714286,0.0,14.0,75.0
2021-08-11,29555.0,565343.0,0.07,92.0,76.0,84.0,2,0,8,223,0,26715.0,20892.0,24559.0,23990.14285714286,22737.35714285714,0.0,19.0,79.0
2021-08-12,29741.0,589630.0,0.0,98.0,77.0,87.5,3,0,8,224,0,29555.0,22836.0,22729.0,25227.714285714286,23094.214285714286,0.0,22.5,84.0
2021-08-13,29896.0,600011.0,0.0,98.0,79.0,88.5,4,0,8,225,0,29741.0,25784.0,21786.0,26214.14285714286,23595.071428571428,0.0,23.5,87.5
2021-08-14,28222.0,550590.0,0.0,91.0,77.0,84.0,5,1,8,226,0,29896.0,24088.0,20315.0,26801.571428571428,24174.35714285714,0.0,19.0,88.5
2021-08-15,24118.0,452292.0,0.0,84.0,71.0,77.5,6,1,8,227,0,28222.0,22432.0,18735.0,27392.14285714286,24739.14285714286,0.0,12.5,84.0
2021-08-16,23337.0,466763.0,0.0,82.0,71.0,76.5,0,0,8,228,0,24118.0,25184.0,21343.0,27633.0,25123.64285714286,0.0,11.5,77.5
2021-08-17,24092.0,492360.0,0.0,82.0,75.0,78.5,1,0,8,229,0,23337.0,26715.0,20925.0,27369.14285714286,25266.071428571428,0.0,13.5,76.5
2021-08-18,25042.0,509387.0,0.0,86.0,76.0,81.0,2,0,8,230,0,24092.0,29555.0,20892.0,26994.428571428572,25492.285714285714,0.0,16.0,78.5
2021-08-19,26518.0,540632.0,0.29,89.0,77.0,83.0,3,0,8,231,0,25042.0,29741.0,22836.0,26349.714285714286,25788.714285714286,0.0,18.0,81.0
2021-08-20,25560.0,529017.0,0.09,83.0,77.0,80.0,4,0,8,232,0,26518.0,29896.0,25784.0,25889.285714285714,26051.714285714286,0.0,15.0,83.0
2021-08-21,24274.0,502956.0,1.18,84.0,75.0,79.5,5,1,8,233,0,25560.0,28222.0,24088.0,25269.85714285714,26035.714285714286,0.0,14.5,80.0
2021-08-22,23500.0,482085.0,2.3,77.0,72.0,74.5,6,1,8,234,0,24274.0,24118.0,22432.0,24705.85714285714,26049.0,0.0,9.5,79.5
2021-08-23,25440.0,504937.0,0.81,85.0,73.0,79.0,0,0,8,235,0,23500.0,23337.0,25184.0,24617.571428571428,26125.285714285714,0.0,14.0,74.5
2021-08-24,28309.0,536999.0,0.0,92.0,76.0,84.0,1,0,8,236,0,25440.0,24092.0,26715.0,24918.0,26143.571428571428,0.0,19.0,79.0
2021-08-25,29287.0,559151.0,0.0,94.0,75.0,84.5,2,0,8,237,0,28309.0,25042.0,29555.0,25520.428571428572,26257.428571428572,0.0,19.5,84.0
2021-08-26,30309.0,594566.0,0.0,94.0,81.0,87.5,3,0,8,238,0,29287.0,26518.0,29741.0,26126.85714285714,26238.285714285714,0.0,22.5,84.5
2021-08-27,28960.0,594922.0,1.34,93.0,76.0,84.5,4,0,8,239,0,30309.0,25560.0,29896.0,26668.428571428572,26278.85714285714,0.0,19.5,87.5
2021-08-28,26027.0,494456.0,0.0,81.0,68.0,74.5,5,1,8,240,0,28960.0,24274.0,28222.0,27154.14285714286,26212.0,0.0,9.5,84.5
2021-08-29,21553.0,439926.0,0.0,76.0,68.0,72.0,6,1,8,241,0,26027.0,23500.0,24118.0,27404.571428571428,26055.214285714286,0.0,7.0,74.5
2021-08-30,26910.0,515111.0,0.0,87.0,74.0,80.5,0,0,8,242,0,21553.0,25440.0,23337.0,27126.428571428572,25872.0,0.0,15.5,72.0
2021-08-31,25325.0,518133.0,0.0,87.0,76.0,81.5,1,0,8,243,0,26910.0,28309.0,24092.0,27336.428571428572,26127.214285714286,0.0,16.5,80.5
2021-09-01,23129.0,469703.0,6.8,80.0,65.0,72.5,2,0,9,244,0,25325.0,29287.0,25042.0,26910.14285714286,26215.285714285714,0.0,7.5,81.5
2021-09-02,19854.0,410318.0,0.09,78.0,63.0,70.5,3,0,9,245,0,23129.0,30309.0,26518.0,26030.428571428572,26078.64285714286,0.0,5.5,72.5
2021-09-03,18816.0,396387.0,0.0,76.0,62.0,69.0,4,0,9,246,0,19854.0,28960.0,25560.0,24536.85714285714,25602.64285714286,0.0,4.0,70.5
2021-09-04,18776.0,379390.0,0.0,81.0,65.0,73.0,5,1,9,247,0,18816.0,26027.0,24274.0,23087.714285714286,25120.928571428572,0.0,8.0,69.0
2021-09-05,18481.0,389767.0,0.05,76.0,69.0,72.5,6,1,9,248,0,18776.0,21553.0,23500.0,22051.85714285714,24728.214285714286,0.0,7.5,73.0
2021-09-06,20171.0,407684.0,0.0,85.0,71.0,78.0,0,0,9,249,1,18481.0,26910.0,25440.0,21613.0,24369.714285714286,0.0,13.0,72.5
2021-09-07,21671.0,425999.0,0.0,83.0,68.0,75.5,1,0,9,250,0,20171.0,25325.0,28309.0,20650.285714285714,23993.35714285714,0.0,10.5,78.0
2021-09-08,23515.0,462013.0,0.0,86.0,73.0,79.5,2,0,9,251,0,21671.0,23129.0,29287.0,20128.285714285714,23519.214285714286,0.0,14.5,75.5
2021-09-09,22533.0,458640.0,0.29,77.0,68.0,72.5,3,0,9,252,0,23515.0,19854.0,30309.0,20183.428571428572,23106.928571428572,0.0,7.5,79.5
2021-09-10,20096.0,412820.0,0.0,76.0,66.0,71.0,4,0,9,253,0,22533.0,18816.0,28960.0,20566.14285714286,22551.5,0.0,6.0,72.5
2021-09-11,18448.0,378303.0,0.0,80.0,64.0,72.0,5,1,9,254,0,20096.0,18776.0,26027.0,20749.0,21918.35714285714,0.0,7.0,71.0
2021-09-12,20746.0,402137.0,0.0,85.0,68.0,76.5,6,1,9,255,0,18448.0,18481.0,21553.0,20702.14285714286,21377.0,0.0,11.5,72.0
2021-09-13,23717.0,471753.0,0.03,86.0,71.0,78.5,0,0,9,256,0,20746.0,20171.0,26910.0,21025.714285714286,21319.35714285714,0.0,13.5,76.5
2021-09-14,22862.0,465162.0,0.0,81.0,70.0,75.5,1,0,9,257,0,23717.0,21671.0,25325.0,21532.285714285714,21091.285714285714,0.0,10.5,78.5
2021-09-15,24613.0,496930.0,0.0,88.0,73.0,80.5,2,0,9,258,0,22862.0,23515.0,23129.0,21702.428571428572,20915.35714285714,0.0,15.5,75.5
2021-09-16,23137.0,462791.0,0.0,77.0,72.0,74.5,3,0,9,259,0,24613.0,22533.0,19854.0,21859.285714285714,21021.35714285714,0.0,9.5,80.5
2021-09-17,21683.0,457195.0,0.0,75.0,70.0,72.5,4,0,9,260,0,23137.0,20096.0,18816.0,21945.571428571428,21255.85714285714,0.0,7.5,74.5
2021-09-18,21971.0,443857.0,0.0,86.0,70.0,78.0,5,1,9,261,0,21683.0,18448.0,18776.0,22172.285714285714,21460.64285714286,0.0,13.0,72.5
2021-09-19,21182.0,400960.0,0.0,78.0,67.0,72.5,6,1,9,262,0,21971.0,20746.0,18481.0,22675.571428571428,21688.85714285714,0.0,7.5,78.0
2021-09-20,20532.0,410431.0,0.0,76.0,64.0,70.0,0,0,9,263,0,21182.0,23717.0,20171.0,22737.85714285714,21881.785714285714,0.0,5.0,72.5
2021-09-21,20459.0,417408.0,0.01,77.0,64.0,70.5,1,0,9,264,0,20532.0,22862.0,21671.0,22282.85714285714,21907.571428571428,0.0,5.5,70.0
2021-09-22,22454.0,456651.0,0.0,83.0,72.0,77.5,2,0,9,265,0,20459.0,24613.0,23515.0,21939.571428571428,21821.0,0.0,12.5,70.5
2021-09-23,22455.0,477361.0,1.11,83.0,65.0,74.0,3,0,9,266,0,22454.0,23137.0,22533.0,21631.14285714286,21745.214285714286,0.0,9.0,77.5
2021-09-24,21792.0,412557.0,0.27,76.0,60.0,68.0,4,0,9,267,0,22455.0,21683.0,20096.0,21533.714285714286,21739.64285714286,0.0,3.0,74.0
2021-09-25,18188.0,364267.0,0.0,77.0,63.0,70.0,5,1,9,268,0,21792.0,21971.0,18448.0,21549.285714285714,21860.785714285714,0.0,5.0,68.0
2021-09-26,17381.0,352093.0,0.0,74.0,64.0,69.0,6,1,9,269,0,18188.0,21182.0,20746.0,21008.85714285714,21842.214285714286,0.0,4.0,70.0
2021-09-27,19486.0,386627.0,0.0,82.0,65.0,73.5,0,0,9,270,0,17381.0,20532.0,23717.0,20465.85714285714,21601.85714285714,0.0,8.5,69.0
2021-09-28,19375.0,404919.0,0.1,75.0,63.0,69.0,1,0,9,271,0,19486.0,20459.0,22862.0,20316.428571428572,21299.64285714286,0.0,4.0,73.5
2021-09-29,18837.0,375598.0,0.0,70.0,56.0,63.0,2,0,9,272,0,19375.0,22454.0,24613.0,20161.571428571428,21050.571428571428,2.0,0.0,69.0
2021-09-30,17670.0,369465.0,0.0,68.0,58.0,63.0,3,0,9,273,0,18837.0,22455.0,23137.0,19644.85714285714,20638.0,2.0,0.0,63.0
2021-10-01,17436.0,361838.0,0.0,70.0,54.0,62.0,4,0,10,274,0,17670.0,21792.0,21683.0,18961.285714285714,20247.5,3.0,0.0,63.0
2021-10-02,16985.0,345688.0,0.0,77.0,59.0,68.0,5,1,10,275,0,17436.0,18188.0,21971.0,18339.0,19944.14285714286,0.0,3.0,62.0
2021-10-03,17863.0,357488.0,0.0,81.0,63.0,72.0,6,1,10,276,0,16985.0,17381.0,21182.0,18167.14285714286,19588.0,0.0,7.0,68.0
2021-10-04,19033.0,407243.0,0.11,74.0,63.0,68.5,0,0,10,277,0,17863.0,19486.0,20532.0,18236.0,19350.928571428572,0.0,3.5,72.0
2021-10-05,18672.0,388262.0,0.0,66.0,61.0,63.5,1,0,10,278,0,19033.0,19375.0,20459.0,18171.285714285714,19243.85714285714,1.5,0.0,68.5
2021-10-06,18297.0,382744.0,0.0,71.0,62.0,66.5,2,0,10,279,0,18672.0,18837.0,22454.0,18070.85714285714,19116.214285714286,0.0,1.5,63.5
2021-10-07,19080.0,390386.0,0.0,78.0,64.0,71.0,3,0,10,280,0,18297.0,17670.0,22455.0,17993.714285714286,18819.285714285714,0.0,6.0,66.5
2021-10-08,18969.0,397047.0,0.0,76.0,65.0,70.5,4,0,10,281,0,19080.0,17436.0,21792.0,18195.14285714286,18578.214285714286,0.0,5.5,71.0
2021-10-09,18607.0,364453.0,0.0,70.0,61.0,65.5,5,1,10,282,0,18969.0,16985.0,18188.0,18414.14285714286,18376.571428571428,0.0,0.5,70.5
2021-10-10,16695.0,349713.0,0.11,69.0,63.0,66.0,6,1,10,283,0,18607.0,17863.0,17381.0,18645.85714285714,18406.5,0.0,1.0,65.5
2021-10-11,18692.0,374559.0,0.0,73.0,64.0,68.5,0,0,10,284,1,16695.0,19033.0,19486.0,18479.0,18357.5,0.0,3.5,66.0
2021-10-12,18898.0,389402.0,0.0,71.0,63.0,67.0,1,0,10,285,0,18692.0,18672.0,19375.0,18430.285714285714,18300.785714285714,0.0,2.0,68.5
2021-10-13,18723.0,392977.0,0.0,71.0,65.0,68.0,2,0,10,286,0,18898.0,18297.0,18837.0,18462.571428571428,18266.714285714286,0.0,3.0,67.0
2021-10-14,19345.0,395939.0,0.0,79.0,66.0,72.5,3,0,10,287,0,18723.0,19080.0,17670.0,18523.428571428572,18258.571428571428,0.0,7.5,68.0
2021-10-15,19594.0,406970.0,0.0,83.0,67.0,75.0,4,0,10,288,0,19345.0,18969.0,17436.0,18561.285714285714,18378.214285714286,0.0,10.0,72.5
2021-10-16,19032.0,388883.0,0.16,77.0,60.0,68.5,5,1,10,289,0,19594.0,18607.0,16985.0,18650.571428571428,18532.35714285714,0.0,3.5,75.0
2021-10-17,17340.0,343025.0,0.01,65.0,55.0,60.0,6,1,10,290,0,19032.0,16695.0,17863.0,18711.285714285714,18678.571428571428,5.0,0.0,68.5
2021-10-18,17619.0,362387.0,0.0,62.0,52.0,57.0,0,0,10,291,0,17340.0,18692.0,19033.0,18803.428571428572,18641.214285714286,8.0,0.0,60.0
2021-10-19,17611.0,365444.0,0.0,69.0,51.0,60.0,1,0,10,292,0,17619.0,18898.0,18672.0,18650.14285714286,18540.214285714286,5.0,0.0,57.0
2021-10-20,18182.0,371512.0,0.0,80.0,60.0,70.0,2,0,10,293,0,17611.0,18723.0,18297.0,18466.285714285714,18464.428571428572,0.0,5.0,60.0
2021-10-21,18368.0,378398.0,0.0,77.0,62.0,69.5,3,0,10,294,0,18182.0,19345.0,19080.0,18389.0,18456.214285714286,0.0,4.5,70.0
2021-10-22,18090.0,376375.0,0.0,72.0,59.0,65.5,4,0,10,295,0,18368.0,19594.0,18969.0,18249.428571428572,18405.35714285714,0.0,0.5,69.5
2021-10-23,17195.0,347394.0,0.0,61.0,51.0,56.0,5,1,10,296,0,18090.0,19032.0,18607.0,18034.571428571428,18342.571428571428,9.0,0.0,65.5
2021-10-24,16473.0,337571.0,0.03,61.0,51.0,56.0,6,1,10,297,0,17195.0,17340.0,16695.0,17772.14285714286,18241.714285714286,9.0,0.0,56.0
2021-10-25,18557.0,376233.0,0.4,75.0,58.0,66.5,0,0,10,298,0,16473.0,17619.0,18692.0,17648.285714285714,18225.85714285714,0.0,1.5,56.0
2021-10-26,18404.0,387936.0,2.48,64.0,57.0,60.5,1,0,10,299,0,18557.0,17611.0,18898.0,17782.285714285714,18216.214285714286,4.5,0.0,66.5
2021-10-27,17970.0,374083.0,0.14,62.0,55.0,58.5,2,0,10,300,0,18404.0,18182.0,18723.0,17895.571428571428,18180.928571428572,6.5,0.0,60.5
2021-10-28,17723.0,370002.0,0.0,59.0,50.0,54.5,3,0,10,301,0,17970.0,18368.0,19345.0,17865.285714285714,18127.14285714286,10.5,0.0,58.5
2021-10-29,17598.0,373541.0,0.34,58.0,49.0,53.5,4,0,10,302,0,17723.0,18090.0,19594.0,17773.14285714286,18011.285714285714,11.5,0.0,54.5
2021-10-30,17239.0,358642.0,0.16,68.0,56.0,62.0,5,1,10,303,0,17598.0,17195.0,19032.0,17702.85714285714,17868.714285714286,3.0,0.0,53.5
2021-10-31,16299.0,342162.0,0.06,67.0,57.0,62.0,6,1,10,304,0,17239.0,16473.0,17340.0,17709.14285714286,17740.64285714286,3.0,0.0,62.0
2021-11-01,17992.0,362679.0,0.0,62.0,54.0,58.0,0,0,11,305,0,16299.0,18557.0,17619.0,17684.285714285714,17666.285714285714,7.0,0.0,62.0
2021-11-02,18370.0,380036.0,0.0,55.0,48.0,51.5,1,0,11,306,0,17992.0,18404.0,17611.0,17603.571428571428,17692.928571428572,13.5,0.0,58.0
2021-11-03,18659.0,385467.0,0.0,55.0,45.0,50.0,2,0,11,307,0,18370.0,17970.0,18182.0,17598.714285714286,17747.14285714286,15.0,0.0,51.5
2021-11-04,18675.0,392506.0,0.0,52.0,42.0,47.0,3,0,11,308,0,18659.0,17723.0,18368.0,17697.14285714286,17781.214285714286,18.0,0.0,50.0
2021-11-05,18416.0,389612.0,0.0,53.0,42.0,47.5,4,0,11,309,0,18675.0,17598.0,18090.0,17833.14285714286,17803.14285714286,17.5,0.0,47.0
2021-11-06,17943.0,366442.0,0.0,54.0,44.0,49.0,5,1,11,310,0,18416.0,17239.0,17195.0,17950.0,17826.428571428572,16.0,0.0,47.5
2021-11-07,17286.0,327808.0,0.0,57.0,43.0,50.0,6,1,11,311,0,17943.0,16299.0,16473.0,18050.571428571428,17879.85714285714,15.0,0.0,49.0
2021-11-08,18411.0,375347.0,0.0,66.0,49.0,57.5,0,0,11,312,0,17286.0,17992.0,18557.0,18191.571428571428,17937.928571428572,7.5,0.0,50.0
2021-11-09,18421.0,378937.0,0.0,72.0,51.0,61.5,1,0,11,313,0,18411.0,18370.0,18404.0,18251.428571428572,17927.5,3.5,0.0,57.5
2021-11-10,18161.0,370422.0,0.0,66.0,53.0,59.5,2,0,11,314,0,18421.0,18659.0,17970.0,18258.714285714286,17928.714285714286,5.5,0.0,61.5
2021-11-11,18386.0,378248.0,0.0,62.0,46.0,54.0,3,0,11,315,1,18161.0,18675.0,17723.0,18187.571428571428,17942.35714285714,11.0,0.0,59.5
2021-11-12,18119.0,381467.0,0.35,69.0,56.0,62.5,4,0,11,316,0,18386.0,18416.0,17598.0,18146.285714285714,17989.714285714286,2.5,0.0,54.0
2021-11-13,17740.0,363761.0,0.23,64.0,43.0,53.5,5,1,11,317,0,18119.0,17943.0,17239.0,18103.85714285714,18026.928571428572,11.5,0.0,62.5
2021-11-14,17834.0,363745.0,0.01,49.0,42.0,45.5,6,1,11,318,0,17740.0,17286.0,16299.0,18074.85714285714,18062.714285714286,19.5,0.0,53.5
2021-11-15,19611.0,393413.0,0.01,50.0,42.0,46.0,0,0,11,319,0,17834.0,18411.0,17992.0,18153.14285714286,18172.35714285714,19.0,0.0,45.5
2021-11-16,19420.0,402044.0,0.0,51.0,40.0,45.5,1,0,11,320,0,19611.0,18421.0,18370.0,18324.571428571428,18288.0,19.5,0.0,46.0
2021-11-17,19231.0,403930.0,0.0,58.0,40.0,49.0,2,0,11,321,0,19420.0,18161.0,18659.0,18467.285714285714,18363.0,16.0,0.0,45.5
2021-11-18,18763.0,387382.0,0.05,70.0,49.0,59.5,3,0,11,322,0,19231.0,18386.0,18675.0,18620.14285714286,18403.85714285714,5.5,0.0,49.0
2021-11-19,19150.0,392538.0,0.03,50.0,42.0,46.0,4,0,11,323,0,18763.0,18119.0,18416.0,18674.0,18410.14285714286,19.0,0.0,59.5
2021-11-20,18865.0,381323.0,0.0,48.0,39.0,43.5,5,1,11,324,0,19150.0,17740.0,17943.0,18821.285714285714,18462.571428571428,21.5,0.0,46.0
2021-11-21,17861.0,367279.0,0.0,57.0,47.0,52.0,6,1,11,325,0,18865.0,17834.0,17286.0,18982.0,18528.428571428572,13.0,0.0,43.5
2021-11-22,19647.0,391026.0,0.04,57.0,38.0,47.5,0,0,11,326,0,17861.0,19611.0,18411.0,18985.85714285714,18569.5,17.5,0.0,52.0
2021-11-23,20133.0,411826.0,0.0,44.0,35.0,39.5,1,0,11,327,0,19647.0,19420.0,18421.0,18991.0,18657.785714285714,25.5,0.0,47.5
2021-11-24,19966.0,416375.0,0.0,47.0,33.0,40.0,2,0,11,328,0,20133.0,19231.0,18161.0,19092.85714285714,18780.071428571428,25.0,0.0,39.5
2021-11-25,19268.0,383526.0,0.0,57.0,41.0,49.0,3,0,11,329,1,19966.0,18763.0,18386.0,19197.85714285714,18909.0,16.0,0.0,40.0
2021-11-26,18748.0,371566.0,0.08,51.0,38.0,44.5,4,0,11,330,0,19268.0,19150.0,18119.0,19270.0,18972.0,20.5,0.0,49.0
2021-11-27,18731.0,388864.0,0.0,42.0,36.0,39.0,5,1,11,331,0,18748.0,18865.0,17740.0,19212.571428571428,19016.928571428572,26.0,0.0,44.5
2021-11-28,19086.0,396953.0,0.0,44.0,34.0,39.0,6,1,11,332,0,18731.0,17861.0,17834.0,19193.428571428572,19087.714285714286,26.0,0.0,39.0
2021-11-29,20659.0,417216.0,0.01,43.0,35.0,39.0,0,0,11,333,0,19086.0,19647.0,19611.0,19368.428571428572,19177.14285714286,26.0,0.0,39.0
2021-11-30,20690.0,433795.0,0.0,43.0,34.0,38.5,1,0,11,334,0,20659.0,20133.0,19420.0,19513.0,19252.0,26.5,0.0,39.0
2021-12-01,20463.0,417388.0,0.0,50.0,43.0,46.5,2,0,12,335,0,20690.0,19966.0,19231.0,19592.571428571428,19342.714285714286,18.5,0.0,38.5
2021-12-02,19906.0,412109.0,0.04,60.0,46.0,53.0,3,0,12,336,0,20463.0,19268.0,18763.0,19663.571428571428,19430.714285714286,12.0,0.0,46.5
2021-12-03,19862.0,407617.0,0.0,50.0,40.0,45.0,4,0,12,337,0,19906.0,18748.0,19150.0,19754.714285714286,19512.35714285714,20.0,0.0,53.0
2021-12-04,19610.0,398148.0,0.0,49.0,39.0,44.0,5,1,12,338,0,19862.0,18731.0,18865.0,19913.85714285714,19563.214285714286,21.0,0.0,45.0
2021-12-05,18984.0,386631.0,0.0,49.0,42.0,45.5,6,1,12,339,0,19610.0,19086.0,17861.0,20039.428571428572,19616.428571428572,19.5,0.0,44.0
2021-12-06,19886.0,406707.0,0.44,61.0,46.0,53.5,0,0,12,340,0,18984.0,20659.0,19647.0,20024.85714285714,19696.64285714286,11.5,0.0,45.5
2021-12-07,20778.0,418572.0,0.0,45.0,39.0,42.0,1,0,12,341,0,19886.0,20690.0,20133.0,19914.428571428572,19713.714285714286,23.0,0.0,53.5
2021-12-08,20926.0,435032.0,0.04,43.0,36.0,39.5,2,0,12,342,0,20778.0,20463.0,19966.0,19927.0,19759.785714285714,25.5,0.0,42.0
2021-12-09,21124.0,438592.0,0.0,40.0,34.0,37.0,3,0,12,343,0,20926.0,19906.0,19268.0,19993.14285714286,19828.35714285714,28.0,0.0,39.5
2021-12-10,20931.0,428088.0,0.0,51.0,40.0,45.5,4,0,12,344,0,21124.0,19862.0,18748.0,20167.14285714286,19960.928571428572,19.5,0.0,37.0
2021-12-11,19563.0,394842.0,0.14,67.0,45.0,56.0,5,1,12,345,0,20931.0,19610.0,18731.0,20319.85714285714,20116.85714285714,9.0,0.0,45.5
2021-12-12,18644.0,369056.0,0.0,59.0,44.0,51.5,6,1,12,346,0,19563.0,18984.0,19086.0,20313.14285714286,20176.285714285714,13.5,0.0,56.0
2021-12-13,20007.0,403282.0,0.0,54.0,42.0,48.0,0,0,12,347,0,18644.0,19886.0,20659.0,20264.571428571428,20144.714285714286,17.0,0.0,51.5
2021-12-14,19964.0,405688.0,0.0,54.0,44.0,49.0,1,0,12,348,0,20007.0,20778.0,20690.0,20281.85714285714,20098.14285714286,16.0,0.0,48.0
2021-12-15,20130.0,419336.0,0.0,55.0,40.0,47.5,2,0,12,349,0,19964.0,20926.0,20463.0,20165.571428571428,20046.285714285714,17.5,0.0,49.0
2021-12-16,19809.0,398370.0,0.0,63.0,55.0,59.0,3,0,12,350,0,20130.0,21124.0,19906.0,20051.85714285714,20022.5,6.0,0.0,47.5
2021-12-17,18853.0,386566.0,0.0,62.0,50.0,56.0,4,0,12,351,0,19809.0,20931.0,19862.0,19864.0,20015.571428571428,9.0,0.0,59.0
2021-12-18,18992.0,394907.0,0.09,50.0,40.0,45.0,5,1,12,352,0,18853.0,19563.0,19610.0,19567.14285714286,19943.5,20.0,0.0,56.0
2021-12-19,19835.0,395275.0,0.01,45.0,31.0,38.0,6,1,12,353,0,18992.0,18644.0,18984.0,19485.571428571428,19899.35714285714,27.0,0.0,45.0
2021-12-20,21146.0,435315.0,0.0,38.0,27.0,32.5,0,0,12,354,0,19835.0,20007.0,19886.0,19655.714285714286,19960.14285714286,32.5,0.0,38.0
2021-12-21,20995.0,431059.0,0.0,43.0,33.0,38.0,1,0,12,355,0,21146.0,19964.0,20778.0,19818.428571428572,20050.14285714286,27.0,0.0,32.5
2021-12-22,20853.0,424296.0,0.16,48.0,35.0,41.5,2,0,12,356,0,20995.0,20130.0,20926.0,19965.714285714286,20065.64285714286,23.5,0.0,38.0
2021-12-23,20851.0,434606.0,0.0,37.0,32.0,34.5,3,0,12,357,0,20853.0,19809.0,21124.0,20069.0,20060.428571428572,30.5,0.0,41.5
2021-12-24,20684.0,421735.0,0.02,39.0,31.0,35.0,4,0,12,358,1,20851.0,18853.0,20931.0,20217.85714285714,20040.928571428572,30.0,0.0,34.5
2021-12-25,18795.0,388288.0,0.16,51.0,36.0,43.5,5,1,12,359,1,20684.0,18992.0,19563.0,20479.428571428572,20023.285714285714,21.5,0.0,35.0
2021-12-26,18516.0,372148.0,0.0,52.0,41.0,46.5,6,1,12,360,0,18795.0,19835.0,18644.0,20451.285714285714,19968.428571428572,18.5,0.0,43.5
2021-12-27,20580.0,417311.0,0.08,41.0,35.0,38.0,0,0,12,361,0,18516.0,21146.0,20007.0,20262.85714285714,19959.285714285714,27.0,0.0,46.5
2021-12-28,20281.0,414973.0,0.05,48.0,37.0,42.5,1,0,12,362,0,20580.0,20995.0,19964.0,20182.0,20000.214285714286,22.5,0.0,38.0
2021-12-29,19803.0,412511.0,0.16,44.0,42.0,43.0,2,0,12,363,0,20281.0,20853.0,20130.0,20080.0,20022.85714285714,22.0,0.0,42.5
2021-12-30,19478.0,403567.0,0.05,49.0,43.0,46.0,3,0,12,364,0,19803.0,20851.0,19809.0,19930.0,19999.5,19.0,0.0,43.0
2021-12-31,19031.0,384606.0,0.0,55.0,48.0,51.5,4,0,12,365,1,19478.0,20684.0,18853.0,19733.85714285714,19975.85714285714,13.5,0.0,46.0
2022-01-01,18111.0,367521.0,0.76,57.0,50.0,53.5,5,1,1,1,1,19031.0,18795.0,18992.0,19497.714285714286,19988.571428571428,11.5,0.0,51.5
2022-01-02,18916.0,375026.0,0.04,60.0,39.0,49.5,6,1,1,2,0,18111.0,18516.0,19835.0,19400.0,19925.64285714286,15.5,0.0,53.5
2022-01-03,21929.0,433801.0,0.0,39.0,24.0,31.5,0,0,1,3,0,18916.0,20580.0,21146.0,19457.14285714286,19860.0,33.5,0.0,49.5
2022-01-04,21765.0,457042.0,0.0,36.0,21.0,28.5,1,0,1,4,0,21929.0,20281.0,20995.0,19649.85714285714,19915.928571428572,36.5,0.0,31.5
2022-01-05,21281.0,444118.0,0.24,48.0,32.0,40.0,2,0,1,5,0,21765.0,19803.0,20853.0,19861.85714285714,19970.928571428572,25.0,0.0,28.5
2022-01-06,20966.0,431371.0,0.0,43.0,36.0,39.5,3,0,1,6,0,21281.0,19478.0,20851.0,20073.0,20001.5,25.5,0.0,40.0
2022-01-07,21468.0,448106.0,0.33,36.0,28.0,32.0,4,0,1,7,0,20966.0,19031.0,20684.0,20285.571428571428,20009.714285714286,33.0,0.0,39.5
2022-01-08,21323.0,443289.0,0.0,32.0,23.0,27.5,5,1,1,8,0,21468.0,18111.0,18795.0,20633.714285714286,20065.714285714286,37.5,0.0,32.0
2022-01-09,20523.0,428689.0,0.11,42.0,30.0,36.0,6,1,1,9,0,21323.0,18916.0,18516.0,21092.571428571428,20246.285714285714,29.0,0.0,27.5
2022-01-10,22220.0,442594.0,0.0,42.0,26.0,34.0,0,0,1,10,0,20523.0,21929.0,20580.0,21322.14285714286,20389.64285714286,31.0,0.0,36.0
2022-01-11,23237.0,481506.0,0.0,26.0,17.0,21.5,1,0,1,11,0,22220.0,21765.0,20281.0,21363.714285714286,20506.785714285714,43.5,0.0,34.0
2022-01-12,23155.0,477732.0,0.0,42.0,20.0,31.0,2,0,1,12,0,23237.0,21281.0,19803.0,21574.0,20717.928571428572,34.0,0.0,21.5
2022-01-13,21165.0,437917.0,0.0,46.0,33.0,39.5,3,0,1,13,0,23155.0,20966.0,19478.0,21841.714285714286,20957.35714285714,25.5,0.0,31.0
2022-01-14,21172.0,431734.0,0.0,43.0,22.0,32.5,4,0,1,14,0,21165.0,21468.0,19031.0,21870.14285714286,21077.85714285714,32.5,0.0,39.5
2022-01-15,22285.0,466367.0,0.0,22.0,13.0,17.5,5,1,1,15,0,21172.0,21323.0,18111.0,21827.85714285714,21230.785714285714,47.5,0.0,32.5
2022-01-16,22311.0,470431.0,0.36,40.0,10.0,25.0,6,1,1,16,0,22285.0,20523.0,18916.0,21965.285714285714,21528.928571428572,40.0,0.0,17.5
2022-01-17,21320.0,449241.0,1.06,46.0,35.0,40.5,0,0,1,17,1,22311.0,22220.0,21929.0,22220.714285714286,21771.428571428572,24.5,0.0,25.0
2022-01-18,21662.0,450944.0,0.0,38.0,31.0,34.5,1,0,1,18,0,21320.0,23237.0,21765.0,22092.14285714286,21727.928571428572,30.5,0.0,40.5
2022-01-19,21710.0,453612.0,0.0,51.0,29.0,40.0,2,0,1,19,0,21662.0,23155.0,21281.0,21867.14285714286,21720.571428571428,25.0,0.0,34.5
2022-01-20,21720.0,441504.0,0.25,47.0,23.0,35.0,3,0,1,20,0,21710.0,21165.0,20966.0,21660.714285714286,21751.214285714286,30.0,0.0,40.0
2022-01-21,22595.0,478788.0,0.0,23.0,15.0,19.0,4,0,1,21,0,21720.0,21172.0,21468.0,21740.0,21805.071428571428,46.0,0.0,35.0
2022-01-22,22611.0,470737.0,0.0,30.0,14.0,22.0,5,1,1,22,0,22595.0,22285.0,21323.0,21943.285714285714,21885.571428571428,43.0,0.0,19.0
2022-01-23,21184.0,442198.0,0.01,38.0,26.0,32.0,6,1,1,23,0,22611.0,22311.0,20523.0,21989.85714285714,21977.571428571428,33.0,0.0,22.0
2022-01-24,21850.0,455970.0,0.0,38.0,28.0,33.0,0,0,1,24,0,21184.0,21320.0,22220.0,21828.85714285714,22024.785714285714,32.0,0.0,32.0
2022-01-25,21722.0,451082.0,0.0,43.0,30.0,36.5,1,0,1,25,0,21850.0,21662.0,23237.0,21904.571428571428,21998.35714285714,28.5,0.0,33.0
2022-01-26,22312.0,463014.0,0.0,30.0,21.0,25.5,2,0,1,26,0,21722.0,21710.0,23155.0,21913.14285714286,21890.14285714286,39.5,0.0,36.5
2022-01-27,22492.0,481682.0,0.0,32.0,18.0,25.0,3,0,1,27,0,22312.0,21720.0,21165.0,21999.14285714286,21829.928571428572,40.0,0.0,25.5
2022-01-28,22094.0,464994.0,0.11,35.0,30.0,32.5,4,0,1,28,0,22492.0,22595.0,21172.0,22109.428571428572,21924.714285714286,32.5,0.0,25.0
2022-01-29,21976.0,466451.0,0.49,30.0,15.0,22.5,5,1,1,29,0,22094.0,22611.0,22285.0,22037.85714285714,21990.571428571428,42.5,0.0,32.5
2022-01-30,22245.0,467999.0,0.0,27.0,14.0,20.5,6,1,1,30,0,21976.0,21184.0,22311.0,21947.14285714286,21968.5,44.5,0.0,22.5
2022-01-31,21834.0,471751.0,0.0,30.0,19.0,24.5,0,0,1,31,0,22245.0,21850.0,21320.0,22098.714285714286,21963.785714285714,40.5,0.0,20.5
2022-02-01,22175.0,463656.0,0.0,37.0,24.0,30.5,1,0,2,32,0,21834.0,21722.0,21662.0,22096.428571428572,22000.5,34.5,0.0,24.5
2022-02-02,21386.0,441941.0,0.0,42.0,31.0,36.5,2,0,2,33,0,22175.0,22312.0,21710.0,22161.14285714286,22037.14285714286,28.5,0.0,30.5
2022-02-03,20615.0,433907.0,0.42,48.0,39.0,43.5,3,0,2,34,0,21386.0,22492.0,21720.0,22028.85714285714,22014.0,21.5,0.0,36.5
2022-02-04,21329.0,445335.0,0.74,55.0,28.0,41.5,4,0,2,35,0,20615.0,22094.0,22595.0,21760.714285714286,21935.071428571428,23.5,0.0,43.5
2022-02-05,21276.0,445951.0,0.0,29.0,21.0,25.0,5,1,2,36,0,21329.0,21976.0,22611.0,21651.428571428572,21844.64285714286,40.0,0.0,41.5
2022-02-06,21187.0,450454.0,0.0,32.0,17.0,24.5,6,1,2,37,0,21276.0,22245.0,21184.0,21551.428571428572,21749.285714285714,40.5,0.0,25.0
2022-02-07,20890.0,453514.0,0.15,40.0,31.0,35.5,0,0,2,38,0,21187.0,21834.0,21850.0,21400.285714285714,21749.5,29.5,0.0,24.5
2022-02-08,20947.0,436175.0,0.08,47.0,34.0,40.5,1,0,2,39,0,20890.0,22175.0,21722.0,21265.428571428572,21680.928571428572,24.5,0.0,35.5
2022-02-09,20829.0,432238.0,0.0,44.0,31.0,37.5,2,0,2,40,0,20947.0,21386.0,22312.0,21090.0,21625.571428571428,27.5,0.0,40.5
2022-02-10,20055.0,420268.0,0.0,56.0,34.0,45.0,3,0,2,41,0,20829.0,20615.0,22492.0,21010.428571428572,21519.64285714286,20.0,0.0,37.5
2022-02-11,19795.0,410329.0,0.0,56.0,37.0,46.5,4,0,2,42,0,20055.0,21329.0,22094.0,20930.428571428572,21345.571428571428,18.5,0.0,45.0
2022-02-12,18982.0,384715.0,0.0,60.0,42.0,51.0,5,1,2,43,0,19795.0,21276.0,21976.0,20711.285714285714,21181.35714285714,14.0,0.0,46.5
2022-02-13,19959.0,408952.0,0.19,42.0,26.0,34.0,6,1,2,44,0,18982.0,21187.0,22245.0,20383.571428571428,20967.5,31.0,0.0,51.0
2022-02-14,21961.0,458816.0,0.0,27.0,18.0,22.5,0,0,2,45,0,19959.0,20890.0,21834.0,20208.14285714286,20804.214285714286,42.5,0.0,34.0
2022-02-15,22477.0,475455.0,0.0,32.0,18.0,25.0,1,0,2,46,0,21961.0,20947.0,22175.0,20361.14285714286,20813.285714285714,40.0,0.0,22.5
2022-02-16,22013.0,454011.0,0.0,47.0,27.0,37.0,2,0,2,47,0,22477.0,20829.0,21386.0,20579.714285714286,20834.85714285714,28.0,0.0,25.0
2022-02-17,20312.0,416026.0,0.3,63.0,47.0,55.0,3,0,2,48,0,22013.0,20055.0,20615.0,20748.85714285714,20879.64285714286,10.0,0.0,37.0
2022-02-18,19703.0,406027.0,0.25,63.0,28.0,45.5,4,0,2,49,0,20312.0,19795.0,21329.0,20785.571428571428,20858.0,19.5,0.0,55.0
2022-02-19,20226.0,425610.0,0.0,41.0,25.0,33.0,5,1,2,50,0,19703.0,18982.0,21276.0,20772.428571428572,20741.85714285714,32.0,0.0,45.5
2022-02-20,20224.0,421912.0,0.0,36.0,22.0,29.0,6,1,2,51,0,20226.0,19959.0,21187.0,20950.14285714286,20666.85714285714,36.0,0.0,33.0
2022-02-21,19288.0,399318.0,0.0,54.0,33.0,43.5,0,0,2,52,1,20224.0,21961.0,20890.0,20988.0,20598.071428571428,21.5,0.0,29.0
2022-02-22,19188.0,409171.0,0.23,56.0,36.0,46.0,1,0,2,53,0,19288.0,22477.0,20947.0,20606.14285714286,20483.64285714286,19.0,0.0,43.5
2022-02-23,19141.0,394346.0,0.0,68.0,36.0,52.0,2,0,2,54,0,19188.0,22013.0,20829.0,20136.285714285714,20358.0,13.0,0.0,46.0
2022-02-24,20230.0,427157.0,0.0,36.0,29.0,32.5,3,0,2,55,0,19141.0,20312.0,20055.0,19726.0,20237.428571428572,32.5,0.0,52.0
2022-02-25,20637.0,445751.0,0.82,43.0,27.0,35.0,4,0,2,56,0,20230.0,19703.0,19795.0,19714.285714285714,20249.928571428572,30.0,0.0,32.5
2022-02-26,20485.0,423940.0,0.0,38.0,24.0,31.0,5,1,2,57,0,20637.0,20226.0,18982.0,19847.714285714286,20310.071428571428,34.0,0.0,35.0
2022-02-27,19275.0,402941.0,0.0,48.0,30.0,39.0,6,1,2,58,0,20485.0,20224.0,19959.0,19884.714285714286,20417.428571428572,26.0,0.0,31.0
2022-02-28,20126.0,425977.0,0.0,36.0,27.0,31.5,0,0,2,59,0,19275.0,19288.0,21961.0,19749.14285714286,20368.571428571428,33.5,0.0,39.0
2022-03-01,20850.0,439197.0,0.0,48.0,31.0,39.5,1,0,3,60,0,20126.0,19188.0,22477.0,19868.85714285714,20237.5,25.5,0.0,31.5
2022-03-02,19984.0,408020.0,0.0,53.0,40.0,46.5,2,0,3,61,0,20850.0,19141.0,22013.0,20106.285714285714,20121.285714285714,18.5,0.0,39.5
2022-03-03,19461.0,409972.0,0.03,48.0,25.0,36.5,3,0,3,62,0,19984.0,20230.0,20312.0,20226.714285714286,19976.35714285714,28.5,0.0,46.5
2022-03-04,20302.0,433293.0,0.0,38.0,22.0,30.0,4,0,3,63,0,19461.0,20637.0,19703.0,20116.85714285714,19915.571428571428,35.0,0.0,36.5
2022-03-05,19932.0,406060.0,0.0,45.0,31.0,38.0,5,1,3,64,0,20302.0,20485.0,20226.0,20069.0,19958.35714285714,27.0,0.0,30.0
2022-03-06,18192.0,367205.0,0.05,68.0,39.0,53.5,6,1,3,65,0,19932.0,19275.0,20224.0,19990.0,19937.35714285714,11.5,0.0,38.0
2022-03-07,18552.0,383648.0,0.05,74.0,50.0,62.0,0,0,3,66,0,18192.0,20126.0,19288.0,19835.285714285714,19792.214285714286,3.0,0.0,53.5
2022-03-08,18757.0,388488.0,0.0,50.0,40.0,45.0,1,0,3,67,0,18552.0,20850.0,19188.0,19610.428571428572,19739.64285714286,20.0,0.0,62.0
2022-03-09,19677.0,420202.0,0.58,41.0,33.0,37.0,2,0,3,68,0,18757.0,19984.0,19141.0,19311.428571428572,19708.85714285714,28.0,0.0,45.0
2022-03-10,19981.0,407001.0,0.0,50.0,32.0,41.0,3,0,3,69,0,19677.0,19461.0,20230.0,19267.571428571428,19747.14285714286,24.0,0.0,37.0
2022-03-11,18907.0,395624.0,0.0,53.0,36.0,44.5,4,0,3,70,0,19981.0,20302.0,20637.0,19341.85714285714,19729.35714285714,20.5,0.0,41.0
2022-03-12,19213.0,396928.0,0.47,47.0,25.0,36.0,5,1,3,71,0,18907.0,19932.0,20485.0,19142.571428571428,19605.785714285714,29.0,0.0,44.5
2022-03-13,19685.0,413801.0,0.0,35.0,23.0,29.0,6,1,3,72,0,19213.0,18192.0,19275.0,19039.85714285714,19514.928571428572,36.0,0.0,36.0
2022-03-14,19116.0,404796.0,0.0,57.0,34.0,45.5,0,0,3,73,0,19685.0,18552.0,20126.0,19253.14285714286,19544.214285714286,19.5,0.0,29.0
2022-03-15,18193.0,385374.0,0.0,68.0,46.0,57.0,1,0,3,74,0,19116.0,18757.0,20850.0,19333.714285714286,19472.071428571428,8.0,0.0,45.5
2022-03-16,17778.0,370849.0,0.0,64.0,43.0,53.5,2,0,3,75,0,18193.0,19677.0,19984.0,19253.14285714286,19282.285714285714,11.5,0.0,57.0
2022-03-17,17218.0,377281.0,0.11,55.0,42.0,48.5,3,0,3,76,0,17778.0,19981.0,19461.0,18981.85714285714,19124.714285714286,16.5,0.0,53.5
2022-03-18,17245.0,362147.0,0.0,73.0,49.0,61.0,4,0,3,77,0,17218.0,18907.0,20302.0,18587.14285714286,18964.5,4.0,0.0,48.5
2022-03-19,16498.0,342892.0,0.07,68.0,46.0,57.0,5,1,3,78,0,17245.0,19213.0,19932.0,18349.714285714286,18746.14285714286,8.0,0.0,61.0
2022-03-20,16088.0,342358.0,0.0,61.0,46.0,53.5,6,1,3,79,0,16498.0,19685.0,18192.0,17961.85714285714,18500.85714285714,11.5,0.0,57.0
2022-03-21,16749.0,363617.0,0.0,62.0,44.0,53.0,0,0,3,80,0,16088.0,19116.0,18552.0,17448.0,18350.571428571428,12.0,0.0,53.5
2022-03-22,17236.0,367968.0,0.0,57.0,44.0,50.5,1,0,3,81,0,16749.0,18193.0,18757.0,17109.85714285714,18221.785714285714,14.5,0.0,53.0
2022-03-23,18072.0,388610.0,0.11,47.0,39.0,43.0,2,0,3,82,0,17236.0,17778.0,19677.0,16973.14285714286,18113.14285714286,22.0,0.0,50.5
2022-03-24,18272.0,392735.0,1.02,47.0,39.0,43.0,3,0,3,83,0,18072.0,17218.0,19981.0,17015.14285714286,17998.5,22.0,0.0,43.0
2022-03-25,17778.0,378520.0,0.03,60.0,44.0,52.0,4,0,3,84,0,18272.0,17245.0,18907.0,17165.714285714286,17876.428571428572,13.0,0.0,43.0
2022-03-26,17132.0,357167.0,0.04,53.0,43.0,48.0,5,1,3,85,0,17778.0,16498.0,19213.0,17241.85714285714,17795.785714285714,17.0,0.0,52.0
2022-03-27,17471.0,363601.0,0.0,45.0,30.0,37.5,6,1,3,86,0,17132.0,16088.0,19685.0,17332.428571428572,17647.14285714286,27.5,0.0,48.0
2022-03-28,20030.0,422426.0,0.0,32.0,24.0,28.0,0,0,3,87,0,17471.0,16749.0,19116.0,17530.0,17489.0,37.0,0.0,37.5
2022-03-29,20450.0,427691.0,0.0,37.0,25.0,31.0,1,0,3,88,0,20030.0,17236.0,18193.0,17998.714285714286,17554.285714285714,34.0,0.0,28.0
2022-03-30,19306.0,419698.0,0.0,47.0,30.0,38.5,2,0,3,89,0,20450.0,18072.0,17778.0,18457.85714285714,17715.5,26.5,0.0,31.0
2022-03-31,18707.0,393391.0,0.05,64.0,42.0,53.0,3,0,3,90,0,19306.0,18272.0,17218.0,18634.14285714286,17824.64285714286,12.0,0.0,38.5
2022-04-01,17533.0,378477.0,0.26,61.0,43.0,52.0,4,0,4,91,0,18707.0,17778.0,17245.0,18696.285714285714,17931.0,13.0,0.0,53.0
2022-04-02,17702.0,357830.0,0.0,55.0,39.0,47.0,5,1,4,92,0,17533.0,17132.0,16498.0,18661.285714285714,17951.571428571428,18.0,0.0,52.0
2022-04-03,16956.0,363560.0,0.09,46.0,41.0,43.5,6,1,4,93,0,17702.0,17471.0,16088.0,18742.714285714286,18037.571428571428,21.5,0.0,47.0
2022-04-04,17211.0,379236.0,0.0,54.0,40.0,47.0,0,0,4,94,0,16956.0,20030.0,16749.0,18669.14285714286,18099.571428571428,18.0,0.0,43.5
2022-04-05,17618.0,375952.0,0.06,55.0,44.0,49.5,1,0,4,95,0,17211.0,20450.0,17236.0,18266.428571428572,18132.571428571428,15.5,0.0,47.0
2022-04-06,17292.0,379109.0,0.36,53.0,44.0,48.5,2,0,4,96,0,17618.0,19306.0,18072.0,17861.85714285714,18159.85714285714,16.5,0.0,49.5
2022-04-07,18249.0,388822.0,0.97,56.0,46.0,51.0,3,0,4,97,0,17292.0,18707.0,18272.0,17574.14285714286,18104.14285714286,14.0,0.0,48.5
2022-04-08,18090.0,370844.0,0.04,64.0,50.0,57.0,4,0,4,98,0,18249.0,17533.0,17778.0,17508.714285714286,18102.5,8.0,0.0,51.0
2022-04-09,16578.0,348433.0,0.02,56.0,48.0,52.0,5,1,4,99,0,18090.0,17702.0,17132.0,17588.285714285714,18124.785714285714,13.0,0.0,57.0
2022-04-10,16309.0,351435.0,0.0,49.0,43.0,46.0,6,1,4,100,0,16578.0,16956.0,17471.0,17427.714285714286,18085.214285714286,19.0,0.0,52.0
2022-04-11,16924.0,366935.0,0.0,60.0,42.0,51.0,0,0,4,101,0,16309.0,17211.0,20030.0,17335.285714285714,18002.214285714286,14.0,0.0,46.0
2022-04-12,16925.0,358566.0,0.04,71.0,50.0,60.5,1,0,4,102,0,16924.0,17618.0,20450.0,17294.285714285714,17780.35714285714,4.5,0.0,51.0
2022-04-13,16595.0,359079.0,0.0,69.0,50.0,59.5,2,0,4,103,0,16925.0,17292.0,19306.0,17195.285714285714,17528.571428571428,5.5,0.0,60.5
2022-04-14,16999.0,363166.0,0.11,71.0,55.0,63.0,3,0,4,104,0,16595.0,18249.0,18707.0,17095.714285714286,17334.928571428572,2.0,0.0,59.5
2022-04-15,16897.0,345641.0,0.0,69.0,51.0,60.0,4,0,4,105,0,16999.0,18090.0,17533.0,16917.14285714286,17212.928571428572,5.0,0.0,63.0
2022-04-16,15808.0,337418.0,0.14,70.0,45.0,57.5,5,1,4,106,0,16897.0,16578.0,17702.0,16746.714285714286,17167.5,7.5,0.0,60.0
2022-04-17,15766.0,330183.0,0.0,50.0,42.0,46.0,6,1,4,107,0,15808.0,16309.0,16956.0,16636.714285714286,17032.214285714286,19.0,0.0,57.5
2022-04-18,17527.0,364438.0,0.92,53.0,41.0,47.0,0,0,4,108,0,15766.0,16924.0,17211.0,16559.14285714286,16947.214285714286,18.0,0.0,46.0
2022-04-19,17622.0,383009.0,1.14,50.0,40.0,45.0,1,0,4,109,0,17527.0,16925.0,17618.0,16645.285714285714,16969.785714285714,20.0,0.0,47.0
2022-04-20,17459.0,367770.0,0.0,60.0,43.0,51.5,2,0,4,110,0,17622.0,16595.0,17292.0,16744.85714285714,16970.071428571428,13.5,0.0,45.0
2022-04-21,16956.0,371684.0,0.0,59.0,45.0,52.0,3,0,4,111,0,17459.0,16999.0,18249.0,16868.285714285714,16982.0,13.0,0.0,51.5
2022-04-22,16935.0,353557.0,0.0,68.0,52.0,60.0,4,0,4,112,0,16956.0,16897.0,18090.0,16862.14285714286,16889.64285714286,5.0,0.0,52.0
2022-04-23,15998.0,333671.0,0.0,61.0,50.0,55.5,5,1,4,113,0,16935.0,15808.0,16578.0,16867.571428571428,16807.14285714286,9.5,0.0,60.0
2022-04-24,15410.0,317084.0,0.0,60.0,48.0,54.0,6,1,4,114,0,15998.0,15766.0,16309.0,16894.714285714286,16765.714285714286,11.0,0.0,55.5
2022-04-25,16524.0,350050.0,0.0,58.0,46.0,52.0,0,0,4,115,0,15410.0,17527.0,16924.0,16843.85714285714,16701.5,13.0,0.0,54.0
2022-04-26,16935.0,366232.0,0.05,60.0,50.0,55.0,1,0,4,116,0,16524.0,17622.0,16925.0,16700.571428571428,16672.928571428572,10.0,0.0,52.0
2022-04-27,16975.0,364031.0,0.0,59.0,42.0,50.5,2,0,4,117,0,16935.0,17459.0,16595.0,16602.428571428572,16673.64285714286,14.5,0.0,55.0
2022-04-28,17342.0,364994.0,0.0,56.0,41.0,48.5,3,0,4,118,0,16975.0,16956.0,16999.0,16533.285714285714,16700.785714285714,16.5,0.0,50.5
2022-04-29,17028.0,357545.0,0.0,62.0,42.0,52.0,4,0,4,119,0,17342.0,16935.0,16897.0,16588.428571428572,16725.285714285714,13.0,0.0,48.5
2022-04-30,16132.0,328470.0,0.0,67.0,47.0,57.0,5,1,4,120,0,17028.0,15998.0,15808.0,16601.714285714286,16734.64285714286,8.0,0.0,52.0
2022-05-01,15240.0,318906.0,0.0,67.0,48.0,57.5,6,1,5,121,0,16132.0,15410.0,15766.0,16620.85714285714,16757.785714285714,7.5,0.0,57.0
2022-05-02,16868.0,359331.0,0.35,57.0,50.0,53.5,0,0,5,122,0,15240.0,16524.0,17527.0,16596.571428571428,16720.214285714286,11.5,0.0,57.5
2022-05-03,16682.0,356161.0,0.0,61.0,50.0,55.5,1,0,5,123,0,16868.0,16935.0,17622.0,16645.714285714286,16673.14285714286,9.5,0.0,53.5
2022-05-04,16854.0,364626.0,0.12,67.0,50.0,58.5,2,0,5,124,0,16682.0,16975.0,17459.0,16609.571428571428,16606.0,6.5,0.0,55.5
2022-05-05,16578.0,350386.0,0.0,71.0,56.0,63.5,3,0,5,125,0,16854.0,17342.0,16956.0,16592.285714285714,16562.785714285714,1.5,0.0,58.5
2022-05-06,16328.0,358206.0,0.74,62.0,50.0,56.0,4,0,5,126,0,16578.0,17028.0,16935.0,16483.14285714286,16535.785714285714,9.0,0.0,63.5
2022-05-07,16116.0,338981.0,1.06,52.0,46.0,49.0,5,1,5,127,0,16328.0,16132.0,15998.0,16383.142857142857,16492.428571428572,16.0,0.0,56.0
2022-05-08,15637.0,322752.0,0.02,59.0,46.0,52.5,6,1,5,128,0,16116.0,15240.0,15410.0,16380.857142857143,16500.85714285714,12.5,0.0,49.0
2022-05-09,15898.0,341302.0,0.0,69.0,47.0,58.0,0,0,5,129,0,15637.0,16868.0,16524.0,16437.571428571428,16517.071428571428,7.0,0.0,52.5
2022-05-10,16299.0,346219.0,0.0,71.0,53.0,62.0,1,0,5,130,0,15898.0,16682.0,16935.0,16299.0,16472.35714285714,3.0,0.0,58.0
2022-05-11,16891.0,349955.0,0.0,76.0,53.0,64.5,2,0,5,131,0,16299.0,16854.0,16975.0,16244.285714285714,16426.928571428572,0.5,0.0,62.0
2022-05-12,17886.0,363026.0,0.0,72.0,57.0,64.5,3,0,5,132,0,16891.0,16578.0,17342.0,16249.57142857143,16420.928571428572,0.5,0.0,64.5
2022-05-13,18529.0,382000.0,0.0,66.0,56.0,61.0,4,0,5,133,0,17886.0,16328.0,17028.0,16436.428571428572,16459.785714285714,4.0,0.0,64.5
2022-05-14,18348.0,372012.0,0.28,74.0,58.0,66.0,5,1,5,134,0,18529.0,16116.0,16132.0,16750.85714285714,16567.0,0.0,1.0,61.0
2022-05-15,17867.0,361551.0,0.02,78.0,59.0,68.5,6,1,5,135,0,18348.0,15637.0,15240.0,17069.714285714286,16725.285714285714,0.0,3.5,66.0
2022-05-16,18531.0,392522.0,0.47,75.0,62.0,68.5,0,0,5,136,0,17867.0,15898.0,16868.0,17388.285714285714,16912.928571428572,0.0,3.5,68.5
2022-05-17,17857.0,368052.0,0.0,78.0,59.0,68.5,1,0,5,137,0,18531.0,16299.0,16682.0,17764.428571428572,17031.714285714286,0.0,3.5,68.5
2022-05-18,17002.0,356054.0,0.0,73.0,57.0,65.0,2,0,5,138,0,17857.0,16891.0,16854.0,17987.0,17115.64285714286,0.0,0.0,68.5
2022-05-19,16865.0,366750.0,0.72,68.0,55.0,61.5,3,0,5,139,0,17002.0,17886.0,16578.0,18002.85714285714,17126.214285714286,3.5,0.0,65.0
2022-05-20,17593.0,365291.0,0.44,68.0,54.0,61.0,4,0,5,140,0,16865.0,18529.0,16328.0,17857.0,17146.714285714286,4.0,0.0,61.5
2022-05-21,21247.0,393481.0,0.0,91.0,58.0,74.5,5,1,5,141,0,17593.0,18348.0,16116.0,17723.285714285714,17237.071428571428,0.0,9.5,61.0
2022-05-22,21189.0,429868.0,0.0,92.0,71.0,81.5,6,1,5,142,0,21247.0,17867.0,15637.0,18137.428571428572,17603.571428571428,0.0,16.5,74.5
2022-05-23,20205.0,398277.0,0.0,73.0,62.0,67.5,0,0,5,143,0,21189.0,18531.0,15898.0,18612.0,18000.14285714286,0.0,2.5,81.5
2022-05-24,17676.0,372027.0,0.0,65.0,58.0,61.5,1,0,5,144,0,20205.0,17857.0,16299.0,18851.14285714286,18307.785714285714,3.5,0.0,67.5
2022-05-25,17420.0,365173.0,0.0,70.0,55.0,62.5,2,0,5,145,0,17676.0,17002.0,16891.0,18825.285714285714,18406.14285714286,2.5,0.0,61.5
2022-05-26,18195.0,372796.0,0.0,70.0,55.0,62.5,3,0,5,146,0,17420.0,16865.0,17886.0,18885.0,18443.928571428572,2.5,0.0,62.5
2022-05-27,19620.0,404530.0,0.16,79.0,64.0,71.5,4,0,5,147,0,18195.0,17593.0,18529.0,19075.0,18466.0,0.0,6.5,62.5
2022-05-28,18451.0,375611.0,0.27,77.0,63.0,70.0,5,1,5,148,0,19620.0,21247.0,18348.0,19364.571428571428,18543.928571428572,0.0,5.0,71.5
2022-05-29,17433.0,352754.0,0.0,79.0,62.0,70.5,6,1,5,149,0,18451.0,21189.0,17867.0,18965.14285714286,18551.285714285714,0.0,5.5,70.0
2022-05-30,21497.0,389740.0,0.0,86.0,65.0,75.5,0,0,5,150,1,17433.0,20205.0,18531.0,18428.571428571428,18520.285714285714,0.0,10.5,70.5
2022-05-31,27046.0,498872.0,0.0,93.0,63.0,78.0,1,0,5,151,0,21497.0,17676.0,17857.0,18613.14285714286,18732.14285714286,0.0,13.0,75.5
2022-06-01,25860.0,449066.0,0.84,67.0,59.0,63.0,2,0,6,152,0,27046.0,17420.0,17002.0,19951.714285714286,19388.5,2.0,0.0,78.0
2022-06-02,20616.0,414470.0,0.52,83.0,62.0,72.5,3,0,6,153,0,25860.0,18195.0,16865.0,21157.428571428572,20021.214285714286,0.0,7.5,63.0
2022-06-03,19727.0,412301.0,0.0,75.0,61.0,68.0,4,0,6,154,0,20616.0,19620.0,17593.0,21503.285714285714,20289.14285714286,0.0,3.0,72.5
2022-06-04,19052.0,375362.0,0.0,81.0,63.0,72.0,5,1,6,155,0,19727.0,18451.0,21247.0,21518.571428571428,20441.571428571428,0.0,7.0,68.0
2022-06-05,17622.0,355151.0,0.0,76.0,60.0,68.0,6,1,6,156,0,19052.0,17433.0,21189.0,21604.428571428572,20284.785714285714,0.0,3.0,72.0
2022-06-06,20553.0,400438.0,0.0,81.0,64.0,72.5,0,0,6,157,0,17622.0,21497.0,20205.0,21631.428571428572,20030.0,0.0,7.5,68.0
2022-06-07,20046.0,418951.0,0.05,78.0,65.0,71.5,1,0,6,158,0,20553.0,27046.0,17676.0,21496.571428571428,20054.85714285714,0.0,6.5,72.5
2022-06-08,21678.0,429009.0,0.0,85.0,67.0,76.0,2,0,6,159,0,20046.0,25860.0,17420.0,20496.571428571428,20224.14285714286,0.0,11.0,71.5
2022-06-09,21191.0,448318.0,0.7,85.0,66.0,75.5,3,0,6,160,0,21678.0,20616.0,18195.0,19899.14285714286,20528.285714285714,0.0,10.5,76.0
2022-06-10,20067.0,410216.0,0.0,80.0,64.0,72.0,4,0,6,161,0,21191.0,19727.0,19620.0,19981.285714285714,20742.285714285714,0.0,7.0,75.5
2022-06-11,18956.0,386011.0,0.23,75.0,65.0,70.0,5,1,6,162,0,20067.0,19052.0,18451.0,20029.85714285714,20774.214285714286,0.0,5.0,72.0
2022-06-12,17920.0,369474.0,0.08,73.0,64.0,68.5,6,1,6,163,0,18956.0,17622.0,17433.0,20016.14285714286,20810.285714285714,0.0,3.5,70.0
2022-06-13,22910.0,436071.0,0.0,86.0,69.0,77.5,0,0,6,164,0,17920.0,20553.0,21497.0,20058.714285714286,20845.071428571428,0.0,12.5,68.5
2022-06-14,22355.0,439917.0,0.0,83.0,67.0,75.0,1,0,6,165,0,22910.0,20046.0,27046.0,20395.428571428572,20946.0,0.0,10.0,77.5
2022-06-15,23218.0,456111.0,0.0,81.0,67.0,74.0,2,0,6,166,0,22355.0,21678.0,25860.0,20725.285714285714,20610.928571428572,0.0,9.0,75.0
2022-06-16,22240.0,461539.0,0.28,73.0,63.0,68.0,3,0,6,167,0,23218.0,21191.0,20616.0,20945.285714285714,20422.214285714286,0.0,3.0,74.0
2022-06-17,24021.0,473025.0,0.0,92.0,70.0,81.0,4,0,6,168,0,22240.0,20067.0,19727.0,21095.14285714286,20538.214285714286,0.0,16.0,68.0
2022-06-18,22756.0,396753.0,0.0,77.0,59.0,68.0,5,1,6,169,0,24021.0,18956.0,19052.0,21660.0,20844.928571428572,0.0,3.0,81.0
2022-06-19,15798.0,328441.0,0.0,74.0,56.0,65.0,6,1,6,170,1,22756.0,17920.0,17622.0,22202.85714285714,21109.5,0.0,0.0,68.0
2022-06-20,19261.0,370066.0,0.0,79.0,61.0,70.0,0,0,6,171,1,15798.0,22910.0,20553.0,21899.714285714286,20979.214285714286,0.0,5.0,65.0
2022-06-21,20632.0,416799.0,0.09,77.0,64.0,70.5,1,0,6,172,0,19261.0,22355.0,20046.0,21378.428571428572,20886.928571428572,0.0,5.5,70.0
2022-06-22,20333.0,434189.0,0.1,68.0,62.0,65.0,2,0,6,173,0,20632.0,23218.0,21678.0,21132.285714285714,20928.785714285714,0.0,0.0,70.5
2022-06-23,20092.0,416884.0,0.0,75.0,60.0,67.5,3,0,6,174,0,20333.0,22240.0,21191.0,20720.14285714286,20832.714285714286,0.0,2.5,65.0
2022-06-24,22107.0,432011.0,0.0,83.0,64.0,73.5,4,0,6,175,0,20092.0,24021.0,20067.0,20413.285714285714,20754.214285714286,0.0,8.5,67.5
2022-06-25,23767.0,447353.0,0.0,90.0,69.0,79.5,5,1,6,176,0,22107.0,22756.0,18956.0,20139.85714285714,20899.928571428572,0.0,14.5,73.5
2022-06-26,23983.0,478021.0,0.0,91.0,71.0,81.0,6,1,6,177,0,23767.0,15798.0,17920.0,20284.285714285714,21243.571428571428,0.0,16.0,79.5
2022-06-27,23042.0,481303.0,0.48,79.0,69.0,74.0,0,0,6,178,0,23983.0,19261.0,22910.0,21453.571428571428,21676.64285714286,0.0,9.0,81.0
2022-06-28,21075.0,429936.0,0.0,79.0,68.0,73.5,1,0,6,179,0,23042.0,20632.0,22355.0,21993.714285714286,21686.071428571428,0.0,8.5,74.0
2022-06-29,22268.0,439906.0,0.0,86.0,66.0,76.0,2,0,6,180,0,21075.0,20333.0,23218.0,22057.0,21594.64285714286,0.0,11.0,73.5
2022-06-30,24563.0,465174.0,0.0,88.0,71.0,79.5,3,0,6,181,0,22268.0,20092.0,22240.0,22333.428571428572,21526.785714285714,0.0,14.5,76.0
2022-07-01,26862.0,518230.0,0.0,95.0,75.0,85.0,4,0,7,182,0,24563.0,22107.0,24021.0,22972.14285714286,21692.714285714286,0.0,20.0,79.5
2022-07-02,25301.0,503077.0,0.0,91.0,77.0,84.0,5,1,7,183,0,26862.0,23767.0,22756.0,23651.428571428572,21895.64285714286,0.0,19.0,85.0
2022-07-03,23111.0,452009.0,0.0,88.0,74.0,81.0,6,1,7,184,0,25301.0,23983.0,15798.0,23870.571428571428,22077.428571428572,0.0,16.0,84.0
2022-07-04,21263.0,423247.0,0.0,87.0,68.0,77.5,0,0,7,185,1,23111.0,23042.0,19261.0,23746.0,22599.785714285714,0.0,12.5,81.0
2022-07-05,22875.0,470021.0,0.08,88.0,73.0,80.5,1,0,7,186,0,21263.0,21075.0,20632.0,23491.85714285714,22742.785714285714,0.0,15.5,77.5
2022-07-06,23998.0,494760.0,0.0,86.0,73.0,79.5,2,0,7,187,0,22875.0,22268.0,20333.0,23749.0,22903.0,0.0,14.5,80.5
2022-07-07,23922.0,484650.0,0.0,82.0,70.0,76.0,3,0,7,188,0,23998.0,24563.0,20092.0,23996.14285714286,23164.785714285714,0.0,11.0,79.5
2022-07-08,24044.0,483564.0,0.29,86.0,68.0,77.0,4,0,7,189,0,23922.0,26862.0,22107.0,23904.571428571428,23438.35714285714,0.0,12.0,76.0
2022-07-09,22436.0,448651.0,0.0,84.0,72.0,78.0,5,1,7,190,0,24044.0,25301.0,23767.0,23502.0,23576.714285714286,0.0,13.0,77.0
2022-07-10,21071.0,412998.0,0.0,82.0,68.0,75.0,6,1,7,191,0,22436.0,23111.0,23983.0,23092.714285714286,23481.64285714286,0.0,10.0,78.0
2022-07-11,24434.0,461955.0,0.0,84.0,69.0,76.5,0,0,7,192,0,21071.0,21263.0,23042.0,22801.285714285714,23273.64285714286,0.0,11.5,75.0
2022-07-12,26608.0,511744.0,0.0,91.0,71.0,81.0,1,0,7,193,0,24434.0,22875.0,21075.0,23254.285714285714,23373.071428571428,0.0,16.0,76.5
2022-07-13,26297.0,529878.0,0.0,92.0,75.0,83.5,2,0,7,194,0,26608.0,23998.0,22268.0,23787.571428571428,23768.285714285714,0.0,18.5,81.0
2022-07-14,25724.0,519112.0,0.0,90.0,72.0,81.0,3,0,7,195,0,26297.0,23922.0,24563.0,24116.0,24056.071428571428,0.0,16.0,83.5
2022-07-15,24564.0,491981.0,0.0,86.0,72.0,79.0,4,0,7,196,0,25724.0,24044.0,26862.0,24373.428571428572,24139.0,0.0,14.0,81.0
2022-07-16,23147.0,464398.0,0.55,84.0,69.0,76.5,5,1,7,197,0,24564.0,22436.0,25301.0,24447.714285714286,23974.85714285714,0.0,11.5,79.0
2022-07-17,24063.0,473462.0,0.0,84.0,73.0,78.5,6,1,7,198,0,23147.0,21071.0,23111.0,24549.285714285714,23821.0,0.0,13.5,76.5
2022-07-18,24764.0,524224.0,0.34,88.0,73.0,80.5,0,0,7,199,0,24063.0,24434.0,21263.0,24976.714285714286,23889.0,0.0,15.5,78.5
2022-07-19,28628.0,543310.0,0.0,93.0,75.0,84.0,1,0,7,200,0,24764.0,26608.0,22875.0,25023.85714285714,24139.071428571428,0.0,19.0,80.5
2022-07-20,30505.0,599350.0,0.0,97.0,80.0,88.5,2,0,7,201,0,28628.0,26297.0,23998.0,25312.428571428572,24550.0,0.0,23.5,84.0
2022-07-21,29434.0,611937.0,0.57,97.0,74.0,85.5,3,0,7,202,0,30505.0,25724.0,23922.0,25913.571428571428,25014.785714285714,0.0,20.5,88.5
2022-07-22,28881.0,591875.0,0.0,96.0,79.0,87.5,4,0,7,203,0,29434.0,24564.0,24044.0,26443.571428571428,25408.5,0.0,22.5,85.5
2022-07-23,27963.0,559929.0,0.0,97.0,79.0,88.0,5,1,7,204,0,28881.0,23147.0,22436.0,27060.285714285714,25754.0,0.0,23.0,87.5
2022-07-24,28197.0,560945.0,0.0,98.0,82.0,90.0,6,1,7,205,0,27963.0,24063.0,21071.0,27748.285714285714,26148.785714285714,0.0,25.0,88.0
2022-07-25,27492.0,583669.0,0.76,89.0,74.0,81.5,0,0,7,206,0,28197.0,24764.0,24434.0,28338.85714285714,26657.785714285714,0.0,16.5,90.0
2022-07-26,25828.0,509606.0,0.0,82.0,72.0,77.0,1,0,7,207,0,27492.0,28628.0,26608.0,28728.571428571428,26876.214285714286,0.0,12.0,81.5
2022-07-27,24989.0,492063.0,0.0,86.0,70.0,78.0,2,0,7,208,0,25828.0,30505.0,26297.0,28328.571428571428,26820.5,0.0,13.0,77.0
2022-07-28,27903.0,546744.0,0.08,88.0,75.0,81.5,3,0,7,209,0,24989.0,29434.0,25724.0,27540.571428571428,26727.071428571428,0.0,16.5,78.0
2022-07-29,26353.0,542267.0,0.02,87.0,75.0,81.0,4,0,7,210,0,27903.0,28881.0,24564.0,27321.85714285714,26882.714285714286,0.0,16.0,81.5
2022-07-30,24341.0,488336.0,0.0,88.0,74.0,81.0,5,1,7,211,0,26353.0,27963.0,23147.0,26960.714285714286,27010.5,0.0,16.0,81.0
2022-07-31,23380.0,467187.0,0.0,87.0,72.0,79.5,6,1,7,212,0,24341.0,28197.0,24063.0,26443.285714285714,27095.785714285714,0.0,14.5,81.0
2022-08-01,23773.0,499359.0,0.41,79.0,68.0,73.5,0,0,8,213,0,23380.0,27492.0,24764.0,25755.14285714286,27047.0,0.0,8.5,79.5
2022-08-02,27467.0,525476.0,0.0,93.0,71.0,82.0,1,0,8,214,0,23773.0,25828.0,28628.0,25223.85714285714,26976.214285714286,0.0,17.0,73.5
2022-08-03,28044.0,541357.0,0.0,92.0,74.0,83.0,2,0,8,215,0,27467.0,24989.0,30505.0,25458.0,26893.285714285714,0.0,18.0,82.0
2022-08-04,28976.0,577707.0,0.0,94.0,79.0,86.5,3,0,8,216,0,28044.0,27903.0,29434.0,25894.428571428572,26717.5,0.0,21.5,83.0
2022-08-05,28602.0,579089.0,0.0,94.0,80.0,87.0,4,0,8,217,0,28976.0,26353.0,28881.0,26047.714285714286,26684.785714285714,0.0,22.0,86.5
2022-08-06,27768.0,559508.0,0.0,94.0,79.0,86.5,5,1,8,218,0,28602.0,24341.0,27963.0,26369.0,26664.85714285714,0.0,21.5,87.0
2022-08-07,28196.0,570511.0,0.61,93.0,77.0,85.0,6,1,8,219,0,27768.0,23380.0,28197.0,26858.571428571428,26650.928571428572,0.0,20.0,86.5
2022-08-08,30221.0,615596.0,0.0,94.0,80.0,87.0,0,0,8,220,0,28196.0,23773.0,27492.0,27546.571428571428,26650.85714285714,0.0,22.0,85.0
2022-08-09,29461.0,618898.0,0.05,98.0,80.0,89.0,1,0,8,221,0,30221.0,27467.0,25828.0,28467.714285714286,26845.785714285714,0.0,24.0,87.0
2022-08-10,27817.0,555708.0,0.0,86.0,75.0,80.5,2,0,8,222,0,29461.0,28044.0,24989.0,28752.571428571428,27105.285714285714,0.0,15.5,89.0
2022-08-11,26171.0,529334.0,0.13,91.0,74.0,82.5,3,0,8,223,0,27817.0,28976.0,27903.0,28720.14285714286,27307.285714285714,0.0,17.5,80.5
2022-08-12,24862.0,488853.0,0.0,85.0,72.0,78.5,4,0,8,224,0,26171.0,28602.0,26353.0,28319.428571428572,27183.571428571428,0.0,13.5,82.5
2022-08-13,21953.0,420007.0,0.0,80.0,66.0,73.0,5,1,8,225,0,24862.0,27768.0,24341.0,27785.14285714286,27077.071428571428,0.0,8.0,78.5
2022-08-14,20622.0,409300.0,0.0,83.0,70.0,76.5,6,1,8,226,0,21953.0,28196.0,23380.0,26954.428571428572,26906.5,0.0,11.5,73.0
2022-08-15,23431.0,458482.0,0.0,83.0,71.0,77.0,0,0,8,227,0,20622.0,30221.0,23773.0,25872.428571428572,26709.5,0.0,12.0,76.5
2022-08-16,23269.0,467293.0,0.0,84.0,67.0,75.5,1,0,8,228,0,23431.0,29461.0,27467.0,24902.428571428572,26685.071428571428,0.0,10.5,77.0
2022-08-17,22041.0,459530.0,0.31,82.0,68.0,75.0,2,0,8,229,0,23269.0,27817.0,28044.0,24017.85714285714,26385.214285714286,0.0,10.0,75.5
2022-08-18,23179.0,457516.0,0.0,88.0,68.0,78.0,3,0,8,230,0,22041.0,26171.0,28976.0,23192.714285714286,25956.428571428572,0.0,13.0,75.0
2022-08-19,25190.0,483746.0,0.0,90.0,73.0,81.5,4,0,8,231,0,23179.0,24862.0,28602.0,22765.285714285714,25542.35714285714,0.0,16.5,78.0
2022-08-20,24993.0,493864.0,0.0,91.0,76.0,83.5,5,1,8,232,0,25190.0,21953.0,27768.0,22812.14285714286,25298.64285714286,0.0,18.5,81.5
2022-08-21,23780.0,482956.0,0.0,83.0,73.0,78.0,6,1,8,233,0,24993.0,20622.0,28196.0,23246.428571428572,25100.428571428572,0.0,13.0,83.5
2022-08-22,23818.0,501837.0,0.24,81.0,73.0,77.0,0,0,8,234,0,23780.0,23431.0,30221.0,23697.571428571428,24785.0,0.0,12.0,78.0
2022-08-23,25587.0,511924.0,0.0,88.0,73.0,80.5,1,0,8,235,0,23818.0,23269.0,29461.0,23752.85714285714,24327.64285714286,0.0,15.5,77.0
2022-08-24,26083.0,512378.0,0.0,90.0,74.0,82.0,2,0,8,236,0,25587.0,22041.0,27817.0,24084.0,24050.928571428572,0.0,17.0,80.5
2022-08-25,26703.0,523113.0,0.0,91.0,75.0,83.0,3,0,8,237,0,26083.0,23179.0,26171.0,24661.428571428572,23927.071428571428,0.0,18.0,82.0
2022-08-26,25362.0,527983.0,0.28,88.0,78.0,83.0,4,0,8,238,0,26703.0,25190.0,24862.0,25164.85714285714,23965.071428571428,0.0,18.0,83.0
2022-08-27,24269.0,490229.0,0.0,88.0,75.0,81.5,5,1,8,239,0,25362.0,24993.0,21953.0,25189.428571428572,24000.785714285714,0.0,16.5,83.0
2022-08-28,23446.0,465967.0,0.0,80.0,73.0,76.5,6,1,8,240,0,24269.0,23780.0,20622.0,25086.0,24166.214285714286,0.0,11.5,81.5
2022-08-29,27786.0,537209.0,0.0,87.0,75.0,81.0,0,0,8,241,0,23446.0,23818.0,23431.0,25038.285714285714,24367.928571428572,0.0,16.0,76.5
2022-08-30,27165.0,558619.0,0.04,89.0,75.0,82.0,1,0,8,242,0,27786.0,25587.0,23269.0,25605.14285714286,24679.0,0.0,17.0,81.0
2022-08-31,25306.0,507077.0,0.0,85.0,72.0,78.5,2,0,8,243,0,27165.0,26083.0,22041.0,25830.571428571428,24957.285714285714,0.0,13.5,82.0
2022-09-01,22696.0,463218.0,0.0,86.0,69.0,77.5,3,0,9,244,0,25306.0,26703.0,23179.0,25719.571428571428,25190.5,0.0,12.5,78.5
2022-09-02,21619.0,433423.0,0.0,78.0,63.0,70.5,4,0,9,245,0,22696.0,25362.0,25190.0,25147.14285714286,25156.0,0.0,5.5,77.5
2022-09-03,20922.0,419781.0,0.0,82.0,68.0,75.0,5,1,9,246,0,21619.0,24269.0,24993.0,24612.428571428572,24900.928571428572,0.0,10.0,70.5
2022-09-04,22167.0,446212.0,0.0,89.0,73.0,81.0,6,1,9,247,0,20922.0,23446.0,23780.0,24134.285714285714,24610.14285714286,0.0,16.0,75.0
2022-09-05,22208.0,461610.0,0.01,87.0,74.0,80.5,0,0,9,248,1,22167.0,27786.0,23818.0,23951.571428571428,24494.928571428572,0.0,15.5,81.0
2022-09-06,21721.0,470281.0,1.16,76.0,68.0,72.0,1,0,9,249,0,22208.0,27165.0,25587.0,23154.714285714286,24379.928571428572,0.0,7.0,80.5
2022-09-07,20434.0,433836.0,0.0,74.0,67.0,70.5,2,0,9,250,0,21721.0,25306.0,26083.0,22377.0,24103.785714285714,0.0,5.5,72.0
2022-09-08,21440.0,429515.0,0.0,78.0,65.0,71.5,3,0,9,251,0,20434.0,22696.0,26703.0,21681.0,23700.285714285714,0.0,6.5,70.5
2022-09-09,21629.0,430122.0,0.0,81.0,64.0,72.5,4,0,9,252,0,21440.0,21619.0,25362.0,21501.571428571428,23324.35714285714,0.0,7.5,71.5
2022-09-10,20887.0,415335.0,0.0,86.0,68.0,77.0,5,1,9,253,0,21629.0,20922.0,24269.0,21503.0,23057.714285714286,0.0,12.0,72.5
2022-09-11,20146.0,414026.0,0.27,77.0,67.0,72.0,6,1,9,254,0,20887.0,22167.0,23446.0,21498.0,22816.14285714286,0.0,7.0,77.0
2022-09-12,23207.0,450495.0,0.93,82.0,69.0,75.5,0,0,9,255,0,20146.0,22208.0,27786.0,21209.285714285714,22580.428571428572,0.0,10.5,72.0
2022-09-13,23264.0,478032.0,1.69,84.0,68.0,76.0,1,0,9,256,0,23207.0,21721.0,27165.0,21352.0,22253.35714285714,0.0,11.0,75.5
2022-09-14,22111.0,433490.0,0.0,80.0,65.0,72.5,2,0,9,257,0,23264.0,20434.0,25306.0,21572.428571428572,21974.714285714286,0.0,7.5,76.0
2022-09-15,20776.0,407501.0,0.0,74.0,65.0,69.5,3,0,9,258,0,22111.0,21440.0,22696.0,21812.0,21746.5,0.0,4.5,72.5
2022-09-16,18668.0,383274.0,0.0,77.0,59.0,68.0,4,0,9,259,0,20776.0,21629.0,21619.0,21717.14285714286,21609.35714285714,0.0,3.0,69.5
2022-09-17,18267.0,372179.0,0.0,74.0,65.0,69.5,5,1,9,260,0,18668.0,20887.0,20922.0,21294.14285714286,21398.571428571428,0.0,4.5,68.0
2022-09-18,20814.0,397887.0,0.0,85.0,68.0,76.5,6,1,9,261,0,18267.0,20146.0,22167.0,20919.85714285714,21208.928571428572,0.0,11.5,69.5
2022-09-19,22580.0,456355.0,0.07,86.0,71.0,78.5,0,0,9,262,0,20814.0,23207.0,22208.0,21015.285714285714,21112.285714285714,0.0,13.5,76.5
2022-09-20,21271.0,440043.0,0.0,79.0,69.0,74.0,1,0,9,263,0,22580.0,23264.0,21721.0,20925.714285714286,21138.85714285714,0.0,9.0,78.5
2022-09-21,21459.0,426406.0,0.0,81.0,65.0,73.0,2,0,9,264,0,21271.0,22111.0,20434.0,20641.0,21106.714285714286,0.0,8.0,74.0
2022-09-22,21137.0,429941.0,0.17,78.0,58.0,68.0,3,0,9,265,0,21459.0,20776.0,21440.0,20547.85714285714,21179.928571428572,0.0,3.0,73.0
2022-09-23,18162.0,360194.0,0.0,64.0,52.0,58.0,4,0,9,266,0,21137.0,18668.0,21629.0,20599.428571428572,21158.285714285714,7.0,0.0,68.0
2022-09-24,16705.0,333358.0,0.0,71.0,51.0,61.0,5,1,9,267,0,18162.0,18267.0,20887.0,20527.14285714286,20910.64285714286,4.0,0.0,58.0
2022-09-25,16506.0,343181.0,0.78,77.0,61.0,69.0,6,1,9,268,0,16705.0,20814.0,20146.0,20304.0,20611.928571428572,0.0,4.0,61.0
2022-09-26,17854.0,370257.0,0.0,78.0,60.0,69.0,0,0,9,269,0,16506.0,22580.0,23207.0,19688.571428571428,20351.928571428572,0.0,4.0,69.0
2022-09-27,17947.0,374370.0,0.0,71.0,62.0,66.5,1,0,9,270,0,17854.0,21271.0,23264.0,19013.428571428572,19969.571428571428,0.0,1.5,69.0
2022-09-28,17703.0,369126.0,0.0,70.0,55.0,62.5,2,0,9,271,0,17947.0,21459.0,22111.0,18538.571428571428,19589.785714285714,2.5,0.0,66.5
2022-09-29,17735.0,362555.0,0.0,67.0,56.0,61.5,3,0,9,272,0,17703.0,21137.0,20776.0,18002.0,19274.928571428572,3.5,0.0,62.5
2022-09-30,17425.0,360371.0,0.0,64.0,53.0,58.5,4,0,9,273,0,17735.0,18162.0,18668.0,17516.0,19057.714285714286,6.5,0.0,61.5
2022-10-01,16870.0,342466.0,0.66,63.0,53.0,58.0,5,1,10,274,0,17425.0,16705.0,18267.0,17410.714285714286,18968.928571428572,7.0,0.0,58.5
2022-10-02,16060.0,333945.0,0.07,62.0,53.0,57.5,6,1,10,275,0,16870.0,16506.0,20814.0,17434.285714285714,18869.14285714286,7.5,0.0,58.0
2022-10-03,17817.0,365630.0,0.45,55.0,49.0,52.0,0,0,10,276,0,16060.0,17854.0,22580.0,17370.571428571428,18529.571428571428,13.0,0.0,57.5
2022-10-04,17857.0,380622.0,1.77,59.0,46.0,52.5,1,0,10,277,0,17817.0,17947.0,21271.0,17365.285714285714,18189.35714285714,12.5,0.0,52.0
2022-10-05,17763.0,371789.0,0.42,59.0,54.0,56.5,2,0,10,278,0,17857.0,17703.0,21459.0,17352.428571428572,17945.5,8.5,0.0,52.5
2022-10-06,17680.0,365970.0,0.0,76.0,57.0,66.5,3,0,10,279,0,17763.0,17735.0,21137.0,17361.0,17681.5,0.0,1.5,56.5
2022-10-07,17711.0,371096.0,0.0,78.0,59.0,68.5,4,0,10,280,0,17680.0,17425.0,18162.0,17353.14285714286,17434.571428571428,0.0,3.5,66.5
2022-10-08,17525.0,341644.0,0.02,59.0,50.0,54.5,5,1,10,281,0,17711.0,16870.0,16705.0,17394.0,17402.35714285714,10.5,0.0,68.5
2022-10-09,16028.0,332168.0,0.0,64.0,46.0,55.0,6,1,10,282,0,17525.0,16060.0,16506.0,17487.571428571428,17460.928571428572,10.0,0.0,54.5
2022-10-10,17093.0,353129.0,0.0,69.0,53.0,61.0,0,0,10,283,1,16028.0,17817.0,17854.0,17483.0,17426.785714285714,4.0,0.0,55.0
2022-10-11,17426.0,361249.0,0.0,72.0,54.0,63.0,1,0,10,284,0,17093.0,17857.0,17947.0,17379.571428571428,17372.428571428572,2.0,0.0,61.0
2022-10-12,17480.0,362896.0,0.0,70.0,58.0,64.0,2,0,10,285,0,17426.0,17763.0,17703.0,17318.0,17335.214285714286,1.0,0.0,63.0
2022-10-13,18115.0,377493.0,0.78,71.0,55.0,63.0,3,0,10,286,0,17480.0,17680.0,17735.0,17277.571428571428,17319.285714285714,2.0,0.0,64.0
2022-10-14,17855.0,360889.0,0.2,69.0,53.0,61.0,4,0,10,287,0,18115.0,17711.0,17425.0,17339.714285714286,17346.428571428572,4.0,0.0,63.0
2022-10-15,16788.0,335397.0,0.0,69.0,53.0,61.0,5,1,10,288,0,17855.0,17525.0,16870.0,17360.285714285714,17377.14285714286,4.0,0.0,61.0
2022-10-16,16152.0,330056.0,0.0,67.0,54.0,60.5,6,1,10,289,0,16788.0,16028.0,16060.0,17255.0,17371.285714285714,4.5,0.0,61.0
2022-10-17,17828.0,367500.0,0.13,68.0,57.0,62.5,0,0,10,290,0,16152.0,17093.0,17817.0,17272.714285714286,17377.85714285714,2.5,0.0,60.5
2022-10-18,17607.0,366261.0,0.0,58.0,49.0,53.5,1,0,10,291,0,17828.0,17426.0,17857.0,17377.714285714286,17378.64285714286,11.5,0.0,62.5
2022-10-19,18031.0,376062.0,0.0,55.0,44.0,49.5,2,0,10,292,0,17607.0,17480.0,17763.0,17403.571428571428,17360.785714285714,15.5,0.0,53.5
2022-10-20,17894.0,376920.0,0.0,60.0,45.0,52.5,3,0,10,293,0,18031.0,18115.0,17680.0,17482.285714285714,17379.928571428572,12.5,0.0,49.5
2022-10-21,17814.0,367268.0,0.0,64.0,49.0,56.5,4,0,10,294,0,17894.0,17855.0,17711.0,17450.714285714286,17395.214285714286,8.5,0.0,52.5
2022-10-22,16876.0,338179.0,0.0,67.0,50.0,58.5,5,1,10,295,0,17814.0,16788.0,17525.0,17444.85714285714,17402.571428571428,6.5,0.0,56.5
2022-10-23,16337.0,336292.0,0.0,62.0,56.0,59.0,6,1,10,296,0,16876.0,16152.0,16028.0,17457.428571428572,17356.214285714286,6.0,0.0,58.5
2022-10-24,17839.0,365676.0,0.46,62.0,55.0,58.5,0,0,10,297,0,16337.0,17828.0,17093.0,17483.85714285714,17378.285714285714,6.5,0.0,59.0
2022-10-25,18316.0,375526.0,0.01,67.0,61.0,64.0,1,0,10,298,0,17839.0,17607.0,17426.0,17485.428571428572,17431.571428571428,1.0,0.0,58.5
2022-10-26,18326.0,380629.0,0.0,74.0,62.0,68.0,2,0,10,299,0,18316.0,18031.0,17480.0,17586.714285714286,17495.14285714286,0.0,3.0,64.0
2022-10-27,17949.0,363549.0,0.0,65.0,52.0,58.5,3,0,10,300,0,18326.0,17894.0,18115.0,17628.85714285714,17555.571428571428,6.5,0.0,68.0
2022-10-28,17438.0,367366.0,0.0,58.0,46.0,52.0,4,0,10,301,0,17949.0,17814.0,17855.0,17636.714285714286,17543.714285714286,13.0,0.0,58.5
2022-10-29,17125.0,345849.0,0.0,59.0,45.0,52.0,5,1,10,302,0,17438.0,16876.0,16788.0,17583.0,17513.928571428572,13.0,0.0,52.0
2022-10-30,16451.0,338295.0,0.0,64.0,47.0,55.5,6,1,10,303,0,17125.0,16337.0,16152.0,17618.571428571428,17538.0,9.5,0.0,52.0
2022-10-31,17254.0,367006.0,0.07,66.0,52.0,59.0,0,0,10,304,0,16451.0,17839.0,17828.0,17634.85714285714,17559.35714285714,6.0,0.0,55.5
2022-11-01,17902.0,374059.0,0.16,67.0,59.0,63.0,1,0,11,305,0,17254.0,18316.0,17607.0,17551.285714285714,17518.35714285714,2.0,0.0,59.0
2022-11-02,17633.0,364415.0,0.0,71.0,57.0,64.0,2,0,11,306,0,17902.0,18326.0,18031.0,17492.14285714286,17539.428571428572,1.0,0.0,63.0
2022-11-03,17597.0,363699.0,0.0,68.0,53.0,60.5,3,0,11,307,0,17633.0,17949.0,17894.0,17393.14285714286,17511.0,4.5,0.0,64.0
2022-11-04,17353.0,363546.0,0.0,72.0,52.0,62.0,4,0,11,308,0,17597.0,17438.0,17814.0,17342.85714285714,17489.785714285714,3.0,0.0,60.5
2022-11-05,16952.0,349610.0,0.0,75.0,63.0,69.0,5,1,11,309,0,17353.0,17125.0,16876.0,17330.714285714286,17456.85714285714,0.0,4.0,62.0
2022-11-06,17369.0,348798.0,0.01,75.0,63.0,69.0,6,1,11,310,0,16952.0,16451.0,16337.0,17306.0,17462.285714285714,0.0,4.0,69.0
2022-11-07,18372.0,370007.0,0.02,78.0,56.0,67.0,0,0,11,311,0,17369.0,17254.0,17839.0,17437.14285714286,17536.0,0.0,2.0,69.0
2022-11-08,18150.0,362163.0,0.0,58.0,47.0,52.5,1,0,11,312,0,18372.0,17902.0,18316.0,17596.85714285714,17574.071428571428,12.5,0.0,67.0
2022-11-09,18240.0,373609.0,0.0,54.0,41.0,47.5,2,0,11,313,0,18150.0,17633.0,18326.0,17632.285714285714,17562.214285714286,17.5,0.0,52.5
2022-11-10,18173.0,371234.0,0.0,67.0,48.0,57.5,3,0,11,314,0,18240.0,17597.0,17949.0,17719.0,17556.071428571428,7.5,0.0,47.5
2022-11-11,18246.0,374071.0,1.23,69.0,57.0,63.0,4,0,11,315,1,18173.0,17353.0,17438.0,17801.285714285714,17572.071428571428,2.0,0.0,57.5
2022-11-12,17856.0,356224.0,0.09,69.0,61.0,65.0,5,1,11,316,0,18246.0,16952.0,17125.0,17928.85714285714,17629.785714285714,0.0,0.0,63.0
2022-11-13,17386.0,347690.0,0.02,62.0,43.0,52.5,6,1,11,317,0,17856.0,17369.0,16451.0,18058.0,17682.0,12.5,0.0,65.0
2022-11-14,19348.0,384098.0,0.0,46.0,38.0,42.0,0,0,11,318,0,17386.0,18372.0,17254.0,18060.428571428572,17748.785714285714,23.0,0.0,52.5
2022-11-15,19644.0,407724.0,0.49,48.0,36.0,42.0,1,0,11,319,0,19348.0,18150.0,17902.0,18199.85714285714,17898.35714285714,23.0,0.0,42.0
2022-11-16,19450.0,407235.0,0.2,51.0,39.0,45.0,2,0,11,320,0,19644.0,18240.0,17633.0,18413.285714285714,18022.785714285714,20.0,0.0,42.0
2022-11-17,19814.0,404718.0,0.0,47.0,39.0,43.0,3,0,11,321,0,19450.0,18173.0,17597.0,18586.14285714286,18152.571428571428,22.0,0.0,45.0
2022-11-18,19584.0,407914.0,0.0,44.0,36.0,40.0,4,0,11,322,0,19814.0,18246.0,17353.0,18820.571428571428,18310.928571428572,25.0,0.0,43.0
2022-11-19,19231.0,392574.0,0.0,41.0,32.0,36.5,5,1,11,323,0,19584.0,17856.0,16952.0,19011.714285714286,18470.285714285714,28.5,0.0,40.0
2022-11-20,19610.0,394717.0,0.0,40.0,31.0,35.5,6,1,11,324,0,19231.0,17386.0,17369.0,19208.14285714286,18633.071428571428,29.5,0.0,36.5
2022-11-21,20358.0,424097.0,0.0,42.0,29.0,35.5,0,0,11,325,0,19610.0,19348.0,18372.0,19525.85714285714,18793.14285714286,29.5,0.0,35.5
2022-11-22,20165.0,408330.0,0.0,51.0,39.0,45.0,1,0,11,326,0,20358.0,19644.0,18150.0,19670.14285714286,18935.0,20.0,0.0,35.5
2022-11-23,19159.0,397420.0,0.0,55.0,43.0,49.0,2,0,11,327,0,20165.0,19450.0,18240.0,19744.571428571428,19078.928571428572,16.0,0.0,45.0
2022-11-24,18600.0,372771.0,0.0,53.0,41.0,47.0,3,0,11,328,1,19159.0,19814.0,18173.0,19703.0,19144.571428571428,18.0,0.0,49.0
2022-11-25,17722.0,364852.0,0.0,56.0,47.0,51.5,4,0,11,329,0,18600.0,19584.0,18246.0,19529.571428571428,19175.071428571428,13.5,0.0,47.0
2022-11-26,17544.0,357849.0,0.0,57.0,44.0,50.5,5,1,11,330,0,17722.0,19231.0,17856.0,19263.571428571428,19137.64285714286,14.5,0.0,51.5
2022-11-27,17862.0,369296.0,0.54,61.0,49.0,55.0,6,1,11,331,0,17544.0,19610.0,17386.0,19022.571428571428,19115.35714285714,10.0,0.0,50.5
2022-11-28,19430.0,386403.0,0.0,56.0,42.0,49.0,0,0,11,332,0,17862.0,20358.0,19348.0,18772.85714285714,19149.35714285714,16.0,0.0,55.0
2022-11-29,19695.0,407872.0,0.0,44.0,38.0,41.0,1,0,11,333,0,19430.0,20165.0,19644.0,18640.285714285714,19155.214285714286,24.0,0.0,49.0
2022-11-30,19525.0,413320.0,0.43,59.0,39.0,49.0,2,0,11,334,0,19695.0,19159.0,19450.0,18573.14285714286,19158.85714285714,16.0,0.0,41.0
2022-12-01,20411.0,414828.0,0.0,44.0,36.0,40.0,3,0,12,335,0,19525.0,18600.0,19814.0,18625.428571428572,19164.214285714286,25.0,0.0,49.0
2022-12-02,20195.0,419322.0,0.0,45.0,34.0,39.5,4,0,12,336,0,20411.0,17722.0,19584.0,18884.14285714286,19206.85714285714,25.5,0.0,40.0
2022-12-03,19301.0,392955.0,0.41,59.0,45.0,52.0,5,1,12,337,0,20195.0,17544.0,19231.0,19237.428571428572,19250.5,13.0,0.0,39.5
2022-12-04,18894.0,378367.0,0.0,46.0,39.0,42.5,6,1,12,338,0,19301.0,17862.0,19610.0,19488.428571428572,19255.5,22.5,0.0,52.0
2022-12-05,20049.0,411711.0,0.0,47.0,36.0,41.5,0,0,12,339,0,18894.0,19430.0,20358.0,19635.85714285714,19204.35714285714,23.5,0.0,42.5
2022-12-06,19874.0,416910.0,0.78,60.0,41.0,50.5,1,0,12,340,0,20049.0,19695.0,20165.0,19724.285714285714,19182.285714285714,14.5,0.0,41.5
2022-12-07,19279.0,397938.0,0.36,59.0,55.0,57.0,2,0,12,341,0,19874.0,19525.0,19159.0,19749.85714285714,19161.5,8.0,0.0,50.5
2022-12-08,19393.0,391923.0,0.0,56.0,42.0,49.0,3,0,12,342,0,19279.0,20411.0,18600.0,19714.714285714286,19170.071428571428,16.0,0.0,57.0
2022-12-09,19865.0,406799.0,0.0,45.0,36.0,40.5,4,0,12,343,0,19393.0,20195.0,17722.0,19569.285714285714,19226.714285714286,24.5,0.0,49.0
2022-12-10,19648.0,401327.0,0.0,39.0,31.0,35.0,5,1,12,344,0,19865.0,19301.0,17544.0,19522.14285714286,19379.785714285714,30.0,0.0,40.5
2022-12-11,19657.0,404491.0,0.25,41.0,33.0,37.0,6,1,12,345,0,19648.0,18894.0,17862.0,19571.714285714286,19530.071428571428,28.0,0.0,35.0
2022-12-12,21397.0,430955.0,0.0,38.0,30.0,34.0,0,0,12,346,0,19657.0,20049.0,19430.0,19680.714285714286,19658.285714285714,31.0,0.0,37.0
2022-12-13,21312.0,446372.0,0.0,41.0,27.0,34.0,1,0,12,347,0,21397.0,19874.0,19695.0,19873.285714285714,19798.785714285714,31.0,0.0,34.0
2022-12-14,21345.0,445579.0,0.0,40.0,32.0,36.0,2,0,12,348,0,21312.0,19279.0,19525.0,20078.714285714286,19914.285714285714,29.0,0.0,34.0
2022-12-15,21226.0,450444.0,0.59,44.0,33.0,38.5,3,0,12,349,0,21345.0,19393.0,20411.0,20373.85714285714,20044.285714285714,26.5,0.0,36.0
2022-12-16,20860.0,434483.0,0.54,47.0,39.0,43.0,4,0,12,350,0,21226.0,19865.0,20195.0,20635.714285714286,20102.5,22.0,0.0,38.5
2022-12-17,20187.0,404984.0,0.0,45.0,37.0,41.0,5,1,12,351,0,20860.0,19648.0,19301.0,20777.85714285714,20150.0,24.0,0.0,43.0
2022-12-18,19700.0,402633.0,0.0,40.0,34.0,37.0,6,1,12,352,0,20187.0,19657.0,18894.0,20854.85714285714,20213.285714285714,28.0,0.0,41.0
2022-12-19,21298.0,435135.0,0.0,39.0,32.0,35.5,0,0,12,353,0,19700.0,21397.0,20049.0,20861.0,20270.85714285714,29.5,0.0,37.0
2022-12-20,21095.0,439863.0,0.0,40.0,32.0,36.0,1,0,12,354,0,21298.0,21312.0,19874.0,20846.85714285714,20360.071428571428,29.0,0.0,35.5
2022-12-21,20901.0,438650.0,0.0,41.0,29.0,35.0,2,0,12,355,0,21095.0,21345.0,19279.0,20815.85714285714,20447.285714285714,30.0,0.0,36.0
2022-12-22,20630.0,441065.0,0.21,47.0,34.0,40.5,3,0,12,356,0,20901.0,21226.0,19393.0,20752.428571428572,20563.14285714286,24.5,0.0,35.0
2022-12-23,21538.0,421282.0,0.95,59.0,9.0,34.0,4,0,12,357,0,20630.0,20860.0,19865.0,20667.285714285714,20651.5,31.0,0.0,40.5
2022-12-24,22004.0,471806.0,0.0,16.0,7.0,11.5,5,1,12,358,0,21538.0,20187.0,19648.0,20764.14285714286,20771.0,53.5,0.0,34.0
2022-12-25,21725.0,448867.0,0.0,28.0,15.0,21.5,6,1,12,359,1,22004.0,19700.0,19657.0,21023.714285714286,20939.285714285714,43.5,0.0,11.5
2022-12-26,21209.0,442049.0,0.0,30.0,19.0,24.5,0,0,12,360,1,21725.0,21298.0,21397.0,21313.0,21087.0,40.5,0.0,21.5
2022-12-27,21525.0,451040.0,0.0,35.0,29.0,32.0,1,0,12,361,0,21209.0,21095.0,21312.0,21300.285714285714,21073.571428571428,33.0,0.0,24.5
2022-12-28,21256.0,431623.0,0.0,47.0,33.0,40.0,2,0,12,362,0,21525.0,20901.0,21345.0,21361.714285714286,21088.785714285714,25.0,0.0,32.0
2022-12-29,19714.0,409424.0,0.0,51.0,38.0,44.5,3,0,12,363,0,21256.0,20630.0,21226.0,21412.428571428572,21082.428571428572,20.5,0.0,40.0
2022-12-30,19200.0,393888.0,0.0,60.0,38.0,49.0,4,0,12,364,0,19714.0,21538.0,20860.0,21281.571428571428,20974.428571428572,16.0,0.0,44.5
2022-12-31,18194.0,377722.0,0.31,55.0,42.0,48.5,5,1,12,365,0,19200.0,22004.0,20187.0,20947.571428571428,20855.85714285714,16.5,0.0,49.0
2023-01-01,17586.0,357381.0,0.02,55.0,46.0,50.5,6,1,1,1,1,18194.0,21725.0,19700.0,20403.285714285714,20713.5,14.5,0.0,48.5
2023-01-02,18531.0,373469.0,0.0,56.0,49.0,52.5,0,0,1,2,1,17586.0,21209.0,21298.0,19812.0,20562.5,12.5,0.0,50.5
2023-01-03,19458.0,402382.0,0.43,55.0,43.0,49.0,1,0,1,3,0,18531.0,21525.0,21095.0,19429.428571428572,20364.85714285714,16.0,0.0,52.5
2023-01-04,19191.0,394687.0,0.01,66.0,44.0,55.0,2,0,1,4,0,19458.0,21256.0,20901.0,19134.14285714286,20247.928571428572,10.0,0.0,49.0
2023-01-05,19087.0,392945.0,0.03,48.0,44.0,46.0,3,0,1,5,0,19191.0,19714.0,20630.0,18839.14285714286,20125.785714285714,19.0,0.0,55.0
2023-01-06,19212.0,403129.0,0.24,48.0,40.0,44.0,4,0,1,6,0,19087.0,19200.0,21538.0,18749.571428571428,20015.571428571428,21.0,0.0,46.0
2023-01-07,18983.0,392494.0,0.0,45.0,38.0,41.5,5,1,1,7,0,19212.0,18194.0,22004.0,18751.285714285714,19849.428571428572,23.5,0.0,44.0
2023-01-08,19037.0,391714.0,0.0,40.0,33.0,36.5,6,1,1,8,0,18983.0,17586.0,21725.0,18864.0,19633.64285714286,28.5,0.0,41.5
2023-01-09,20104.0,417013.0,0.0,44.0,38.0,41.0,0,0,1,9,0,19037.0,18531.0,21209.0,19071.285714285714,19441.64285714286,24.0,0.0,36.5
2023-01-10,20343.0,426859.0,0.0,41.0,39.0,40.0,1,0,1,10,0,20104.0,19458.0,21525.0,19296.0,19362.714285714286,25.0,0.0,41.0
2023-01-11,20326.0,427812.0,0.0,40.0,35.0,37.5,2,0,1,11,0,20343.0,19191.0,21256.0,19422.428571428572,19278.285714285714,27.5,0.0,40.0
2023-01-12,20131.0,426441.0,0.3,57.0,36.0,46.5,3,0,1,12,0,20326.0,19087.0,19714.0,19584.571428571428,19211.85714285714,18.5,0.0,37.5
2023-01-13,19546.0,410116.0,0.1,55.0,38.0,46.5,4,0,1,13,0,20131.0,19212.0,19200.0,19733.714285714286,19241.64285714286,18.5,0.0,46.5
2023-01-14,19674.0,415110.0,0.0,38.0,31.0,34.5,5,1,1,14,0,19546.0,18983.0,18194.0,19781.428571428572,19266.35714285714,30.5,0.0,46.5
2023-01-15,19680.0,412716.0,0.0,40.0,30.0,35.0,6,1,1,15,0,19674.0,19037.0,17586.0,19880.14285714286,19372.071428571428,30.0,0.0,34.5
2023-01-16,20101.0,422994.0,0.0,48.0,30.0,39.0,0,0,1,16,1,19680.0,20104.0,18531.0,19972.0,19521.64285714286,26.0,0.0,35.0
2023-01-17,20141.0,431273.0,0.0,47.0,36.0,41.5,1,0,1,17,0,20101.0,20343.0,19458.0,19971.571428571428,19633.785714285714,23.5,0.0,39.0
2023-01-18,19895.0,411419.0,0.04,52.0,43.0,47.5,2,0,1,18,0,20141.0,20326.0,19191.0,19942.714285714286,19682.571428571428,17.5,0.0,41.5
2023-01-19,20042.0,419090.0,1.05,45.0,40.0,42.5,3,0,1,19,0,19895.0,20131.0,19087.0,19881.14285714286,19732.85714285714,22.5,0.0,47.5
2023-01-20,19786.0,414363.0,0.01,49.0,41.0,45.0,4,0,1,20,0,20042.0,19546.0,19212.0,19868.428571428572,19801.071428571428,20.0,0.0,42.5
2023-01-21,19236.0,402552.0,0.0,41.0,37.0,39.0,5,1,1,21,0,19786.0,19674.0,18983.0,19902.714285714286,19842.071428571428,26.0,0.0,45.0
2023-01-22,18834.0,396573.0,0.52,42.0,37.0,39.5,6,1,1,22,0,19236.0,19680.0,19037.0,19840.14285714286,19860.14285714286,25.5,0.0,39.0
2023-01-23,20506.0,423546.0,0.39,39.0,36.0,37.5,0,0,1,23,0,18834.0,20101.0,20104.0,19719.285714285714,19845.64285714286,27.5,0.0,39.5
2023-01-24,20428.0,427369.0,0.0,47.0,36.0,41.5,1,0,1,24,0,20506.0,20141.0,20343.0,19777.14285714286,19874.35714285714,23.5,0.0,37.5
2023-01-25,20627.0,433560.0,1.13,55.0,35.0,45.0,2,0,1,25,0,20428.0,19895.0,20326.0,19818.14285714286,19880.428571428572,20.0,0.0,41.5
2023-01-26,20370.0,421663.0,0.34,54.0,41.0,47.5,3,0,1,26,0,20627.0,20042.0,20131.0,19922.714285714286,19901.928571428572,17.5,0.0,45.0
2023-01-27,20092.0,422748.0,0.0,44.0,37.0,40.5,4,0,1,27,0,20370.0,19786.0,19546.0,19969.571428571428,19919.0,24.5,0.0,47.5
2023-01-28,19622.0,392911.0,0.0,52.0,36.0,44.0,5,1,1,28,0,20092.0,19236.0,19674.0,20013.285714285714,19958.0,21.0,0.0,40.5
2023-01-29,18273.0,386646.0,0.0,53.0,39.0,46.0,6,1,1,29,0,19622.0,18834.0,19680.0,20068.428571428572,19954.285714285714,19.0,0.0,44.0
2023-01-30,19511.0,406607.0,0.0,54.0,43.0,48.5,0,0,1,30,0,18273.0,20506.0,20101.0,19988.285714285714,19853.785714285714,16.5,0.0,46.0
2023-01-31,20525.0,425326.0,0.05,50.0,31.0,40.5,1,0,1,31,0,19511.0,20428.0,20141.0,19846.14285714286,19811.64285714286,24.5,0.0,48.5
2023-02-01,20641.0,437916.0,0.02,38.0,26.0,32.0,2,0,2,32,0,20525.0,20627.0,19895.0,19860.0,19839.071428571428,33.0,0.0,40.5
2023-02-02,20860.0,436679.0,0.0,40.0,28.0,34.0,3,0,2,33,0,20641.0,20370.0,20042.0,19862.0,19892.35714285714,31.0,0.0,32.0
2023-02-03,23067.0,455393.0,0.0,36.0,12.0,24.0,4,0,2,34,0,20860.0,20092.0,19786.0,19932.0,19950.785714285714,41.0,0.0,34.0
2023-02-04,23369.0,493308.0,0.0,26.0,5.0,15.5,5,1,2,35,0,23067.0,19622.0,19236.0,20357.0,20185.14285714286,49.5,0.0,24.0
2023-02-05,21913.0,433715.0,0.0,48.0,26.0,37.0,6,1,2,36,0,23369.0,18273.0,18834.0,20892.285714285714,20480.35714285714,28.0,0.0,15.5
2023-02-06,20046.0,417661.0,0.0,50.0,35.0,42.5,0,0,2,37,0,21913.0,19511.0,20506.0,21412.285714285714,20700.285714285714,22.5,0.0,37.0
2023-02-07,20214.0,429297.0,0.01,42.0,30.0,36.0,1,0,2,38,0,20046.0,20525.0,20428.0,21488.714285714286,20667.428571428572,29.0,0.0,42.5
2023-02-08,20086.0,405122.0,0.0,53.0,39.0,46.0,2,0,2,39,0,20214.0,20641.0,20627.0,21444.285714285714,20652.14285714286,19.0,0.0,36.0
2023-02-09,19318.0,419662.0,0.0,53.0,35.0,44.0,3,0,2,40,0,20086.0,20860.0,20370.0,21365.0,20613.5,21.0,0.0,46.0
2023-02-10,19257.0,394366.0,0.0,60.0,45.0,52.5,4,0,2,41,0,19318.0,23067.0,20092.0,21144.714285714286,20538.35714285714,12.5,0.0,44.0
2023-02-11,18381.0,379404.0,0.0,47.0,37.0,42.0,5,1,2,42,0,19257.0,23369.0,19622.0,20600.428571428572,20478.714285714286,23.0,0.0,52.5
2023-02-12,18050.0,377995.0,0.02,47.0,38.0,42.5,6,1,2,43,0,18381.0,21913.0,18273.0,19887.85714285714,20390.071428571428,22.5,0.0,42.0
2023-02-13,18237.0,385904.0,0.0,58.0,41.0,49.5,0,0,2,44,0,18050.0,20046.0,19511.0,19336.0,20374.14285714286,15.5,0.0,42.5
2023-02-14,18631.0,381964.0,0.0,55.0,42.0,48.5,1,0,2,45,0,18237.0,20214.0,20525.0,19077.571428571428,20283.14285714286,16.5,0.0,49.5
2023-02-15,18338.0,377422.0,0.0,64.0,46.0,55.0,2,0,2,46,0,18631.0,20086.0,20641.0,18851.428571428572,20147.85714285714,10.0,0.0,48.5
2023-02-16,17956.0,377796.0,0.05,69.0,54.0,61.5,3,0,2,47,0,18338.0,19318.0,20860.0,18601.714285714286,19983.35714285714,3.5,0.0,55.0
2023-02-17,18933.0,390690.0,0.18,61.0,32.0,46.5,4,0,2,48,0,17956.0,19257.0,23067.0,18407.14285714286,19775.928571428572,18.5,0.0,61.5
2023-02-18,19069.0,386218.0,0.0,43.0,28.0,35.5,5,1,2,49,0,18933.0,18381.0,23369.0,18360.85714285714,19480.64285714286,29.5,0.0,46.5
2023-02-19,17799.0,375126.0,0.0,48.0,37.0,42.5,6,1,2,50,0,19069.0,18050.0,21913.0,18459.14285714286,19173.5,22.5,0.0,35.5
2023-02-20,17451.0,373058.0,0.0,62.0,42.0,52.0,0,0,2,51,1,17799.0,18237.0,20046.0,18423.285714285714,18879.64285714286,13.0,0.0,42.5
2023-02-21,18755.0,395090.0,0.26,46.0,37.0,41.5,1,0,2,52,0,17451.0,18631.0,20214.0,18311.0,18694.285714285714,23.5,0.0,52.0
2023-02-22,19456.0,411075.0,0.19,44.0,38.0,41.0,2,0,2,53,0,18755.0,18338.0,20086.0,18328.714285714286,18590.071428571428,24.0,0.0,41.5
2023-02-23,19525.0,419020.0,0.03,44.0,38.0,41.0,3,0,2,54,0,19456.0,17956.0,19318.0,18488.428571428572,18545.071428571428,24.0,0.0,41.0
2023-02-24,19452.0,407519.0,0.0,46.0,27.0,36.5,4,0,2,55,0,19525.0,18933.0,19257.0,18712.571428571428,18559.85714285714,28.5,0.0,41.0
2023-02-25,19906.0,430695.0,0.0,33.0,23.0,28.0,5,1,2,56,0,19452.0,19069.0,18381.0,18786.714285714286,18573.785714285714,37.0,0.0,36.5
2023-02-26,19609.0,405809.0,0.0,51.0,28.0,39.5,6,1,2,57,0,19906.0,17799.0,18050.0,18906.285714285714,18682.714285714286,25.5,0.0,28.0
2023-02-27,19505.0,406469.0,0.31,43.0,33.0,38.0,0,0,2,58,0,19609.0,17451.0,18237.0,19164.85714285714,18794.071428571428,27.0,0.0,39.5
2023-02-28,19875.0,431870.0,0.28,39.0,33.0,36.0,1,0,2,59,0,19505.0,18755.0,18631.0,19458.285714285714,18884.64285714286,29.0,0.0,38.0
2023-03-01,20090.0,416149.0,0.01,44.0,33.0,38.5,2,0,3,60,0,19875.0,19456.0,18338.0,19618.285714285714,18973.5,26.5,0.0,36.0
2023-03-02,19454.0,406042.0,0.0,53.0,39.0,46.0,3,0,3,61,0,20090.0,19525.0,17956.0,19708.85714285714,19098.64285714286,19.0,0.0,38.5
2023-03-03,19100.0,401834.0,0.15,46.0,38.0,42.0,4,0,3,62,0,19454.0,19452.0,18933.0,19698.714285714286,19205.64285714286,23.0,0.0,46.0
2023-03-04,19005.0,391640.0,1.13,46.0,38.0,42.0,5,1,3,63,0,19100.0,19906.0,19069.0,19648.428571428572,19217.571428571428,23.0,0.0,42.0
2023-03-05,17960.0,371381.0,0.0,53.0,39.0,46.0,6,1,3,64,0,19005.0,19609.0,17799.0,19519.714285714286,19213.0,19.0,0.0,42.0
2023-03-06,18211.0,386831.0,0.0,53.0,40.0,46.5,0,0,3,65,0,17960.0,19505.0,17451.0,19284.14285714286,19224.5,18.5,0.0,46.0
2023-03-07,18902.0,394934.0,0.05,47.0,33.0,40.0,1,0,3,66,0,18211.0,19875.0,18755.0,19099.285714285714,19278.785714285714,25.0,0.0,46.5
2023-03-08,19576.0,410612.0,0.0,47.0,32.0,39.5,2,0,3,67,0,18902.0,20090.0,19456.0,18960.285714285714,19289.285714285714,25.5,0.0,40.0
2023-03-09,19442.0,403687.0,0.0,50.0,34.0,42.0,3,0,3,68,0,19576.0,19454.0,19525.0,18886.85714285714,19297.85714285714,23.0,0.0,39.5
2023-03-10,19009.0,408464.0,0.34,46.0,35.0,40.5,4,0,3,69,0,19442.0,19100.0,19452.0,18885.14285714286,19291.928571428572,24.5,0.0,42.0
2023-03-11,18952.0,393101.0,0.31,44.0,36.0,40.0,5,1,3,70,0,19009.0,19005.0,19906.0,18872.14285714286,19260.285714285714,25.0,0.0,40.5
2023-03-12,18078.0,378545.0,0.0,46.0,34.0,40.0,6,1,3,71,0,18952.0,17960.0,19609.0,18864.571428571428,19192.14285714286,25.0,0.0,40.0
2023-03-13,18939.0,405992.0,0.72,46.0,39.0,42.5,0,0,3,72,0,18078.0,18211.0,19505.0,18881.428571428572,19082.785714285714,22.5,0.0,40.0
2023-03-14,19679.0,420029.0,0.1,40.0,35.0,37.5,1,0,3,73,0,18939.0,18902.0,19875.0,18985.428571428572,19042.35714285714,27.5,0.0,42.5
2023-03-15,19881.0,410648.0,0.0,45.0,35.0,40.0,2,0,3,74,0,19679.0,19576.0,20090.0,19096.428571428572,19028.35714285714,25.0,0.0,37.5
2023-03-16,18993.0,398238.0,0.0,59.0,36.0,47.5,3,0,3,75,0,19881.0,19442.0,19454.0,19140.0,19013.428571428572,17.5,0.0,40.0
2023-03-17,17814.0,389691.0,0.0,59.0,45.0,52.0,4,0,3,76,0,18993.0,19009.0,19100.0,19075.85714285714,18980.5,13.0,0.0,47.5
2023-03-18,17444.0,357908.0,0.01,56.0,41.0,48.5,5,1,3,77,0,17814.0,18952.0,19005.0,18905.14285714286,18888.64285714286,16.5,0.0,52.0
2023-03-19,17319.0,370589.0,0.0,41.0,31.0,36.0,6,1,3,78,0,17444.0,18078.0,17960.0,18689.714285714286,18777.14285714286,29.0,0.0,48.5
2023-03-20,18189.0,387525.0,0.0,50.0,34.0,42.0,0,0,3,79,0,17319.0,18939.0,18211.0,18581.285714285714,18731.35714285714,23.0,0.0,36.0
2023-03-21,17892.0,375394.0,0.0,62.0,40.0,51.0,1,0,3,80,0,18189.0,19679.0,18902.0,18474.14285714286,18729.785714285714,14.0,0.0,42.0
2023-03-22,17421.0,372544.0,0.0,59.0,48.0,53.5,2,0,3,81,0,17892.0,19881.0,19576.0,18218.85714285714,18657.64285714286,11.5,0.0,51.0
2023-03-23,17387.0,378626.0,0.07,61.0,47.0,54.0,3,0,3,82,0,17421.0,18993.0,19442.0,17867.428571428572,18503.714285714286,11.0,0.0,53.5
2023-03-24,17492.0,370978.0,0.0,58.0,44.0,51.0,4,0,3,83,0,17387.0,17814.0,19009.0,17638.0,18356.928571428572,14.0,0.0,54.0
2023-03-25,17122.0,377662.0,0.17,46.0,42.0,44.0,5,1,3,84,0,17492.0,17444.0,18952.0,17592.0,18248.571428571428,21.0,0.0,51.0
2023-03-26,17173.0,340507.0,0.0,63.0,42.0,52.5,6,1,3,85,0,17122.0,17319.0,18078.0,17546.0,18117.85714285714,12.5,0.0,44.0
2023-03-27,17841.0,372450.0,0.2,58.0,43.0,50.5,0,0,3,86,0,17173.0,18189.0,18939.0,17525.14285714286,18053.214285714286,14.5,0.0,52.5
2023-03-28,17941.0,380165.0,0.0,52.0,42.0,47.0,1,0,3,87,0,17841.0,17892.0,19679.0,17475.428571428572,17974.785714285714,18.0,0.0,50.5
2023-03-29,17657.0,372205.0,0.01,55.0,40.0,47.5,2,0,3,88,0,17941.0,17421.0,19881.0,17482.428571428572,17850.64285714286,17.5,0.0,47.0
2023-03-30,17695.0,380583.0,0.02,46.0,32.0,39.0,3,0,3,89,0,17657.0,17387.0,18993.0,17516.14285714286,17691.785714285714,26.0,0.0,47.5
2023-03-31,18116.0,396787.0,0.0,56.0,38.0,47.0,4,0,3,90,0,17695.0,17492.0,17814.0,17560.14285714286,17599.071428571428,18.0,0.0,39.0
2023-04-01,17524.0,346761.0,0.36,71.0,51.0,61.0,5,1,4,91,0,18116.0,17122.0,17444.0,17649.285714285714,17620.64285714286,4.0,0.0,47.0
2023-04-02,15648.0,331188.0,0.0,52.0,41.0,46.5,6,1,4,92,0,17524.0,17173.0,17319.0,17706.714285714286,17626.35714285714,18.5,0.0,61.0
2023-04-03,16660.0,363886.0,0.0,57.0,38.0,47.5,0,0,4,93,0,15648.0,17841.0,18189.0,17488.85714285714,17507.0,17.5,0.0,46.5
2023-04-04,16976.0,359299.0,0.0,72.0,46.0,59.0,1,0,4,94,0,16660.0,17941.0,17892.0,17320.14285714286,17397.785714285714,6.0,0.0,47.5
2023-04-05,17064.0,368027.0,0.01,54.0,45.0,49.5,2,0,4,95,0,16976.0,17657.0,17421.0,17182.285714285714,17332.35714285714,15.5,0.0,59.0
2023-04-06,17120.0,360239.0,0.0,78.0,45.0,61.5,3,0,4,96,0,17064.0,17695.0,17387.0,17097.571428571428,17306.85714285714,3.5,0.0,49.5
2023-04-07,16528.0,347788.0,0.0,59.0,44.0,51.5,4,0,4,97,0,17120.0,18116.0,17492.0,17015.428571428572,17287.785714285714,13.5,0.0,61.5
2023-04-08,16392.0,335229.0,0.0,52.0,39.0,45.5,5,1,4,98,0,16528.0,17524.0,17122.0,16788.571428571428,17218.928571428572,19.5,0.0,51.5
2023-04-09,15909.0,321644.0,0.0,54.0,42.0,48.0,6,1,4,99,0,16392.0,15648.0,17173.0,16626.85714285714,17166.785714285714,17.0,0.0,45.5
2023-04-10,15721.0,342103.0,0.0,65.0,43.0,54.0,0,0,4,100,0,15909.0,16660.0,17841.0,16664.14285714286,17076.5,11.0,0.0,48.0
2023-04-11,16237.0,347127.0,0.0,75.0,51.0,63.0,1,0,4,101,0,15721.0,16976.0,17941.0,16530.0,16925.071428571428,2.0,0.0,54.0
2023-04-12,16729.0,344809.0,0.0,83.0,66.0,74.5,2,0,4,102,0,16237.0,17064.0,17657.0,16424.428571428572,16803.35714285714,0.0,9.5,63.0
2023-04-13,18499.0,364562.0,0.0,89.0,62.0,75.5,3,0,4,103,0,16729.0,17120.0,17695.0,16376.57142857143,16737.071428571428,0.0,10.5,74.5
2023-04-14,18915.0,385399.0,0.0,89.0,67.0,78.0,4,0,4,104,0,18499.0,16528.0,18116.0,16573.571428571428,16794.5,0.0,13.0,75.5
2023-04-15,18446.0,354827.0,0.0,73.0,54.0,63.5,5,1,4,105,0,18915.0,16392.0,17524.0,16914.571428571428,16851.571428571428,1.5,0.0,78.0
2023-04-16,16217.0,330656.0,0.0,68.0,53.0,60.5,6,1,4,106,0,18446.0,15909.0,15648.0,17208.0,16917.428571428572,4.5,0.0,63.5
2023-04-17,16312.0,353909.0,0.01,68.0,51.0,59.5,0,0,4,107,0,16217.0,15721.0,16660.0,17252.0,16958.071428571428,5.5,0.0,60.5
2023-04-18,16496.0,356150.0,0.0,57.0,47.0,52.0,1,0,4,108,0,16312.0,16237.0,16976.0,17336.428571428572,16933.214285714286,13.0,0.0,59.5
2023-04-19,16834.0,359798.0,0.0,65.0,46.0,55.5,2,0,4,109,0,16496.0,16729.0,17064.0,17373.428571428572,16898.928571428572,9.5,0.0,52.0
2023-04-20,16764.0,350519.0,0.0,63.0,45.0,54.0,3,0,4,110,0,16834.0,18499.0,17120.0,17388.428571428572,16882.5,11.0,0.0,55.5
2023-04-21,16324.0,341067.0,0.0,70.0,51.0,60.5,4,0,4,111,0,16764.0,18915.0,16528.0,17140.571428571428,16857.071428571428,4.5,0.0,54.0
2023-04-22,16002.0,327240.0,0.48,68.0,50.0,59.0,5,1,4,112,0,16324.0,18446.0,16392.0,16770.428571428572,16842.5,6.0,0.0,60.5
2023-04-23,15382.0,327995.0,1.46,67.0,51.0,59.0,6,1,4,113,0,16002.0,16217.0,15909.0,16421.285714285714,16814.64285714286,6.0,0.0,59.0
2023-04-24,16235.0,349120.0,0.0,62.0,46.0,54.0,0,0,4,114,0,15382.0,16312.0,15721.0,16302.0,16777.0,11.0,0.0,59.0
2023-04-25,16741.0,357465.0,0.0,58.0,47.0,52.5,1,0,4,115,0,16235.0,16496.0,16237.0,16291.0,16813.714285714286,12.5,0.0,54.0
2023-04-26,16754.0,356503.0,0.0,58.0,47.0,52.5,2,0,4,116,0,16741.0,16834.0,16729.0,16326.0,16849.714285714286,12.5,0.0,52.5
2023-04-27,16700.0,354660.0,0.0,58.0,50.0,54.0,3,0,4,117,0,16754.0,16764.0,18499.0,16314.57142857143,16851.5,11.0,0.0,52.5
2023-04-28,16441.0,354486.0,0.35,57.0,48.0,52.5,4,0,4,118,0,16700.0,16324.0,18915.0,16305.42857142857,16723.0,12.5,0.0,54.0
2023-04-29,16278.0,348685.0,2.49,53.0,48.0,50.5,5,1,4,119,0,16441.0,16002.0,18446.0,16322.142857142857,16546.285714285714,14.5,0.0,52.5
2023-04-30,16222.0,343257.0,3.09,62.0,50.0,56.0,6,1,4,120,0,16278.0,15382.0,16217.0,16361.57142857143,16391.428571428572,9.0,0.0,50.5
2023-05-01,16169.0,351880.0,0.03,63.0,50.0,56.5,0,0,5,121,0,16222.0,16235.0,16312.0,16481.571428571428,16391.785714285714,8.5,0.0,56.0
2023-05-02,16662.0,360839.0,0.05,57.0,45.0,51.0,1,0,5,122,0,16169.0,16741.0,16496.0,16472.14285714286,16381.57142857143,14.0,0.0,56.5
2023-05-03,16937.0,363134.0,0.0,57.0,48.0,52.5,2,0,5,123,0,16662.0,16754.0,16834.0,16460.85714285714,16393.428571428572,12.5,0.0,51.0
2023-05-04,16890.0,364934.0,0.01,56.0,49.0,52.5,3,0,5,124,0,16937.0,16700.0,16764.0,16487.0,16400.785714285714,12.5,0.0,52.5
2023-05-05,16724.0,350896.0,0.0,63.0,49.0,56.0,4,0,5,125,0,16890.0,16441.0,16324.0,16514.14285714286,16409.785714285714,9.0,0.0,52.5
2023-05-06,15916.0,320386.0,0.0,73.0,52.0,62.5,5,1,5,126,0,16724.0,16278.0,16002.0,16554.571428571428,16438.35714285714,2.5,0.0,56.0
2023-05-07,15466.0,316792.0,0.0,77.0,56.0,66.5,6,1,5,127,0,15916.0,16222.0,15382.0,16502.85714285714,16432.214285714286,0.0,1.5,62.5
2023-05-08,16817.0,347079.0,0.0,77.0,59.0,68.0,0,0,5,128,0,15466.0,16169.0,16235.0,16394.85714285714,16438.214285714286,0.0,3.0,66.5
2023-05-09,16975.0,346267.0,0.0,68.0,55.0,61.5,1,0,5,129,0,16817.0,16662.0,16741.0,16487.428571428572,16479.785714285714,3.5,0.0,68.0
2023-05-10,16268.0,342588.0,0.0,73.0,52.0,62.5,2,0,5,130,0,16975.0,16937.0,16754.0,16532.14285714286,16496.5,2.5,0.0,61.5
2023-05-11,17336.0,353097.0,0.0,82.0,59.0,70.5,3,0,5,131,0,16268.0,16890.0,16700.0,16436.571428571428,16461.785714285714,0.0,5.5,62.5
2023-05-12,18823.0,377268.0,0.0,87.0,65.0,76.0,4,0,5,132,0,17336.0,16724.0,16441.0,16500.285714285714,16507.214285714286,0.0,11.0,70.5
2023-05-13,18659.0,367536.0,0.0,82.0,67.0,74.5,5,1,5,133,0,18823.0,15916.0,16278.0,16800.14285714286,16677.35714285714,0.0,9.5,76.0
2023-05-14,17115.0,327228.0,0.0,73.0,60.0,66.5,6,1,5,134,0,18659.0,15466.0,16222.0,17192.0,16847.428571428572,0.0,1.5,74.5
2023-05-15,16853.0,349029.0,0.0,76.0,56.0,66.0,0,0,5,135,0,17115.0,16817.0,16169.0,17427.571428571428,16911.214285714286,0.0,1.0,66.5
2023-05-16,17677.0,362427.0,0.0,81.0,61.0,71.0,1,0,5,136,0,16853.0,16975.0,16662.0,17432.714285714286,16960.071428571428,0.0,6.0,66.0
2023-05-17,17549.0,353996.0,0.0,73.0,51.0,62.0,2,0,5,137,0,17677.0,16268.0,16937.0,17533.0,17032.571428571428,3.0,0.0,71.0
2023-05-18,16397.0,342939.0,0.0,60.0,46.0,53.0,3,0,5,138,0,17549.0,17336.0,16890.0,17716.0,17076.285714285714,12.0,0.0,62.0
2023-05-19,16166.0,347436.0,0.0,70.0,54.0,62.0,4,0,5,139,0,16397.0,18823.0,16724.0,17581.85714285714,17041.071428571428,3.0,0.0,53.0
2023-05-20,16044.0,341453.0,1.26,67.0,57.0,62.0,5,1,5,140,0,16166.0,18659.0,15916.0,17202.285714285714,17001.214285714286,3.0,0.0,62.0
2023-05-21,15628.0,321103.0,0.0,70.0,57.0,63.5,6,1,5,141,0,16044.0,17115.0,15466.0,16828.714285714286,17010.35714285714,1.5,0.0,62.0
2023-05-22,16885.0,353521.0,0.0,74.0,58.0,66.0,0,0,5,142,0,15628.0,16853.0,16817.0,16616.285714285714,17021.928571428572,0.0,1.0,63.5
2023-05-23,16856.0,355323.0,0.0,68.0,56.0,62.0,1,0,5,143,0,16885.0,17677.0,16975.0,16620.85714285714,17026.785714285714,3.0,0.0,66.0
2023-05-24,16853.0,360163.0,0.03,77.0,55.0,66.0,2,0,5,144,0,16856.0,17549.0,16268.0,16503.571428571428,17018.285714285714,0.0,1.0,62.0
2023-05-25,16775.0,345220.0,0.0,67.0,51.0,59.0,3,0,5,145,0,16853.0,16397.0,17336.0,16404.14285714286,17060.071428571428,6.0,0.0,66.0
2023-05-26,16398.0,345264.0,0.0,73.0,55.0,64.0,4,0,5,146,0,16775.0,16166.0,18823.0,16458.14285714286,17020.0,1.0,0.0,59.0
2023-05-27,16234.0,328537.0,0.0,78.0,59.0,68.5,5,1,5,147,0,16398.0,16044.0,18659.0,16491.285714285714,16846.785714285714,0.0,3.5,64.0
2023-05-28,16341.0,328841.0,0.0,78.0,61.0,69.5,6,1,5,148,0,16234.0,15628.0,17115.0,16518.428571428572,16673.571428571428,0.0,4.5,68.5
2023-05-29,17282.0,344291.0,0.0,78.0,59.0,68.5,0,0,5,149,1,16341.0,16885.0,16853.0,16620.285714285714,16618.285714285714,0.0,3.5,69.5
2023-05-30,18678.0,369031.0,0.0,69.0,56.0,62.5,1,0,5,150,0,17282.0,16856.0,17677.0,16677.0,16648.928571428572,2.5,0.0,68.5
2023-05-31,19777.0,385517.0,0.0,76.0,52.0,64.0,2,0,5,151,0,18678.0,16853.0,17549.0,16937.285714285714,16720.428571428572,1.0,0.0,62.5
2023-06-01,21841.0,414270.0,0.0,86.0,61.0,73.5,3,0,6,152,0,19777.0,16775.0,16397.0,17355.0,16879.571428571428,0.0,8.5,64.0
2023-06-02,22867.0,447146.0,0.05,90.0,66.0,78.0,4,0,6,153,0,21841.0,16398.0,16166.0,18078.714285714286,17268.428571428572,0.0,13.0,73.5
2023-06-03,21522.0,389949.0,0.0,69.0,54.0,61.5,5,1,6,154,0,22867.0,16234.0,16044.0,19002.85714285714,17747.071428571428,3.5,0.0,78.0
2023-06-04,16156.0,325532.0,0.0,70.0,51.0,60.5,6,1,6,155,0,21522.0,16341.0,15628.0,19758.285714285714,18138.35714285714,4.5,0.0,61.5
2023-06-05,17508.0,356300.0,0.0,77.0,57.0,67.0,0,0,6,156,0,16156.0,17282.0,16885.0,19731.85714285714,18176.071428571428,0.0,2.0,60.5
2023-06-06,17746.0,373294.0,0.04,78.0,63.0,70.5,1,0,6,157,0,17508.0,18678.0,16856.0,19764.14285714286,18220.571428571428,0.0,5.5,67.0
2023-06-07,17570.0,366573.0,0.0,70.0,59.0,64.5,2,0,6,158,0,17746.0,19777.0,16853.0,19631.0,18284.14285714286,0.5,0.0,70.5
2023-06-08,17215.0,367712.0,0.0,72.0,58.0,65.0,3,0,6,159,0,17570.0,21841.0,16775.0,19315.714285714286,18335.35714285714,0.0,0.0,64.5
2023-06-09,16978.0,366474.0,0.0,74.0,59.0,66.5,4,0,6,160,0,17215.0,22867.0,16398.0,18654.85714285714,18366.785714285714,0.0,1.5,65.0
2023-06-10,16759.0,345048.0,0.0,78.0,60.0,69.0,5,1,6,161,0,16978.0,21522.0,16234.0,17813.571428571428,18408.214285714286,0.0,4.0,66.5
2023-06-11,18303.0,362533.0,0.02,83.0,65.0,74.0,6,1,6,162,0,16759.0,16156.0,16341.0,17133.14285714286,18445.714285714286,0.0,9.0,69.0
2023-06-12,20242.0,414061.0,0.14,81.0,68.0,74.5,0,0,6,163,0,18303.0,17508.0,17282.0,17439.85714285714,18585.85714285714,0.0,9.5,74.0
2023-06-13,19409.0,404715.0,0.0,81.0,65.0,73.0,1,0,6,164,0,20242.0,17746.0,18678.0,17830.428571428572,18797.285714285714,0.0,8.0,74.5
2023-06-14,19054.0,403537.0,0.39,76.0,65.0,70.5,2,0,6,165,0,19409.0,17570.0,19777.0,18068.0,18849.5,0.0,5.5,73.0
2023-06-15,19167.0,388348.0,0.0,79.0,63.0,71.0,3,0,6,166,0,19054.0,17215.0,21841.0,18280.0,18797.85714285714,0.0,6.0,70.5
2023-06-16,19039.0,405440.0,0.16,82.0,64.0,73.0,4,0,6,167,0,19167.0,16978.0,22867.0,18558.85714285714,18606.85714285714,0.0,8.0,71.0
2023-06-17,17626.0,362169.0,0.0,78.0,63.0,70.5,5,1,6,168,0,19039.0,16759.0,21522.0,18853.285714285714,18333.428571428572,0.0,5.5,73.0
2023-06-18,17723.0,356865.0,0.0,80.0,65.0,72.5,6,1,6,169,0,17626.0,18303.0,16156.0,18977.14285714286,18055.14285714286,0.0,7.5,70.5
2023-06-19,20463.0,400642.0,0.0,79.0,66.0,72.5,0,0,6,170,1,17723.0,20242.0,17508.0,18894.285714285714,18167.071428571428,0.0,7.5,72.5
2023-06-20,20568.0,419792.0,0.0,76.0,63.0,69.5,1,0,6,171,0,20463.0,19409.0,17746.0,18925.85714285714,18378.14285714286,0.0,4.5,72.5
2023-06-21,20015.0,406957.0,0.0,72.0,62.0,67.0,2,0,6,172,0,20568.0,19054.0,17570.0,19091.428571428572,18579.714285714286,0.0,2.0,69.5
2023-06-22,19139.0,396454.0,0.01,71.0,60.0,65.5,3,0,6,173,0,20015.0,19167.0,17215.0,19228.714285714286,18754.35714285714,0.0,0.5,67.0
2023-06-23,19878.0,417838.0,0.08,74.0,65.0,69.5,4,0,6,174,0,19139.0,19039.0,16978.0,19224.714285714286,18891.785714285714,0.0,4.5,65.5
2023-06-24,19628.0,413507.0,0.03,80.0,68.0,74.0,5,1,6,175,0,19878.0,17626.0,16759.0,19344.571428571428,19098.928571428572,0.0,9.0,69.5
2023-06-25,22068.0,428304.0,0.02,83.0,68.0,75.5,6,1,6,176,0,19628.0,17723.0,18303.0,19630.571428571428,19303.85714285714,0.0,10.5,74.0
2023-06-26,22552.0,472678.0,0.07,83.0,69.0,76.0,0,0,6,177,0,22068.0,20463.0,20242.0,20251.285714285714,19572.785714285714,0.0,11.0,75.5
2023-06-27,21858.0,451621.0,0.02,81.0,68.0,74.5,1,0,6,178,0,22552.0,20568.0,19409.0,20549.714285714286,19737.785714285714,0.0,9.5,76.0
2023-06-28,21464.0,449177.0,0.0,84.0,69.0,76.5,2,0,6,179,0,21858.0,20015.0,19054.0,20734.0,19912.714285714286,0.0,11.5,74.5
2023-06-29,21977.0,438895.0,0.0,83.0,67.0,75.0,3,0,6,180,0,21464.0,19139.0,19167.0,20941.0,20084.85714285714,0.0,10.0,76.5
2023-06-30,22850.0,458451.0,0.0,86.0,69.0,77.5,4,0,6,181,0,21977.0,19878.0,19039.0,21346.428571428572,20285.571428571428,0.0,12.5,75.0
2023-07-01,22020.0,443327.0,0.0,83.0,71.0,77.0,5,1,7,182,0,22850.0,19628.0,17626.0,21771.0,20557.785714285714,0.0,12.0,77.5
2023-07-02,22029.0,446239.0,0.6,91.0,72.0,81.5,6,1,7,183,0,22020.0,22068.0,17723.0,22112.714285714286,20871.64285714286,0.0,16.5,77.0
2023-07-03,24999.0,489268.0,0.37,91.0,74.0,82.5,0,0,7,184,0,22029.0,22552.0,20463.0,22107.14285714286,21179.214285714286,0.0,17.5,81.5
2023-07-04,24009.0,477129.0,0.28,83.0,73.0,78.0,1,0,7,185,1,24999.0,21858.0,20568.0,22456.714285714286,21503.214285714286,0.0,13.0,82.5
2023-07-05,27862.0,516932.0,0.0,94.0,71.0,82.5,2,0,7,186,0,24009.0,21464.0,20015.0,22764.0,21749.0,0.0,17.5,78.0
2023-07-06,28051.0,563512.0,0.0,90.0,76.0,83.0,3,0,7,187,0,27862.0,21977.0,19139.0,23678.0,22309.5,0.0,18.0,82.5
2023-07-07,27010.0,552275.0,0.0,87.0,76.0,81.5,4,0,7,188,0,28051.0,22850.0,19878.0,24545.714285714286,22946.071428571428,0.0,16.5,83.0
2023-07-08,24807.0,499901.0,0.0,87.0,75.0,81.0,5,1,7,189,0,27010.0,22020.0,19628.0,25140.0,23455.5,0.0,16.0,81.5
2023-07-09,23117.0,482340.0,1.17,83.0,71.0,77.0,6,1,7,190,0,24807.0,22029.0,22068.0,25538.14285714286,23825.428571428572,0.0,12.0,81.0
2023-07-10,24357.0,492399.0,0.0,87.0,73.0,80.0,0,0,7,191,0,23117.0,24999.0,22552.0,25693.571428571428,23900.35714285714,0.0,15.0,77.0
2023-07-11,26297.0,493150.0,0.0,90.0,72.0,81.0,1,0,7,192,0,24357.0,24009.0,21858.0,25601.85714285714,24029.285714285714,0.0,16.0,80.0
2023-07-12,26956.0,530533.0,0.0,93.0,79.0,86.0,2,0,7,193,0,26297.0,27862.0,21464.0,25928.714285714286,24346.35714285714,0.0,21.0,81.0
2023-07-13,27324.0,545272.0,0.0,89.0,79.0,84.0,3,0,7,194,0,26956.0,28051.0,21977.0,25799.285714285714,24738.64285714286,0.0,19.0,86.0
2023-07-14,26346.0,526689.0,0.24,84.0,72.0,78.0,4,0,7,195,0,27324.0,27010.0,22850.0,25695.428571428572,25120.571428571428,0.0,13.0,84.0
2023-07-15,25139.0,505170.0,0.01,89.0,73.0,81.0,5,1,7,196,0,26346.0,24807.0,22020.0,25600.571428571428,25370.285714285714,0.0,16.0,78.0
2023-07-16,24390.0,504152.0,1.39,81.0,74.0,77.5,6,1,7,197,0,25139.0,23117.0,22029.0,25648.0,25593.071428571428,0.0,12.5,81.0
2023-07-17,27450.0,528489.0,0.0,90.0,75.0,82.5,0,0,7,198,0,24390.0,24357.0,24999.0,25829.85714285714,25761.714285714286,0.0,17.5,77.5
2023-07-18,26409.0,536558.0,0.03,86.0,75.0,80.5,1,0,7,199,0,27450.0,26297.0,24009.0,26271.714285714286,25936.785714285714,0.0,15.5,82.5
2023-07-19,24090.0,492274.0,0.23,82.0,74.0,78.0,2,0,7,200,0,26409.0,26956.0,27862.0,26287.714285714286,26108.214285714286,0.0,13.0,80.5
2023-07-20,25325.0,498779.0,0.0,85.0,72.0,78.5,3,0,7,201,0,24090.0,27324.0,28051.0,25878.285714285714,25838.785714285714,0.0,13.5,78.0
2023-07-21,24641.0,504544.0,0.28,87.0,75.0,81.0,4,0,7,202,0,25325.0,26346.0,27010.0,25592.714285714286,25644.071428571428,0.0,16.0,78.5
2023-07-22,23809.0,457470.0,0.0,84.0,71.0,77.5,5,1,7,203,0,24641.0,25139.0,24807.0,25349.14285714286,25474.85714285714,0.0,12.5,81.0
2023-07-23,23338.0,448668.0,0.0,88.0,72.0,80.0,6,1,7,204,0,23809.0,24390.0,23117.0,25159.14285714286,25403.571428571428,0.0,15.0,77.5
2023-07-24,25437.0,501845.0,0.0,87.0,76.0,81.5,0,0,7,205,0,23338.0,27450.0,24357.0,25008.85714285714,25419.35714285714,0.0,16.5,80.0
2023-07-25,25289.0,513627.0,0.33,88.0,70.0,79.0,1,0,7,206,0,25437.0,26409.0,26297.0,24721.285714285714,25496.5,0.0,14.0,81.5
2023-07-26,27114.0,504330.0,0.0,89.0,71.0,80.0,2,0,7,207,0,25289.0,24090.0,26956.0,24561.285714285714,25424.5,0.0,15.0,79.0
2023-07-27,28327.0,559672.0,0.41,95.0,76.0,85.5,3,0,7,208,0,27114.0,25325.0,27324.0,24993.285714285714,25435.785714285714,0.0,20.5,80.0
2023-07-28,28735.0,574389.0,0.0,94.0,78.0,86.0,4,0,7,209,0,28327.0,24641.0,26346.0,25422.14285714286,25507.428571428572,0.0,21.0,85.5
2023-07-29,28009.0,550586.0,0.05,91.0,71.0,81.0,5,1,7,210,0,28735.0,23809.0,25139.0,26007.0,25678.071428571428,0.0,16.0,86.0
2023-07-30,23839.0,429032.0,0.0,80.0,67.0,73.5,6,1,7,211,0,28009.0,23338.0,24390.0,26607.0,25883.071428571428,0.0,8.5,81.0
2023-07-31,22140.0,441680.0,0.0,85.0,69.0,77.0,0,0,7,212,0,23839.0,25437.0,27450.0,26678.571428571428,25843.714285714286,0.0,12.0,73.5
2023-08-01,21470.0,439651.0,0.0,80.0,68.0,74.0,1,0,8,213,0,22140.0,25289.0,26409.0,26207.571428571428,25464.428571428572,0.0,9.0,77.0
2023-08-02,21140.0,426679.0,0.0,79.0,66.0,72.5,2,0,8,214,0,21470.0,27114.0,24090.0,25662.0,25111.64285714286,0.0,7.5,74.0
2023-08-03,21942.0,442162.0,0.0,80.0,69.0,74.5,3,0,8,215,0,21140.0,28327.0,25325.0,24808.571428571428,24900.928571428572,0.0,9.5,72.5
2023-08-04,21642.0,459881.0,0.0,78.0,72.0,75.0,4,0,8,216,0,21942.0,28735.0,24641.0,23896.428571428572,24659.285714285714,0.0,10.0,74.5
2023-08-05,21084.0,439212.0,0.0,85.0,70.0,77.5,5,1,8,217,0,21642.0,28009.0,23809.0,22883.14285714286,24445.071428571428,0.0,12.5,75.0
2023-08-06,22343.0,428069.0,0.0,86.0,71.0,78.5,6,1,8,218,0,21084.0,23839.0,23338.0,21893.85714285714,24250.428571428572,0.0,13.5,77.5
2023-08-07,23657.0,489789.0,1.07,82.0,69.0,75.5,0,0,8,219,0,22343.0,22140.0,25437.0,21680.14285714286,24179.35714285714,0.0,10.5,78.5
2023-08-08,23093.0,481721.0,0.0,82.0,71.0,76.5,1,0,8,220,0,23657.0,21470.0,25289.0,21896.85714285714,24052.214285714286,0.0,11.5,75.5
2023-08-09,24006.0,462295.0,0.0,88.0,71.0,79.5,2,0,8,221,0,23093.0,21140.0,27114.0,22128.714285714286,23895.35714285714,0.0,14.5,76.5
2023-08-10,23166.0,473324.0,0.49,82.0,71.0,76.5,3,0,8,222,0,24006.0,21942.0,28327.0,22538.14285714286,23673.35714285714,0.0,11.5,79.5
2023-08-11,22774.0,453708.0,0.0,87.0,70.0,78.5,4,0,8,223,0,23166.0,21642.0,28735.0,22713.0,23304.714285714286,0.0,13.5,76.5
2023-08-12,22185.0,443690.0,0.09,87.0,70.0,78.5,5,1,8,224,0,22774.0,21084.0,28009.0,22874.714285714286,22878.928571428572,0.0,13.5,78.5
2023-08-13,23184.0,457227.0,0.74,88.0,71.0,79.5,6,1,8,225,0,22185.0,22343.0,23839.0,23032.0,22462.928571428572,0.0,14.5,78.5
2023-08-14,24674.0,484958.0,0.0,88.0,75.0,81.5,0,0,8,226,0,23184.0,23657.0,22140.0,23152.14285714286,22416.14285714286,0.0,16.5,79.5
2023-08-15,23381.0,488039.0,1.54,78.0,70.0,74.0,1,0,8,227,0,24674.0,23093.0,21470.0,23297.428571428572,22597.14285714286,0.0,9.0,81.5
2023-08-16,23663.0,476439.0,0.8,80.0,70.0,75.0,2,0,8,228,0,23381.0,24006.0,21140.0,23338.571428571428,22733.64285714286,0.0,10.0,74.0
2023-08-17,22944.0,481428.0,0.0,80.0,72.0,76.0,3,0,8,229,0,23663.0,23166.0,21942.0,23289.571428571428,22913.85714285714,0.0,11.0,75.0
2023-08-18,22135.0,463997.0,1.57,83.0,69.0,76.0,4,0,8,230,0,22944.0,22774.0,21642.0,23257.85714285714,22985.428571428572,0.0,11.0,76.0
2023-08-19,19846.0,387116.0,0.0,81.0,65.0,73.0,5,1,8,231,0,22135.0,22185.0,21084.0,23166.571428571428,23020.64285714286,0.0,8.0,76.0
2023-08-20,21370.0,396791.0,0.0,87.0,69.0,78.0,6,1,8,232,0,19846.0,23184.0,22343.0,22832.428571428572,22932.214285714286,0.0,13.0,73.0
2023-08-21,24917.0,485889.0,0.0,87.0,75.0,81.0,0,0,8,233,0,21370.0,24674.0,23657.0,22573.285714285714,22862.714285714286,0.0,16.0,78.0
2023-08-22,23999.0,455070.0,0.0,80.0,68.0,74.0,1,0,8,234,0,24917.0,23381.0,23093.0,22608.0,22952.714285714286,0.0,9.0,81.0
2023-08-23,20835.0,426122.0,0.0,79.0,67.0,73.0,2,0,8,235,0,23999.0,23663.0,24006.0,22696.285714285714,23017.428571428572,0.0,8.0,74.0
2023-08-24,20124.0,432936.0,0.04,74.0,68.0,71.0,3,0,8,236,0,20835.0,22944.0,23166.0,22292.285714285714,22790.928571428572,0.0,6.0,73.0
2023-08-25,21412.0,445434.0,0.33,79.0,71.0,75.0,4,0,8,237,0,20124.0,22135.0,22774.0,21889.428571428572,22573.64285714286,0.0,10.0,71.0
2023-08-26,21844.0,444687.0,1.01,85.0,73.0,79.0,5,1,8,238,0,21412.0,19846.0,22185.0,21786.14285714286,22476.35714285714,0.0,14.0,75.0
2023-08-27,21244.0,423039.0,0.0,83.0,70.0,76.5,6,1,8,239,0,21844.0,21370.0,23184.0,22071.571428571428,22452.0,0.0,11.5,79.0
2023-08-28,21145.0,443750.0,0.0,77.0,70.0,73.5,0,0,8,240,0,21244.0,24917.0,24674.0,22053.571428571428,22313.428571428572,0.0,8.5,76.5
2023-08-29,22686.0,452574.0,0.0,78.0,68.0,73.0,1,0,8,241,0,21145.0,23999.0,23381.0,21514.714285714286,22061.35714285714,0.0,8.0,73.5
2023-08-30,22198.0,465567.0,0.21,85.0,70.0,77.5,2,0,8,242,0,22686.0,20835.0,23663.0,21327.14285714286,22011.714285714286,0.0,12.5,73.0
2023-08-31,21240.0,413564.0,0.0,77.0,65.0,71.0,3,0,8,243,0,22198.0,20124.0,22944.0,21521.85714285714,21907.071428571428,0.0,6.0,77.5
2023-09-01,19299.0,391982.0,0.0,76.0,62.0,69.0,4,0,9,244,0,21240.0,21412.0,22135.0,21681.285714285714,21785.35714285714,0.0,4.0,71.0
2023-09-02,18956.0,377665.0,0.0,79.0,65.0,72.0,5,1,9,245,0,19299.0,21844.0,19846.0,21379.428571428572,21582.785714285714,0.0,7.0,69.0
2023-09-03,23264.0,420150.0,0.0,90.0,70.0,80.0,6,1,9,246,0,18956.0,21244.0,21370.0,20966.85714285714,21519.214285714286,0.0,15.0,72.0
2023-09-04,25699.0,485471.0,0.0,89.0,76.0,82.5,0,0,9,247,1,23264.0,21145.0,24917.0,21255.428571428572,21654.5,0.0,17.5,80.0
2023-09-05,29141.0,555458.0,0.0,90.0,77.0,83.5,1,0,9,248,0,25699.0,22686.0,23999.0,21906.0,21710.35714285714,0.0,18.5,82.5
2023-09-06,30206.0,588211.0,0.0,93.0,78.0,85.5,2,0,9,249,0,29141.0,22198.0,20835.0,22828.14285714286,22077.64285714286,0.0,20.5,83.5
2023-09-07,29373.0,592689.0,0.0,96.0,78.0,87.0,3,0,9,250,0,30206.0,21240.0,20124.0,23972.14285714286,22747.0,0.0,22.0,85.5
2023-09-08,27358.0,544754.0,0.07,90.0,74.0,82.0,4,0,9,251,0,29373.0,19299.0,21412.0,25134.0,23407.64285714286,0.0,17.0,87.0
2023-09-09,23518.0,488709.0,0.0,88.0,75.0,81.5,5,1,9,252,0,27358.0,18956.0,21844.0,26285.285714285714,23832.35714285714,0.0,16.5,82.0
2023-09-10,22178.0,456210.0,2.1,80.0,70.0,75.0,6,1,9,253,0,23518.0,23264.0,21244.0,26937.0,23951.928571428572,0.0,10.0,81.5
2023-09-11,23194.0,477355.0,1.82,82.0,72.0,77.0,0,0,9,254,0,22178.0,25699.0,21145.0,26781.85714285714,24018.64285714286,0.0,12.0,75.0
2023-09-12,23565.0,467932.0,0.0,83.0,69.0,76.0,1,0,9,255,0,23194.0,29141.0,22686.0,26424.0,24165.0,0.0,11.0,77.0
2023-09-13,22796.0,467606.0,0.12,81.0,73.0,77.0,2,0,9,256,0,23565.0,30206.0,22198.0,25627.428571428572,24227.785714285714,0.0,12.0,76.0
2023-09-14,21649.0,425952.0,0.0,79.0,63.0,71.0,3,0,9,257,0,22796.0,29373.0,21240.0,24568.85714285714,24270.5,0.0,6.0,77.0
2023-09-15,19578.0,379813.0,0.0,69.0,58.0,63.5,4,0,9,258,0,21649.0,27358.0,19299.0,23465.428571428572,24299.714285714286,1.5,0.0,71.0
2023-09-16,17511.0,348284.0,0.0,77.0,62.0,69.5,5,1,9,259,0,19578.0,23518.0,18956.0,22354.0,24319.64285714286,0.0,4.5,63.5
2023-09-17,17491.0,352809.0,0.08,79.0,62.0,70.5,6,1,9,260,0,17511.0,22178.0,23264.0,21495.85714285714,24216.428571428572,0.0,5.5,69.5
2023-09-18,18649.0,400512.0,1.3,71.0,64.0,67.5,0,0,9,261,0,17491.0,23194.0,25699.0,20826.285714285714,23804.071428571428,0.0,2.5,70.5
2023-09-19,18565.0,380358.0,0.0,76.0,61.0,68.5,1,0,9,262,0,18649.0,23565.0,29141.0,20177.0,23300.5,0.0,3.5,67.5
2023-09-20,18303.0,372580.0,0.0,76.0,61.0,68.5,2,0,9,263,0,18565.0,22796.0,30206.0,19462.714285714286,22545.071428571428,0.0,3.5,68.5
2023-09-21,18348.0,371809.0,0.0,73.0,60.0,66.5,3,0,9,264,0,18303.0,21649.0,29373.0,18820.85714285714,21694.85714285714,0.0,1.5,68.5
2023-09-22,18231.0,371178.0,0.0,72.0,61.0,66.5,4,0,9,265,0,18348.0,19578.0,27358.0,18349.285714285714,20907.35714285714,0.0,1.5,66.5
2023-09-23,17424.0,351458.0,0.9,63.0,59.0,61.0,5,1,9,266,0,18231.0,17511.0,23518.0,18156.85714285714,20255.428571428572,4.0,0.0,66.5
2023-09-24,16548.0,346562.0,0.72,66.0,62.0,64.0,6,1,9,267,0,17424.0,17491.0,22178.0,18144.428571428572,19820.14285714286,1.0,0.0,61.0
2023-09-25,17460.0,366895.0,0.43,64.0,59.0,61.5,0,0,9,268,0,16548.0,18649.0,23194.0,18009.714285714286,19418.0,3.5,0.0,64.0
2023-09-26,17425.0,363320.0,0.26,64.0,56.0,60.0,1,0,9,269,0,17460.0,18565.0,23565.0,17839.85714285714,19008.428571428572,5.0,0.0,61.5
2023-09-27,17329.0,351791.0,0.0,66.0,53.0,59.5,2,0,9,270,0,17425.0,18303.0,22796.0,17677.0,18569.85714285714,5.5,0.0,60.0
2023-09-28,17216.0,357688.0,0.77,67.0,56.0,61.5,3,0,9,271,0,17329.0,18348.0,21649.0,17537.85714285714,18179.35714285714,3.5,0.0,59.5
2023-09-29,17349.0,371424.0,4.1,63.0,59.0,61.0,4,0,9,272,0,17216.0,18231.0,19578.0,17376.14285714286,17862.714285714286,4.0,0.0,61.5
2023-09-30,17136.0,345279.0,0.09,66.0,57.0,61.5,5,1,9,273,0,17349.0,17424.0,17511.0,17250.14285714286,17703.5,3.5,0.0,61.0
2023-10-01,17363.0,338346.0,0.0,77.0,61.0,69.0,6,1,10,274,0,17136.0,16548.0,17491.0,17209.0,17676.714285714286,0.0,4.0,61.5
2023-10-02,19222.0,381428.0,0.0,79.0,65.0,72.0,0,0,10,275,0,17363.0,17460.0,18649.0,17325.428571428572,17667.571428571428,0.0,7.0,69.0
2023-10-03,20483.0,394128.0,0.0,83.0,63.0,73.0,1,0,10,276,0,19222.0,17425.0,18565.0,17577.14285714286,17708.5,0.0,8.0,72.0
2023-10-04,21735.0,418887.0,0.0,84.0,66.0,75.0,2,0,10,277,0,20483.0,17329.0,18303.0,18014.0,17845.5,0.0,10.0,73.0
2023-10-05,21003.0,411545.0,0.0,78.0,63.0,70.5,3,0,10,278,0,21735.0,17216.0,18348.0,18643.428571428572,18090.64285714286,0.0,5.5,75.0
2023-10-06,19685.0,411324.0,0.13,71.0,67.0,69.0,4,0,10,279,0,21003.0,17349.0,18231.0,19184.428571428572,18280.285714285714,0.0,4.0,70.5
2023-10-07,18919.0,375327.0,0.8,70.0,55.0,62.5,5,1,10,280,0,19685.0,17136.0,17424.0,19518.14285714286,18384.14285714286,2.5,0.0,69.0
2023-10-08,16036.0,325416.0,0.0,62.0,52.0,57.0,6,1,10,281,0,18919.0,17363.0,16548.0,19772.85714285714,18490.928571428572,8.0,0.0,62.5
2023-10-09,17199.0,347776.0,0.0,62.0,50.0,56.0,0,0,10,282,1,16036.0,19222.0,17460.0,19583.285714285714,18454.35714285714,9.0,0.0,57.0
2023-10-10,17430.0,361791.0,0.01,65.0,54.0,59.5,1,0,10,283,0,17199.0,20483.0,17425.0,19294.285714285714,18435.714285714286,5.5,0.0,56.0
2023-10-11,17497.0,363372.0,0.0,71.0,57.0,64.0,2,0,10,284,0,17430.0,21735.0,17329.0,18858.14285714286,18436.071428571428,1.0,0.0,59.5
2023-10-12,17497.0,360641.0,0.0,71.0,56.0,63.5,3,0,10,285,0,17497.0,21003.0,17216.0,18252.714285714286,18448.071428571428,1.5,0.0,64.0
2023-10-13,17327.0,355794.0,0.0,65.0,54.0,59.5,4,0,10,286,0,17497.0,19685.0,17349.0,17751.85714285714,18468.14285714286,5.5,0.0,63.5
2023-10-14,16773.0,349383.0,0.71,59.0,50.0,54.5,5,1,10,287,0,17327.0,18919.0,17136.0,17415.0,18466.571428571428,10.5,0.0,59.5
2023-10-15,16365.0,336322.0,0.01,61.0,51.0,56.0,6,1,10,288,0,16773.0,16036.0,17363.0,17108.428571428572,18440.64285714286,9.0,0.0,54.5
2023-10-16,17562.0,362066.0,0.0,65.0,50.0,57.5,0,0,10,289,0,16365.0,17199.0,19222.0,17155.428571428572,18369.35714285714,7.5,0.0,56.0
2023-10-17,17517.0,367728.0,0.0,64.0,53.0,58.5,1,0,10,290,0,17562.0,17430.0,20483.0,17207.285714285714,18250.785714285714,6.5,0.0,57.5
2023-10-18,17563.0,369960.0,0.0,63.0,56.0,59.5,2,0,10,291,0,17517.0,17497.0,21735.0,17219.714285714286,18038.928571428572,5.5,0.0,58.5
2023-10-19,17464.0,363209.0,0.0,66.0,52.0,59.0,3,0,10,292,0,17563.0,17497.0,21003.0,17229.14285714286,17740.928571428572,6.0,0.0,59.5
2023-10-20,17386.0,372810.0,0.94,65.0,60.0,62.5,4,0,10,293,0,17464.0,17327.0,19685.0,17224.428571428572,17488.14285714286,2.5,0.0,59.0
2023-10-21,17127.0,350953.0,0.6,65.0,58.0,61.5,5,1,10,294,0,17386.0,16773.0,18919.0,17232.85714285714,17323.928571428572,3.5,0.0,62.5
2023-10-22,16590.0,339527.0,0.0,58.0,49.0,53.5,6,1,10,295,0,17127.0,16365.0,16036.0,17283.428571428572,17195.928571428572,11.5,0.0,61.5
2023-10-23,17733.0,360434.0,0.0,62.0,48.0,55.0,0,0,10,296,0,16590.0,17562.0,17199.0,17315.571428571428,17235.5,10.0,0.0,53.5
2023-10-24,17697.0,369328.0,0.0,66.0,50.0,58.0,1,0,10,297,0,17733.0,17517.0,17430.0,17340.0,17273.64285714286,7.0,0.0,55.0
2023-10-25,17786.0,368190.0,0.0,74.0,53.0,63.5,2,0,10,298,0,17697.0,17563.0,17497.0,17365.714285714286,17292.714285714286,1.5,0.0,58.0
2023-10-26,18190.0,371053.0,0.0,80.0,59.0,69.5,3,0,10,299,0,17786.0,17464.0,17497.0,17397.571428571428,17313.35714285714,0.0,4.5,63.5
2023-10-27,17875.0,373304.0,0.0,76.0,63.0,69.5,4,0,10,300,0,18190.0,17386.0,17327.0,17501.285714285714,17362.85714285714,0.0,4.5,69.5
2023-10-28,17396.0,355467.0,0.0,82.0,64.0,73.0,5,1,10,301,0,17875.0,17127.0,16773.0,17571.14285714286,17402.0,0.0,8.0,69.5
2023-10-29,17099.0,352326.0,0.42,64.0,52.0,58.0,6,1,10,302,0,17396.0,16590.0,16365.0,17609.571428571428,17446.5,7.0,0.0,73.0
2023-10-30,18185.0,377258.0,0.56,60.0,51.0,55.5,0,0,10,303,0,17099.0,17733.0,17562.0,17682.285714285714,17498.928571428572,9.5,0.0,58.0
2023-10-31,17815.0,376327.0,0.0,52.0,46.0,49.0,1,0,10,304,0,18185.0,17697.0,17517.0,17746.85714285714,17543.428571428572,16.0,0.0,55.5
2023-11-01,18927.0,387224.0,0.0,50.0,41.0,45.5,2,0,11,305,0,17815.0,17786.0,17563.0,17763.714285714286,17564.714285714286,19.5,0.0,49.0
2023-11-02,18737.0,394512.0,0.0,50.0,38.0,44.0,3,0,11,306,0,18927.0,18190.0,17464.0,17926.714285714286,17662.14285714286,21.0,0.0,45.5
2023-11-03,18467.0,380814.0,0.0,56.0,42.0,49.0,4,0,11,307,0,18737.0,17875.0,17386.0,18004.85714285714,17753.071428571428,16.0,0.0,44.0
2023-11-04,17413.0,357904.0,0.0,62.0,48.0,55.0,5,1,11,308,0,18467.0,17396.0,17127.0,18089.428571428572,17830.285714285714,10.0,0.0,49.0
2023-11-05,16882.0,339639.0,0.0,65.0,50.0,57.5,6,1,11,309,0,17413.0,17099.0,16590.0,18091.85714285714,17850.714285714286,7.5,0.0,55.0
2023-11-06,18508.0,375090.0,0.0,56.0,45.0,50.5,0,0,11,310,0,16882.0,18185.0,17733.0,18060.85714285714,17871.571428571428,14.5,0.0,57.5
2023-11-07,18350.0,378968.0,0.05,66.0,55.0,60.5,1,0,11,311,0,18508.0,17815.0,17697.0,18107.0,17926.928571428572,4.5,0.0,50.5
2023-11-08,18929.0,379899.0,0.0,55.0,44.0,49.5,2,0,11,312,0,18350.0,18927.0,17786.0,18183.428571428572,17973.571428571428,15.5,0.0,60.5
2023-11-09,18732.0,395112.0,0.0,58.0,43.0,50.5,3,0,11,313,0,18929.0,18737.0,18190.0,18183.714285714286,18055.214285714286,14.5,0.0,49.5
2023-11-10,18355.0,386845.0,0.0,54.0,47.0,50.5,4,0,11,314,1,18732.0,18467.0,17875.0,18183.0,18093.928571428572,14.5,0.0,50.5
2023-11-11,18128.0,365710.0,0.0,55.0,43.0,49.0,5,1,11,315,1,18355.0,17413.0,17396.0,18167.0,18128.214285714286,16.0,0.0,50.5
2023-11-12,18104.0,364884.0,0.0,46.0,37.0,41.5,6,1,11,316,0,18128.0,16882.0,17099.0,18269.14285714286,18180.5,23.5,0.0,49.0
2023-11-13,19432.0,399507.0,0.0,50.0,37.0,43.5,0,0,11,317,0,18104.0,18508.0,18185.0,18443.714285714286,18252.285714285714,21.5,0.0,41.5
2023-11-14,19244.0,398366.0,0.0,54.0,44.0,49.0,1,0,11,318,0,19432.0,18350.0,17815.0,18575.714285714286,18341.35714285714,16.0,0.0,43.5
2023-11-15,19013.0,393381.0,0.0,53.0,42.0,47.5,2,0,11,319,0,19244.0,18929.0,18927.0,18703.428571428572,18443.428571428572,17.5,0.0,49.0
2023-11-16,18614.0,381897.0,0.0,66.0,46.0,56.0,3,0,11,320,0,19013.0,18732.0,18737.0,18715.428571428572,18449.571428571428,9.0,0.0,47.5
2023-11-17,18076.0,379082.0,0.0,66.0,49.0,57.5,4,0,11,321,0,18614.0,18355.0,18467.0,18698.571428571428,18440.785714285714,7.5,0.0,56.0
2023-11-18,17627.0,352832.0,0.0,61.0,43.0,52.0,5,1,11,322,0,18076.0,18128.0,17413.0,18658.714285714286,18412.85714285714,13.0,0.0,57.5
2023-11-19,17612.0,360494.0,0.0,56.0,41.0,48.5,6,1,11,323,0,17627.0,18104.0,16882.0,18587.14285714286,18428.14285714286,16.5,0.0,52.0
2023-11-20,19788.0,388784.0,0.0,46.0,39.0,42.5,0,0,11,324,0,17612.0,19432.0,18508.0,18516.85714285714,18480.285714285714,22.5,0.0,48.5
2023-11-21,20002.0,422980.0,0.61,48.0,35.0,41.5,1,0,11,325,0,19788.0,19244.0,18350.0,18567.714285714286,18571.714285714286,23.5,0.0,42.5
2023-11-22,19719.0,405658.0,1.78,54.0,48.0,51.0,2,0,11,326,0,20002.0,19013.0,18929.0,18676.0,18689.714285714286,14.0,0.0,41.5
2023-11-23,18445.0,367978.0,0.0,53.0,45.0,49.0,3,0,11,327,1,19719.0,18614.0,18732.0,18776.85714285714,18746.14285714286,16.0,0.0,51.0
2023-11-24,18285.0,362279.0,0.0,51.0,34.0,42.5,4,0,11,328,0,18445.0,18076.0,18355.0,18752.714285714286,18725.64285714286,22.5,0.0,49.0
2023-11-25,18339.0,384544.0,0.0,41.0,32.0,36.5,5,1,11,329,0,18285.0,17627.0,18128.0,18782.571428571428,18720.64285714286,28.5,0.0,42.5
2023-11-26,18324.0,385441.0,0.3,55.0,36.0,45.5,6,1,11,330,0,18339.0,17612.0,18104.0,18884.285714285714,18735.714285714286,19.5,0.0,36.5
2023-11-27,19774.0,394135.0,0.03,56.0,38.0,47.0,0,0,11,331,0,18324.0,19788.0,19432.0,18986.0,18751.428571428572,18.0,0.0,45.5
2023-11-28,21257.0,423036.0,0.0,40.0,33.0,36.5,1,0,11,332,0,19774.0,20002.0,19244.0,18984.0,18775.85714285714,28.5,0.0,47.0
2023-11-29,21305.0,442646.0,0.0,38.0,28.0,33.0,2,0,11,333,0,21257.0,19719.0,19013.0,19163.285714285714,18919.64285714286,32.0,0.0,36.5
2023-11-30,21124.0,422679.0,0.0,52.0,36.0,44.0,3,0,11,334,0,21305.0,18445.0,18614.0,19389.85714285714,19083.35714285714,21.0,0.0,33.0
2023-12-01,19632.0,412912.0,0.46,49.0,41.0,45.0,4,0,12,335,0,21124.0,18285.0,18076.0,19772.571428571428,19262.64285714286,20.0,0.0,44.0
2023-12-02,19098.0,383646.0,0.0,59.0,47.0,53.0,5,1,12,336,0,19632.0,18339.0,17627.0,19965.0,19373.785714285714,12.0,0.0,45.0
2023-12-03,18542.0,379938.0,0.63,52.0,47.0,49.5,6,1,12,337,0,19098.0,18324.0,17612.0,20073.428571428572,19478.85714285714,15.5,0.0,53.0
2023-12-04,19834.0,397198.0,0.0,53.0,44.0,48.5,0,0,12,338,0,18542.0,19774.0,19788.0,20104.571428571428,19545.285714285714,16.5,0.0,49.5
2023-12-05,20455.0,417648.0,0.0,44.0,39.0,41.5,1,0,12,339,0,19834.0,21257.0,20002.0,20113.14285714286,19548.571428571428,23.5,0.0,48.5
2023-12-06,20879.0,428610.0,0.0,41.0,35.0,38.0,2,0,12,340,0,20455.0,21305.0,19719.0,19998.571428571428,19580.928571428572,27.0,0.0,41.5
2023-12-07,20872.0,443367.0,0.0,40.0,33.0,36.5,3,0,12,341,0,20879.0,21124.0,18445.0,19937.714285714286,19663.785714285714,28.5,0.0,38.0
2023-12-08,20639.0,419258.0,0.0,50.0,37.0,43.5,4,0,12,342,0,20872.0,19632.0,18285.0,19901.714285714286,19837.14285714286,21.5,0.0,36.5
2023-12-09,19265.0,381324.0,0.0,57.0,41.0,49.0,5,1,12,343,0,20639.0,19098.0,18339.0,20045.571428571428,20005.285714285714,16.0,0.0,43.5
2023-12-10,18293.0,374169.0,1.35,60.0,46.0,53.0,6,1,12,344,0,19265.0,18542.0,18324.0,20069.428571428572,20071.428571428572,12.0,0.0,49.0
2023-12-11,20713.0,407363.0,0.5,49.0,39.0,44.0,0,0,12,345,0,18293.0,19834.0,19774.0,20033.85714285714,20069.214285714286,21.0,0.0,53.0
2023-12-12,20510.0,418495.0,0.0,45.0,37.0,41.0,1,0,12,346,0,20713.0,20455.0,21257.0,20159.428571428572,20136.285714285714,24.0,0.0,44.0
2023-12-13,20709.0,419705.0,0.0,47.0,37.0,42.0,2,0,12,347,0,20510.0,20879.0,21305.0,20167.285714285714,20082.928571428572,23.0,0.0,41.0
2023-12-14,20716.0,429373.0,0.0,42.0,34.0,38.0,3,0,12,348,0,20709.0,20872.0,21124.0,20143.0,20040.35714285714,27.0,0.0,42.0
2023-12-15,20633.0,414728.0,0.0,59.0,38.0,48.5,4,0,12,349,0,20716.0,20639.0,19632.0,20120.714285714286,20011.214285714286,16.5,0.0,38.0
2023-12-16,19045.0,381430.0,0.0,53.0,44.0,48.5,5,1,12,350,0,20633.0,19265.0,19098.0,20119.85714285714,20082.714285714286,16.5,0.0,48.5
2023-12-17,18384.0,381417.0,0.23,59.0,46.0,52.5,6,1,12,351,0,19045.0,18293.0,18542.0,20088.428571428572,20078.928571428572,12.5,0.0,48.5
2023-12-18,19745.0,396593.0,2.13,63.0,43.0,53.0,0,0,12,352,0,18384.0,20713.0,19834.0,20101.428571428572,20067.64285714286,12.0,0.0,52.5
2023-12-19,21001.0,420342.0,0.0,44.0,33.0,38.5,1,0,12,353,0,19745.0,20510.0,20455.0,19963.14285714286,20061.285714285714,26.5,0.0,53.0
2023-12-20,20875.0,437150.0,0.0,45.0,32.0,38.5,2,0,12,354,0,21001.0,20709.0,20879.0,20033.285714285714,20100.285714285714,26.5,0.0,38.5
2023-12-21,20888.0,426798.0,0.0,42.0,30.0,36.0,3,0,12,355,0,20875.0,20716.0,20872.0,20057.0,20100.0,29.0,0.0,38.5
2023-12-22,20812.0,439171.0,0.0,39.0,26.0,32.5,4,0,12,356,0,20888.0,20633.0,20639.0,20081.571428571428,20101.14285714286,32.5,0.0,36.0
2023-12-23,20319.0,418767.0,0.0,42.0,32.0,37.0,5,1,12,357,0,20812.0,19045.0,19265.0,20107.14285714286,20113.5,28.0,0.0,32.5
2023-12-24,18881.0,392632.0,0.01,48.0,40.0,44.0,6,1,12,358,0,20319.0,18384.0,18293.0,20289.14285714286,20188.785714285714,21.0,0.0,37.0
2023-12-25,17466.0,364150.0,0.0,48.0,42.0,45.0,0,0,12,359,1,18881.0,19745.0,20713.0,20360.14285714286,20230.785714285714,20.0,0.0,44.0
2023-12-26,18932.0,383520.0,0.0,49.0,42.0,45.5,1,0,12,360,0,17466.0,21001.0,20510.0,20034.571428571428,19998.85714285714,19.5,0.0,45.0
2023-12-27,18939.0,394384.0,0.21,48.0,43.0,45.5,2,0,12,361,0,18932.0,20875.0,20709.0,19739.0,19886.14285714286,19.5,0.0,45.5
2023-12-28,18749.0,390688.0,1.18,52.0,47.0,49.5,3,0,12,362,0,18939.0,20888.0,20716.0,19462.428571428572,19759.714285714286,15.5,0.0,45.5
2023-12-29,18513.0,384530.0,0.01,56.0,46.0,51.0,4,0,12,363,0,18749.0,20812.0,20633.0,19156.85714285714,19619.214285714286,14.0,0.0,49.5
2023-12-30,18336.0,379861.0,0.0,47.0,40.0,43.5,5,1,12,364,0,18513.0,20319.0,19045.0,18828.428571428572,19467.785714285714,21.5,0.0,51.0
2023-12-31,18839.0,390615.0,0.0,44.0,40.0,42.0,6,1,12,365,0,18336.0,18881.0,18384.0,18545.14285714286,19417.14285714286,23.0,0.0,43.5
2024-01-01,18862.0,385455.0,0.01,47.0,36.0,41.5,0,0,1,1,1,18839.0,17466.0,19745.0,18539.14285714286,19449.64285714286,23.5,0.0,42.0
2024-01-02,20468.0,416969.0,0.0,43.0,30.0,36.5,1,0,1,2,0,18862.0,18932.0,21001.0,18738.571428571428,19386.571428571428,28.5,0.0,41.5
2024-01-03,20416.0,428880.0,0.0,43.0,35.0,39.0,2,0,1,3,0,20468.0,18939.0,20875.0,18958.0,19348.5,26.0,0.0,36.5
2024-01-04,20804.0,424891.0,0.0,45.0,29.0,37.0,3,0,1,4,0,20416.0,18749.0,20888.0,19169.0,19315.714285714286,28.0,0.0,39.0
2024-01-05,20772.0,445409.0,0.0,38.0,27.0,32.5,4,0,1,5,0,20804.0,18513.0,20812.0,19462.571428571428,19309.714285714286,32.5,0.0,37.0
2024-01-06,20490.0,428556.0,0.34,38.0,32.0,35.0,5,1,1,6,0,20772.0,18336.0,20319.0,19785.285714285714,19306.85714285714,30.0,0.0,32.5
2024-01-07,19975.0,419995.0,0.17,39.0,35.0,37.0,6,1,1,7,0,20490.0,18839.0,18881.0,20093.0,19319.071428571428,28.0,0.0,35.0
2024-01-08,20419.0,427494.0,0.0,45.0,37.0,41.0,0,0,1,8,0,19975.0,18862.0,17466.0,20255.285714285714,19397.214285714286,24.0,0.0,37.0
2024-01-09,20668.0,439007.0,1.95,57.0,33.0,45.0,1,0,1,9,0,20419.0,20468.0,18932.0,20477.714285714286,19608.14285714286,20.0,0.0,41.0
2024-01-10,20344.0,410666.0,0.32,56.0,45.0,50.5,2,0,1,10,0,20668.0,20416.0,18939.0,20506.285714285714,19732.14285714286,14.5,0.0,45.0
2024-01-11,19854.0,416288.0,0.0,46.0,42.0,44.0,3,0,1,11,0,20344.0,20804.0,18749.0,20496.0,19832.5,21.0,0.0,50.5
2024-01-12,19770.0,409546.0,0.06,50.0,42.0,46.0,4,0,1,12,0,19854.0,20772.0,18513.0,20360.285714285714,19911.428571428572,19.0,0.0,44.0
2024-01-13,19133.0,389779.0,1.03,60.0,36.0,48.0,5,1,1,13,0,19770.0,20490.0,18336.0,20217.14285714286,20001.214285714286,17.0,0.0,46.0
2024-01-14,20002.0,404185.0,0.0,45.0,27.0,36.0,6,1,1,14,0,19133.0,19975.0,18839.0,20023.285714285714,20058.14285714286,29.0,0.0,48.0
2024-01-15,21506.0,444315.0,0.04,30.0,24.0,27.0,0,0,1,15,1,20002.0,20419.0,18862.0,20027.14285714286,20141.214285714286,38.0,0.0,36.0
2024-01-16,21995.0,468272.0,0.33,32.0,23.0,27.5,1,0,1,16,0,21506.0,20668.0,20468.0,20182.428571428572,20330.071428571428,37.5,0.0,27.0
2024-01-17,22718.0,479616.0,0.0,25.0,19.0,22.0,2,0,1,17,0,21995.0,20344.0,20416.0,20372.0,20439.14285714286,43.0,0.0,27.5
2024-01-18,22452.0,465488.0,0.0,34.0,23.0,28.5,3,0,1,18,0,22718.0,19854.0,20804.0,20711.14285714286,20603.571428571428,36.5,0.0,22.0
2024-01-19,22157.0,474345.0,0.03,33.0,27.0,30.0,4,0,1,19,0,22452.0,19770.0,20772.0,21082.285714285714,20721.285714285714,35.0,0.0,28.5
2024-01-20,22061.0,472025.0,0.0,27.0,19.0,23.0,5,1,1,20,0,22157.0,19133.0,20490.0,21423.285714285714,20820.214285714286,42.0,0.0,30.0
2024-01-21,21981.0,466097.0,0.0,32.0,21.0,26.5,6,1,1,21,0,22061.0,20002.0,19975.0,21841.571428571428,20932.428571428572,38.5,0.0,23.0
2024-01-22,21749.0,471428.0,0.0,38.0,26.0,32.0,0,0,1,22,0,21981.0,21506.0,20419.0,22124.285714285714,21075.714285714286,33.0,0.0,26.5
2024-01-23,21632.0,451480.0,0.03,41.0,35.0,38.0,1,0,1,23,0,21749.0,21995.0,20668.0,22159.0,21170.714285714286,27.0,0.0,32.0
2024-01-24,20827.0,438742.0,0.07,44.0,37.0,40.5,2,0,1,24,0,21632.0,22718.0,20344.0,22107.14285714286,21239.571428571428,24.5,0.0,38.0
2024-01-25,20059.0,415476.0,0.22,57.0,41.0,49.0,3,0,1,25,0,20827.0,22452.0,19854.0,21837.0,21274.071428571428,16.0,0.0,40.5
2024-01-26,19461.0,414015.0,0.21,45.0,40.0,42.5,4,0,1,26,0,20059.0,22157.0,19770.0,21495.14285714286,21288.714285714286,22.5,0.0,49.0
2024-01-27,19240.0,395448.0,0.0,47.0,41.0,44.0,5,1,1,27,0,19461.0,22061.0,19133.0,21110.0,21266.64285714286,21.0,0.0,42.5
2024-01-28,19444.0,399242.0,0.93,43.0,38.0,40.5,6,1,1,28,0,19240.0,21981.0,20002.0,20707.0,21274.285714285714,24.5,0.0,44.0
2024-01-29,20869.0,431999.0,0.07,39.0,36.0,37.5,0,0,1,29,0,19444.0,21749.0,21506.0,20344.571428571428,21234.428571428572,27.5,0.0,40.5
2024-01-30,20836.0,443400.0,0.0,39.0,35.0,37.0,1,0,1,30,0,20869.0,21632.0,21995.0,20218.85714285714,21188.928571428572,28.0,0.0,37.5
2024-01-31,20716.0,437456.0,0.0,40.0,33.0,36.5,2,0,1,31,0,20836.0,20827.0,22718.0,20105.14285714286,21106.14285714286,28.5,0.0,37.0
2024-02-01,20374.0,430881.0,0.0,47.0,37.0,42.0,3,0,2,32,0,20716.0,20059.0,22452.0,20089.285714285714,20963.14285714286,23.0,0.0,36.5
2024-02-02,19864.0,422541.0,0.23,46.0,38.0,42.0,4,0,2,33,0,20374.0,19461.0,22157.0,20134.285714285714,20814.714285714286,23.0,0.0,42.0
2024-02-03,19620.0,397017.0,0.0,42.0,33.0,37.5,5,1,2,34,0,19864.0,19240.0,22061.0,20191.85714285714,20650.928571428572,27.5,0.0,42.0
2024-02-04,18711.0,388721.0,0.0,45.0,31.0,38.0,6,1,2,35,0,19620.0,19444.0,21981.0,20246.14285714286,20476.571428571428,27.0,0.0,37.5
2024-02-05,19901.0,412384.0,0.0,44.0,32.0,38.0,0,0,2,36,0,18711.0,20869.0,21749.0,20141.428571428572,20243.0,27.0,0.0,38.0
2024-02-06,20281.0,422633.0,0.0,43.0,29.0,36.0,1,0,2,37,0,19901.0,20836.0,21632.0,20003.14285714286,20111.0,29.0,0.0,38.0
2024-02-07,20324.0,423507.0,0.0,49.0,32.0,40.5,2,0,2,38,0,20281.0,20716.0,20827.0,19923.85714285714,20014.5,24.5,0.0,36.0
2024-02-08,19777.0,407659.0,0.0,52.0,35.0,43.5,3,0,2,39,0,20324.0,20374.0,20059.0,19867.85714285714,19978.571428571428,21.5,0.0,40.5
2024-02-09,19141.0,394900.0,0.0,51.0,42.0,46.5,4,0,2,40,0,19777.0,19864.0,19461.0,19782.571428571428,19958.428571428572,18.5,0.0,43.5
2024-02-10,18200.0,370860.0,0.0,60.0,39.0,49.5,5,1,2,41,0,19141.0,19620.0,19240.0,19679.285714285714,19935.571428571428,15.5,0.0,46.5
2024-02-11,18092.0,371459.0,0.0,56.0,43.0,49.5,6,1,2,42,0,18200.0,18711.0,19444.0,19476.428571428572,19861.285714285714,15.5,0.0,49.5
2024-02-12,19324.0,401238.0,0.0,47.0,38.0,42.5,0,0,2,43,0,18092.0,19901.0,20869.0,19388.0,19764.714285714286,22.5,0.0,49.5
2024-02-13,20014.0,423066.0,0.64,41.0,33.0,37.0,1,0,2,44,0,19324.0,20281.0,20836.0,19305.571428571428,19654.35714285714,28.0,0.0,42.5
2024-02-14,20593.0,431639.0,0.0,39.0,30.0,34.5,2,0,2,45,0,20014.0,20324.0,20716.0,19267.428571428572,19595.64285714286,30.5,0.0,37.0
2024-02-15,20981.0,444524.0,0.0,38.0,28.0,33.0,3,0,2,46,0,20593.0,19777.0,20374.0,19305.85714285714,19586.85714285714,32.0,0.0,34.5
2024-02-16,20630.0,429746.0,0.0,43.0,36.0,39.5,4,0,2,47,0,20981.0,19141.0,19864.0,19477.85714285714,19630.214285714286,25.5,0.0,33.0
2024-02-17,19910.0,419821.0,0.23,37.0,28.0,32.5,5,1,2,48,0,20630.0,18200.0,19620.0,19690.571428571428,19684.928571428572,32.5,0.0,39.5
2024-02-18,19761.0,422139.0,0.0,41.0,27.0,34.0,6,1,2,49,0,19910.0,18092.0,18711.0,19934.85714285714,19705.64285714286,31.0,0.0,32.5
2024-02-19,19487.0,411857.0,0.0,41.0,32.0,36.5,0,0,2,50,1,19761.0,19324.0,19901.0,20173.285714285714,19780.64285714286,28.5,0.0,34.0
2024-02-20,20070.0,427889.0,0.0,38.0,26.0,32.0,1,0,2,51,0,19487.0,20014.0,20281.0,20196.571428571428,19751.071428571428,33.0,0.0,36.5
2024-02-21,20291.0,422807.0,0.0,40.0,30.0,35.0,2,0,2,52,0,20070.0,20593.0,20324.0,20204.571428571428,19736.0,30.0,0.0,32.0
2024-02-22,19489.0,417614.0,0.04,43.0,35.0,39.0,3,0,2,53,0,20291.0,20981.0,19777.0,20161.428571428572,19733.64285714286,26.0,0.0,35.0
2024-02-23,19554.0,404564.0,0.05,46.0,40.0,43.0,4,0,2,54,0,19489.0,20630.0,19141.0,19948.285714285714,19713.071428571428,22.0,0.0,39.0
2024-02-24,18674.0,383706.0,0.0,44.0,29.0,36.5,5,1,2,55,0,19554.0,19910.0,18200.0,19794.571428571428,19742.571428571428,28.5,0.0,43.0
2024-02-25,18942.0,395838.0,0.0,40.0,24.0,32.0,6,1,2,56,0,18674.0,19761.0,18092.0,19618.0,19776.428571428572,33.0,0.0,36.5
2024-02-26,19028.0,397217.0,0.01,53.0,35.0,44.0,0,0,2,57,0,18942.0,19487.0,19324.0,19501.0,19837.14285714286,21.0,0.0,32.0
2024-02-27,18947.0,389028.0,0.55,54.0,37.0,45.5,1,0,2,58,0,19028.0,20070.0,20014.0,19435.428571428572,19816.0,19.5,0.0,44.0
2024-02-28,18767.0,393609.0,0.13,60.0,44.0,52.0,2,0,2,59,0,18947.0,20291.0,20593.0,19275.0,19739.785714285714,13.0,0.0,45.5
2024-02-29,19784.0,412294.0,0.0,43.0,32.0,37.5,3,0,2,60,0,18767.0,19489.0,20981.0,19057.285714285714,19609.35714285714,27.5,0.0,52.0
2024-03-01,20375.0,410626.0,0.0,44.0,31.0,37.5,4,0,3,61,0,19784.0,19554.0,20630.0,19099.428571428572,19523.85714285714,27.5,0.0,37.5
2024-03-02,18876.0,392901.0,1.4,55.0,41.0,48.0,5,1,3,62,0,20375.0,18674.0,19910.0,19216.714285714286,19505.64285714286,17.0,0.0,37.5
2024-03-03,17867.0,356313.0,0.0,68.0,46.0,57.0,6,1,3,63,0,18876.0,18942.0,19761.0,19245.571428571428,19431.785714285714,8.0,0.0,48.0
2024-03-04,17289.0,364105.0,0.0,59.0,45.0,52.0,0,0,3,64,0,17867.0,19028.0,19487.0,19092.0,19296.5,13.0,0.0,57.0
2024-03-05,18181.0,382174.0,0.47,49.0,41.0,45.0,1,0,3,65,0,17289.0,18947.0,20070.0,18843.571428571428,19139.5,20.0,0.0,52.0
2024-03-06,18519.0,388168.0,1.61,51.0,44.0,47.5,2,0,3,66,0,18181.0,18767.0,20291.0,18734.14285714286,19004.571428571428,17.5,0.0,45.0
2024-03-07,18656.0,380843.0,0.1,54.0,44.0,49.0,3,0,3,67,0,18519.0,19784.0,19489.0,18698.714285714286,18878.0,16.0,0.0,47.5
2024-03-08,18350.0,371058.0,0.0,55.0,40.0,47.5,4,0,3,68,0,18656.0,20375.0,19554.0,18537.571428571428,18818.5,17.5,0.0,49.0
2024-03-09,17711.0,377839.0,1.68,47.0,41.0,44.0,5,1,3,69,0,18350.0,18876.0,18674.0,18248.285714285714,18732.5,21.0,0.0,47.5
2024-03-10,17915.0,373646.0,0.02,50.0,37.0,43.5,6,1,3,70,0,17711.0,17867.0,18942.0,18081.85714285714,18663.714285714286,21.5,0.0,44.0
2024-03-11,18440.0,395231.0,0.0,51.0,35.0,43.0,0,0,3,71,0,17915.0,17289.0,19028.0,18088.714285714286,18590.35714285714,22.0,0.0,43.5
2024-03-12,18731.0,374520.0,0.0,65.0,45.0,55.0,1,0,3,72,0,18440.0,18181.0,18947.0,18253.14285714286,18548.35714285714,10.0,0.0,43.0
2024-03-13,17366.0,360883.0,0.0,60.0,44.0,52.0,2,0,3,73,0,18731.0,18519.0,18767.0,18331.714285714286,18532.928571428572,13.0,0.0,55.0
2024-03-14,17091.0,358246.0,0.0,72.0,43.0,57.5,3,0,3,74,0,17366.0,18656.0,19784.0,18167.0,18432.85714285714,7.5,0.0,52.0
2024-03-15,16973.0,366266.0,0.0,72.0,50.0,61.0,4,0,3,75,0,17091.0,18350.0,20375.0,17943.428571428572,18240.5,4.0,0.0,57.5
2024-03-16,16816.0,338291.0,0.0,59.0,47.0,53.0,5,1,3,76,0,16973.0,17711.0,18876.0,17746.714285714286,17997.5,12.0,0.0,61.0
2024-03-17,15934.0,334981.0,0.0,61.0,47.0,54.0,6,1,3,77,0,16816.0,17915.0,17867.0,17618.85714285714,17850.35714285714,11.0,0.0,53.0
2024-03-18,18051.0,374359.0,0.0,50.0,38.0,44.0,0,0,3,78,0,15934.0,18440.0,17289.0,17335.85714285714,17712.285714285714,21.0,0.0,54.0
2024-03-19,18493.0,392881.0,0.0,47.0,36.0,41.5,1,0,3,79,0,18051.0,18731.0,18181.0,17280.285714285714,17766.714285714286,23.5,0.0,44.0
2024-03-20,18622.0,395755.0,0.03,55.0,35.0,45.0,2,0,3,80,0,18493.0,17366.0,18519.0,17246.285714285714,17789.0,20.0,0.0,41.5
2024-03-21,18781.0,407377.0,0.0,42.0,31.0,36.5,3,0,3,81,0,18622.0,17091.0,18656.0,17425.714285714286,17796.35714285714,28.5,0.0,45.0
2024-03-22,19373.0,418372.0,0.0,43.0,29.0,36.0,4,0,3,82,0,18781.0,16973.0,18350.0,17667.14285714286,17805.285714285714,29.0,0.0,36.5
2024-03-23,18915.0,403078.0,3.47,49.0,36.0,42.5,5,1,3,83,0,19373.0,16816.0,17711.0,18010.0,17878.35714285714,22.5,0.0,36.0
2024-03-24,18021.0,375420.0,0.0,45.0,32.0,38.5,6,1,3,84,0,18915.0,15934.0,17915.0,18309.85714285714,17964.35714285714,26.5,0.0,42.5
2024-03-25,18148.0,384669.0,0.0,50.0,35.0,42.5,0,0,3,85,0,18021.0,18051.0,18440.0,18608.0,17971.928571428572,22.5,0.0,38.5
2024-03-26,17930.0,386985.0,0.0,51.0,39.0,45.0,1,0,3,86,0,18148.0,18493.0,18731.0,18621.85714285714,17951.071428571428,20.0,0.0,42.5
2024-03-27,17903.0,383819.0,0.04,52.0,40.0,46.0,2,0,3,87,0,17930.0,18622.0,17366.0,18541.428571428572,17893.85714285714,19.0,0.0,45.0
2024-03-28,17772.0,384897.0,0.76,49.0,45.0,47.0,3,0,3,88,0,17903.0,18781.0,17091.0,18438.714285714286,17932.214285714286,18.0,0.0,46.0
2024-03-29,17780.0,369693.0,0.0,55.0,42.0,48.5,4,0,3,89,0,17772.0,19373.0,16973.0,18294.571428571428,17980.85714285714,16.5,0.0,47.0
2024-03-30,17281.0,349694.0,0.02,62.0,41.0,51.5,5,1,3,90,0,17780.0,18915.0,16816.0,18067.0,18038.5,13.5,0.0,48.5
2024-03-31,16174.0,327499.0,0.02,61.0,48.0,54.5,6,1,3,91,0,17281.0,18021.0,15934.0,17833.571428571428,18071.714285714286,10.5,0.0,51.5
2024-04-01,16870.0,362012.0,0.0,53.0,46.0,49.5,0,0,4,92,0,16174.0,18148.0,18051.0,17569.714285714286,18088.85714285714,15.5,0.0,54.5
2024-04-02,18051.0,383937.0,0.91,49.0,44.0,46.5,1,0,4,93,0,16870.0,17930.0,18493.0,17387.14285714286,18004.5,18.5,0.0,49.5
2024-04-03,19019.0,402991.0,1.75,45.0,41.0,43.0,2,0,4,94,0,18051.0,17903.0,18622.0,17404.428571428572,17972.928571428572,22.0,0.0,46.5
2024-04-04,18949.0,399422.0,0.17,48.0,37.0,42.5,3,0,4,95,0,19019.0,17772.0,18781.0,17563.85714285714,18001.285714285714,22.5,0.0,43.0
2024-04-05,18222.0,390052.0,0.0,50.0,39.0,44.5,4,0,4,96,0,18949.0,17780.0,19373.0,17732.0,18013.285714285714,20.5,0.0,42.5
2024-04-06,17730.0,360496.0,0.0,53.0,41.0,47.0,5,1,4,97,0,18222.0,17281.0,18915.0,17795.14285714286,17931.071428571428,18.0,0.0,44.5
2024-04-07,16618.0,333726.0,0.0,57.0,43.0,50.0,6,1,4,98,0,17730.0,16174.0,18021.0,17859.285714285714,17846.428571428572,15.0,0.0,47.0
2024-04-08,16390.0,358617.0,0.0,65.0,45.0,55.0,0,0,4,99,0,16618.0,16870.0,18148.0,17922.714285714286,17746.214285714286,10.0,0.0,50.0
2024-04-09,16786.0,347521.0,0.0,75.0,50.0,62.5,1,0,4,100,0,16390.0,18051.0,17930.0,17854.14285714286,17620.64285714286,2.5,0.0,55.0
2024-04-10,16713.0,355234.0,0.0,59.0,43.0,51.0,2,0,4,101,0,16786.0,19019.0,17903.0,17673.428571428572,17538.928571428572,14.0,0.0,62.5
2024-04-11,16950.0,364741.0,0.27,61.0,48.0,54.5,3,0,4,102,0,16713.0,18949.0,17772.0,17344.0,17453.928571428572,10.5,0.0,51.0
2024-04-12,16990.0,363358.0,0.29,63.0,54.0,58.5,4,0,4,103,0,16950.0,18222.0,17780.0,17058.428571428572,17395.214285714286,6.5,0.0,54.5
2024-04-13,16370.0,348575.0,0.0,57.0,48.0,52.5,5,1,4,104,0,16990.0,17730.0,17281.0,16882.428571428572,17338.785714285714,12.5,0.0,58.5
2024-04-14,16280.0,337513.0,0.06,68.0,49.0,58.5,6,1,4,105,0,16370.0,16618.0,16174.0,16688.14285714286,17273.714285714286,6.5,0.0,52.5
2024-04-15,16311.0,346948.0,0.0,80.0,57.0,68.5,0,0,4,106,0,16280.0,16390.0,16870.0,16639.85714285714,17281.285714285714,0.0,3.5,58.5
2024-04-16,16872.0,340870.0,0.0,74.0,54.0,64.0,1,0,4,107,0,16311.0,16786.0,18051.0,16628.571428571428,17241.35714285714,1.0,0.0,68.5
2024-04-17,16726.0,355288.0,0.04,59.0,48.0,53.5,2,0,4,108,0,16872.0,16713.0,19019.0,16640.85714285714,17157.14285714286,11.5,0.0,64.0
2024-04-18,17176.0,372396.0,0.03,49.0,45.0,47.0,3,0,4,109,0,16726.0,16950.0,18949.0,16642.714285714286,16993.35714285714,18.0,0.0,53.5
2024-04-19,17215.0,361978.0,0.0,57.0,45.0,51.0,4,0,4,110,0,17176.0,16990.0,18222.0,16675.0,16866.714285714286,14.0,0.0,47.0
2024-04-20,16383.0,335026.0,0.07,68.0,47.0,57.5,5,1,4,111,0,17215.0,16370.0,17730.0,16707.14285714286,16794.785714285714,7.5,0.0,51.0
2024-04-21,15666.0,336603.0,0.0,52.0,44.0,48.0,6,1,4,112,0,16383.0,16280.0,16618.0,16709.0,16698.571428571428,17.0,0.0,57.5
2024-04-22,16319.0,342119.0,0.0,60.0,44.0,52.0,0,0,4,113,0,15666.0,16311.0,16390.0,16621.285714285714,16630.571428571428,13.0,0.0,48.0
2024-04-23,16430.0,342944.0,0.0,60.0,45.0,52.5,1,0,4,114,0,16319.0,16872.0,16786.0,16622.428571428572,16625.5,12.5,0.0,52.0
2024-04-24,16385.0,353941.0,0.0,69.0,49.0,59.0,2,0,4,115,0,16430.0,16726.0,16713.0,16559.285714285714,16600.071428571428,6.0,0.0,52.5
2024-04-25,16610.0,343595.0,0.0,54.0,42.0,48.0,3,0,4,116,0,16385.0,17176.0,16950.0,16510.571428571428,16576.64285714286,17.0,0.0,59.0
2024-04-26,16617.0,342467.0,0.0,58.0,43.0,50.5,4,0,4,117,0,16610.0,17215.0,16990.0,16429.714285714286,16552.35714285714,14.5,0.0,48.0
2024-04-27,16038.0,328280.0,0.01,58.0,45.0,51.5,5,1,4,118,0,16617.0,16383.0,16370.0,16344.285714285714,16525.714285714286,13.5,0.0,50.5
2024-04-28,15550.0,323847.0,0.0,76.0,51.0,63.5,6,1,4,119,0,16038.0,15666.0,16280.0,16295.0,16502.0,1.5,0.0,51.5
2024-04-29,17512.0,360152.0,0.0,85.0,59.0,72.0,0,0,4,120,0,15550.0,16319.0,16311.0,16278.42857142857,16449.85714285714,0.0,7.0,63.5
2024-04-30,17662.0,362046.0,0.0,61.0,50.0,55.5,1,0,4,121,0,17512.0,16430.0,16872.0,16448.85714285714,16535.64285714286,9.5,0.0,72.0
2024-05-01,16615.0,349682.0,0.0,76.0,51.0,63.5,2,0,5,122,0,17662.0,16385.0,16726.0,16624.85714285714,16592.071428571428,1.5,0.0,55.5
2024-05-02,16816.0,348798.0,0.0,76.0,51.0,63.5,3,0,5,123,0,16615.0,16610.0,17176.0,16657.714285714286,16584.14285714286,1.5,0.0,63.5
2024-05-03,17034.0,345252.0,0.0,62.0,52.0,57.0,4,0,5,124,0,16816.0,16617.0,17215.0,16687.14285714286,16558.428571428572,8.0,0.0,63.5
2024-05-04,16182.0,325703.0,0.0,61.0,50.0,55.5,5,1,5,125,0,17034.0,16038.0,16383.0,16746.714285714286,16545.5,9.5,0.0,57.0
2024-05-05,15873.0,335508.0,0.37,53.0,49.0,51.0,6,1,5,126,0,16182.0,15550.0,15666.0,16767.285714285714,16531.14285714286,14.0,0.0,55.5
2024-05-06,16517.0,346867.0,0.0,74.0,52.0,63.0,0,0,5,127,0,15873.0,17512.0,16319.0,16813.428571428572,16545.928571428572,2.0,0.0,51.0
2024-05-07,17148.0,349831.0,0.0,80.0,60.0,70.0,1,0,5,128,0,16517.0,17662.0,16430.0,16671.285714285714,16560.071428571428,0.0,5.0,63.0
2024-05-08,18554.0,372174.0,0.21,86.0,62.0,74.0,2,0,5,129,0,17148.0,16615.0,16385.0,16597.85714285714,16611.35714285714,0.0,9.0,70.0
2024-05-09,18470.0,368042.0,0.0,70.0,56.0,63.0,3,0,5,130,0,18554.0,16816.0,16610.0,16874.85714285714,16766.285714285714,2.0,0.0,74.0
2024-05-10,16755.0,357669.0,0.21,56.0,50.0,53.0,4,0,5,131,0,18470.0,17034.0,16617.0,17111.14285714286,16899.14285714286,12.0,0.0,63.0
2024-05-11,16089.0,322476.0,0.0,61.0,49.0,55.0,5,1,5,132,0,16755.0,16182.0,16038.0,17071.285714285714,16909.0,10.0,0.0,53.0
2024-05-12,15234.0,322237.0,0.1,56.0,49.0,52.5,6,1,5,133,0,16089.0,15873.0,15550.0,17058.0,16912.64285714286,12.5,0.0,55.0
2024-05-13,16137.0,343457.0,0.0,65.0,50.0,57.5,0,0,5,134,0,15234.0,16517.0,17512.0,16966.714285714286,16890.071428571428,7.5,0.0,52.5
2024-05-14,17078.0,352042.0,0.02,73.0,55.0,64.0,1,0,5,135,0,16137.0,17148.0,17662.0,16912.428571428572,16791.85714285714,1.0,0.0,57.5
2024-05-15,17169.0,368496.0,0.19,64.0,58.0,61.0,2,0,5,136,0,17078.0,18554.0,16615.0,16902.428571428572,16750.14285714286,4.0,0.0,64.0
2024-05-16,16921.0,363375.0,0.16,66.0,59.0,62.5,3,0,5,137,0,17169.0,18470.0,16816.0,16704.571428571428,16789.714285714286,2.5,0.0,61.0
2024-05-17,17058.0,358733.0,0.01,72.0,58.0,65.0,4,0,5,138,0,16921.0,16755.0,17034.0,16483.285714285714,16797.214285714286,0.0,0.0,62.5
2024-05-18,16922.0,340095.0,0.02,69.0,59.0,64.0,5,1,5,139,0,17058.0,16089.0,16182.0,16526.571428571428,16798.928571428572,1.0,0.0,65.0
2024-05-19,16500.0,332516.0,0.0,73.0,57.0,65.0,6,1,5,140,0,16922.0,15234.0,15873.0,16645.571428571428,16851.785714285714,0.0,0.0,64.0
2024-05-20,18979.0,369768.0,0.0,71.0,57.0,64.0,0,0,5,141,0,16500.0,16137.0,16517.0,16826.428571428572,16896.571428571428,1.0,0.0,65.0
2024-05-21,20830.0,402075.0,0.0,82.0,59.0,70.5,1,0,5,142,0,18979.0,17078.0,17148.0,17232.428571428572,17072.428571428572,0.0,5.5,64.0
2024-05-22,21777.0,430757.0,0.0,84.0,68.0,76.0,2,0,5,143,0,20830.0,17169.0,18554.0,17768.428571428572,17335.428571428572,0.0,11.0,70.5
2024-05-23,21316.0,430106.0,0.41,81.0,67.0,74.0,3,0,5,144,0,21777.0,16921.0,18470.0,18426.714285714286,17565.64285714286,0.0,9.0,76.0
2024-05-24,20594.0,414171.0,0.0,86.0,67.0,76.5,4,0,5,145,0,21316.0,17058.0,16755.0,19054.571428571428,17768.928571428572,0.0,11.5,74.0
2024-05-25,20301.0,383183.0,0.0,80.0,65.0,72.5,5,1,5,146,0,20594.0,16922.0,16089.0,19559.714285714286,18043.14285714286,0.0,7.5,76.5
2024-05-26,19154.0,377442.0,0.0,82.0,64.0,73.0,6,1,5,147,0,20301.0,16500.0,15234.0,20042.428571428572,18344.0,0.0,8.0,72.5
2024-05-27,19017.0,402090.0,0.74,77.0,66.0,71.5,0,0,5,148,1,19154.0,18979.0,16137.0,20421.571428571428,18624.0,0.0,6.5,73.0
2024-05-28,20364.0,412530.0,0.0,82.0,65.0,73.5,1,0,5,149,0,19017.0,20830.0,17078.0,20427.0,18829.714285714286,0.0,8.5,71.5
2024-05-29,19872.0,397212.0,0.29,77.0,61.0,69.0,2,0,5,150,0,20364.0,21777.0,17169.0,20360.428571428572,19064.428571428572,0.0,4.0,73.5
2024-05-30,18807.0,373868.0,0.12,71.0,57.0,64.0,3,0,5,151,0,19872.0,21316.0,16921.0,20088.285714285714,19257.5,1.0,0.0,69.0
2024-05-31,17720.0,364234.0,0.0,76.0,61.0,68.5,4,0,5,152,0,18807.0,20594.0,17058.0,19729.85714285714,19392.214285714286,0.0,3.5,64.0
2024-06-01,18502.0,357089.0,0.0,85.0,64.0,74.5,5,1,6,153,0,17720.0,20301.0,16922.0,19319.285714285714,19439.5,0.0,9.5,68.5
2024-06-02,18838.0,375290.0,0.0,83.0,69.0,76.0,6,1,6,154,0,18502.0,19154.0,16500.0,19062.285714285714,19552.35714285714,0.0,11.0,74.5
2024-06-03,22808.0,434583.0,0.0,86.0,70.0,78.0,0,0,6,155,0,18838.0,19017.0,18979.0,19017.14285714286,19719.35714285714,0.0,13.0,76.0
2024-06-04,22721.0,456682.0,0.0,81.0,64.0,72.5,1,0,6,156,0,22808.0,20364.0,20830.0,19558.714285714286,19992.85714285714,0.0,7.5,78.0
2024-06-05,23096.0,457835.0,0.01,81.0,66.0,73.5,2,0,6,157,0,22721.0,19872.0,21777.0,19895.428571428572,20127.928571428572,0.0,8.5,72.5
2024-06-06,22664.0,477419.0,0.61,83.0,69.0,76.0,3,0,6,158,0,23096.0,18807.0,21316.0,20356.0,20222.14285714286,0.0,11.0,73.5
2024-06-07,22315.0,449561.0,0.0,85.0,67.0,76.0,4,0,6,159,0,22664.0,17720.0,20594.0,20907.0,20318.428571428572,0.0,11.0,76.0
2024-06-08,19788.0,383041.0,0.0,79.0,65.0,72.0,5,1,6,160,0,22315.0,18502.0,20301.0,21563.428571428572,20441.35714285714,0.0,7.0,76.0
2024-06-09,18298.0,375281.0,0.0,76.0,65.0,70.5,6,1,6,161,0,19788.0,18838.0,19154.0,21747.14285714286,20404.714285714286,0.0,5.5,72.0
2024-06-10,19032.0,394856.0,0.0,76.0,62.0,69.0,0,0,6,162,0,18298.0,22808.0,19017.0,21670.0,20343.571428571428,0.0,4.0,70.5
2024-06-11,18690.0,396140.0,0.0,76.0,61.0,68.5,1,0,6,163,0,19032.0,22721.0,20364.0,21130.571428571428,20344.64285714286,0.0,3.5,69.0
2024-06-12,18882.0,397304.0,0.0,78.0,63.0,70.5,2,0,6,164,0,18690.0,23096.0,19872.0,20554.714285714286,20225.071428571428,0.0,5.5,68.5
2024-06-13,22451.0,424279.0,0.0,85.0,64.0,74.5,3,0,6,165,0,18882.0,22664.0,18807.0,19952.714285714286,20154.35714285714,0.0,9.5,70.5
2024-06-14,22529.0,466922.0,0.25,87.0,67.0,77.0,4,0,6,166,0,22451.0,22315.0,17720.0,19922.285714285714,20414.64285714286,0.0,12.0,74.5
2024-06-15,20954.0,399887.0,0.0,82.0,67.0,74.5,5,1,6,167,0,22529.0,19788.0,18502.0,19952.85714285714,20758.14285714286,0.0,9.5,77.0
2024-06-16,19133.0,373481.0,0.0,76.0,63.0,69.5,6,1,6,168,0,20954.0,18298.0,18838.0,20119.428571428572,20933.285714285714,0.0,4.5,74.5
2024-06-17,24727.0,450073.0,0.0,84.0,66.0,75.0,0,0,6,169,0,19133.0,19032.0,22808.0,20238.714285714286,20954.35714285714,0.0,10.0,69.5
2024-06-18,26874.0,521270.0,0.0,86.0,73.0,79.5,1,0,6,170,0,24727.0,18690.0,22721.0,21052.285714285714,21091.428571428572,0.0,14.5,75.0
2024-06-19,27013.0,541866.0,0.0,89.0,73.0,81.0,2,0,6,171,1,26874.0,18882.0,23096.0,22221.428571428572,21388.071428571428,0.0,16.0,79.5
2024-06-20,28191.0,556523.0,0.0,94.0,74.0,84.0,3,0,6,172,0,27013.0,22451.0,22664.0,23383.0,21667.85714285714,0.0,19.0,81.0
2024-06-21,28245.0,572409.0,0.0,97.0,75.0,86.0,4,0,6,173,0,28191.0,22529.0,22315.0,24203.0,22062.64285714286,0.0,21.0,84.0
2024-06-22,26489.0,539747.0,0.19,94.0,72.0,83.0,5,1,6,174,0,28245.0,20954.0,19788.0,25019.571428571428,22486.214285714286,0.0,18.0,86.0
2024-06-23,25767.0,528947.0,0.0,95.0,70.0,82.5,6,1,6,175,0,26489.0,19133.0,18298.0,25810.285714285714,22964.85714285714,0.0,17.5,83.0
2024-06-24,25230.0,506199.0,0.0,81.0,72.0,76.5,0,0,6,176,0,25767.0,24727.0,19032.0,26758.0,23498.35714285714,0.0,11.5,82.5
2024-06-25,25251.0,475363.0,0.0,91.0,70.0,80.5,1,0,6,177,0,25230.0,26874.0,18690.0,26829.85714285714,23941.071428571428,0.0,15.5,76.5
2024-06-26,26624.0,524775.0,0.2,93.0,70.0,81.5,2,0,6,178,0,25251.0,27013.0,18882.0,26598.0,24409.714285714286,0.0,16.5,80.5
2024-06-27,25212.0,485620.0,0.24,86.0,69.0,77.5,3,0,6,179,0,26624.0,28191.0,22451.0,26542.428571428572,24962.714285714286,0.0,12.5,81.5
2024-06-28,22366.0,423937.0,0.0,78.0,64.0,71.0,4,0,6,180,0,25212.0,28245.0,22529.0,26116.85714285714,25159.928571428572,0.0,6.0,77.5
2024-06-29,20474.0,421392.0,0.05,81.0,67.0,74.0,5,1,6,181,0,22366.0,26489.0,20954.0,25277.0,25148.285714285714,0.0,9.0,71.0
2024-06-30,21492.0,461549.0,0.12,88.0,69.0,78.5,6,1,6,182,0,20474.0,25767.0,19133.0,24417.714285714286,25114.0,0.0,13.5,74.0
2024-07-01,21396.0,430563.0,0.0,79.0,65.0,72.0,0,0,7,183,0,21492.0,25230.0,24727.0,23807.0,25282.5,0.0,7.0,78.5
2024-07-02,22524.0,438530.0,0.0,83.0,67.0,75.0,1,0,7,184,0,21396.0,25251.0,26874.0,23259.285714285714,25044.571428571428,0.0,10.0,72.0
2024-07-03,23267.0,461900.0,0.0,83.0,68.0,75.5,2,0,7,185,0,22524.0,26624.0,27013.0,22869.714285714286,24733.85714285714,0.0,10.5,75.0
2024-07-04,23314.0,465912.0,0.03,86.0,71.0,78.5,3,0,7,186,1,23267.0,25212.0,28191.0,22390.14285714286,24466.285714285714,0.0,13.5,75.5
2024-07-05,27155.0,522328.0,0.11,90.0,74.0,82.0,4,0,7,187,0,23314.0,22366.0,28245.0,22119.0,24117.928571428572,0.0,17.0,78.5
2024-07-06,25796.0,524209.0,0.12,92.0,72.0,82.0,5,1,7,188,0,27155.0,20474.0,26489.0,22803.14285714286,24040.071428571428,0.0,17.0,82.0
2024-07-07,26418.0,518703.0,0.0,91.0,75.0,83.0,6,1,7,189,0,25796.0,21492.0,25767.0,23563.428571428572,23990.571428571428,0.0,18.0,82.0
2024-07-08,28990.0,567376.0,0.0,92.0,74.0,83.0,0,0,7,190,0,26418.0,21396.0,25230.0,24267.14285714286,24037.071428571428,0.0,18.0,83.0
2024-07-09,28737.0,583216.0,0.0,88.0,74.0,81.0,1,0,7,191,0,28990.0,22524.0,25251.0,25352.0,24305.64285714286,0.0,16.0,83.0
2024-07-10,28944.0,600806.0,0.0,89.0,75.0,82.0,2,0,7,192,0,28737.0,23267.0,26624.0,26239.571428571428,24554.64285714286,0.0,17.0,81.0
2024-07-11,27551.0,568349.0,0.03,90.0,75.0,82.5,3,0,7,193,0,28944.0,23314.0,25212.0,27050.571428571428,24720.35714285714,0.0,17.5,82.0
2024-07-12,26083.0,536919.0,0.06,86.0,74.0,80.0,4,0,7,194,0,27551.0,27155.0,22366.0,27655.85714285714,24887.428571428572,0.0,15.0,82.5
2024-07-13,25572.0,517259.0,1.4,87.0,73.0,80.0,5,1,7,195,0,26083.0,25796.0,20474.0,27502.714285714286,25152.928571428572,0.0,15.0,80.0
2024-07-14,26100.0,514339.0,0.0,90.0,74.0,82.0,6,1,7,196,0,25572.0,26418.0,21492.0,27470.714285714286,25517.071428571428,0.0,17.0,80.0
2024-07-15,28669.0,573613.0,0.18,97.0,75.0,86.0,0,0,7,197,0,26100.0,28990.0,21396.0,27425.285714285714,25846.214285714286,0.0,21.0,82.0
2024-07-16,28665.0,592767.0,0.0,97.0,76.0,86.5,1,0,7,198,0,28669.0,28737.0,22524.0,27379.428571428572,26365.714285714286,0.0,21.5,86.0
2024-07-17,27596.0,579049.0,1.37,89.0,73.0,81.0,2,0,7,199,0,28665.0,28944.0,23267.0,27369.14285714286,26804.35714285714,0.0,16.0,86.5
2024-07-18,26807.0,534839.0,0.0,86.0,74.0,80.0,3,0,7,200,0,27596.0,27551.0,23314.0,27176.571428571428,27113.571428571428,0.0,15.0,81.0
2024-07-19,24197.0,480201.0,0.0,85.0,69.0,77.0,4,0,7,201,0,26807.0,26083.0,27155.0,27070.285714285714,27363.071428571428,0.0,12.0,80.0
2024-07-20,23156.0,457829.0,0.0,86.0,72.0,79.0,5,1,7,202,0,24197.0,25572.0,25796.0,26800.85714285714,27151.785714285714,0.0,14.0,77.0
2024-07-21,24295.0,475025.0,0.0,87.0,76.0,81.5,6,1,7,203,0,23156.0,26100.0,26418.0,26455.714285714286,26963.214285714286,0.0,16.5,79.0
2024-07-22,25709.0,523157.0,0.14,84.0,71.0,77.5,0,0,7,204,0,24295.0,28669.0,28990.0,26197.85714285714,26811.571428571428,0.0,12.5,81.5
2024-07-23,24925.0,519284.0,0.2,79.0,70.0,74.5,1,0,7,205,0,25709.0,28665.0,28737.0,25775.0,26577.214285714286,0.0,9.5,77.5
2024-07-24,25517.0,520200.0,0.0,79.0,71.0,75.0,2,0,7,206,0,24925.0,27596.0,28944.0,25240.714285714286,26304.928571428572,0.0,10.0,74.5
2024-07-25,24692.0,512939.0,0.0,85.0,74.0,79.5,3,0,7,207,0,25517.0,26807.0,27551.0,24943.714285714286,26060.14285714286,0.0,14.5,75.0
2024-07-26,23104.0,462078.0,0.0,82.0,68.0,75.0,4,0,7,208,0,24692.0,24197.0,26083.0,24641.571428571428,25855.928571428572,0.0,10.0,79.5
2024-07-27,22604.0,447138.0,0.0,85.0,70.0,77.5,5,1,7,209,0,23104.0,23156.0,25572.0,24485.428571428572,25643.14285714286,0.0,12.5,75.0
2024-07-28,23100.0,452687.0,0.0,86.0,73.0,79.5,6,1,7,210,0,22604.0,24295.0,26100.0,24406.571428571428,25431.14285714286,0.0,14.5,77.5
2024-07-29,25627.0,504004.0,0.09,84.0,69.0,76.5,0,0,7,211,0,23100.0,25709.0,28669.0,24235.85714285714,25216.85714285714,0.0,11.5,79.5
2024-07-30,27588.0,543191.0,0.0,86.0,74.0,80.0,1,0,7,212,0,25627.0,24925.0,28665.0,24224.14285714286,24999.571428571428,0.0,15.0,76.5
2024-07-31,27566.0,563172.0,0.1,96.0,76.0,86.0,2,0,7,213,0,27588.0,25517.0,27596.0,24604.571428571428,24922.64285714286,0.0,21.0,80.0
2024-08-01,28444.0,572306.0,0.0,95.0,77.0,86.0,3,0,8,214,0,27566.0,24692.0,26807.0,24897.285714285714,24920.5,0.0,21.0,86.0
2024-08-02,28080.0,590871.0,0.73,94.0,75.0,84.5,4,0,8,215,0,28444.0,23104.0,24197.0,25433.285714285714,25037.428571428572,0.0,19.5,86.0
2024-08-03,25934.0,542607.0,1.05,92.0,74.0,83.0,5,1,8,216,0,28080.0,22604.0,23156.0,26144.14285714286,25314.785714285714,0.0,18.0,84.5
2024-08-04,24293.0,504539.0,0.17,84.0,73.0,78.5,6,1,8,217,0,25934.0,23100.0,24295.0,26619.85714285714,25513.214285714286,0.0,13.5,83.0
2024-08-05,27529.0,534014.0,0.0,91.0,75.0,83.0,0,0,8,218,0,24293.0,25627.0,25709.0,26790.285714285714,25513.071428571428,0.0,18.0,78.5
2024-08-06,26330.0,552127.0,2.05,91.0,72.0,81.5,1,0,8,219,0,27529.0,27588.0,24925.0,27062.0,25643.071428571428,0.0,16.5,83.0
2024-08-07,23520.0,462991.0,0.12,73.0,65.0,69.0,2,0,8,220,0,26330.0,27566.0,25517.0,26882.285714285714,25743.428571428572,0.0,4.0,81.5
2024-08-08,20585.0,435680.0,0.27,70.0,65.0,67.5,3,0,8,221,0,23520.0,28444.0,24692.0,26304.285714285714,25600.785714285714,0.0,2.5,69.0
2024-08-09,23954.0,486763.0,0.04,84.0,70.0,77.0,4,0,8,222,0,20585.0,28080.0,23104.0,25181.571428571428,25307.428571428572,0.0,12.0,67.5
2024-08-10,23025.0,465023.0,0.0,87.0,75.0,81.0,5,1,8,223,0,23954.0,25934.0,22604.0,24592.14285714286,25368.14285714286,0.0,16.0,77.0
2024-08-11,21806.0,428079.0,0.0,82.0,72.0,77.0,6,1,8,224,0,23025.0,24293.0,23100.0,24176.571428571428,25398.214285714286,0.0,12.0,81.0
2024-08-12,20737.0,437166.0,0.01,82.0,70.0,76.0,0,0,8,225,0,21806.0,27529.0,25627.0,23821.285714285714,25305.785714285714,0.0,11.0,77.0
2024-08-13,22116.0,431102.0,0.0,81.0,66.0,73.5,1,0,8,226,0,20737.0,26330.0,27588.0,22851.0,24956.5,0.0,8.5,76.0
2024-08-14,23665.0,460486.0,0.0,85.0,70.0,77.5,2,0,8,227,0,22116.0,23520.0,27566.0,22249.0,24565.64285714286,0.0,12.5,73.5
2024-08-15,24620.0,476749.0,0.0,88.0,71.0,79.5,3,0,8,228,0,23665.0,20585.0,28444.0,22269.714285714286,24287.0,0.0,14.5,77.5
2024-08-16,24926.0,493183.0,0.0,85.0,73.0,79.0,4,0,8,229,0,24620.0,23954.0,28080.0,22846.14285714286,24013.85714285714,0.0,14.0,79.5
2024-08-17,23678.0,473158.0,0.05,81.0,70.0,75.5,5,1,8,230,0,24926.0,23025.0,25934.0,22985.0,23788.571428571428,0.0,10.5,79.0
2024-08-18,22171.0,451651.0,2.96,83.0,70.0,76.5,6,1,8,231,0,23678.0,21806.0,24293.0,23078.285714285714,23627.428571428572,0.0,11.5,75.5
2024-08-19,23341.0,479240.0,0.11,86.0,70.0,78.0,0,0,8,232,0,22171.0,20737.0,27529.0,23130.428571428572,23475.85714285714,0.0,13.0,76.5
2024-08-20,21993.0,416752.0,0.0,73.0,63.0,68.0,1,0,8,233,0,23341.0,22116.0,26330.0,23502.428571428572,23176.714285714286,0.0,3.0,78.0
2024-08-21,18318.0,382526.0,0.0,75.0,59.0,67.0,2,0,8,234,0,21993.0,23665.0,23520.0,23484.85714285714,22866.928571428572,0.0,2.0,68.0
2024-08-22,18931.0,386019.0,0.0,77.0,62.0,69.5,3,0,8,235,0,18318.0,24620.0,20585.0,22721.0,22495.35714285714,0.0,4.5,67.0
2024-08-23,20422.0,402751.0,0.0,82.0,66.0,74.0,4,0,8,236,0,18931.0,24926.0,23954.0,21908.285714285714,22377.214285714286,0.0,9.0,69.5
2024-08-24,20581.0,403397.0,0.0,85.0,69.0,77.0,5,1,8,237,0,20422.0,23678.0,23025.0,21264.85714285714,22124.928571428572,0.0,12.0,74.0
2024-08-25,21900.0,419004.0,0.0,87.0,71.0,79.0,6,1,8,238,0,20581.0,22171.0,21806.0,20822.428571428572,21950.35714285714,0.0,14.0,77.0
2024-08-26,24275.0,469692.0,0.0,86.0,71.0,78.5,0,0,8,239,0,21900.0,23341.0,20737.0,20783.714285714286,21957.071428571428,0.0,13.5,79.0
2024-08-27,25257.0,481889.0,0.0,87.0,69.0,78.0,1,0,8,240,0,24275.0,21993.0,22116.0,20917.14285714286,22209.785714285714,0.0,13.0,78.5
2024-08-28,27757.0,530680.0,0.0,94.0,75.0,84.5,2,0,8,241,0,25257.0,18318.0,23665.0,21383.428571428572,22434.14285714286,0.0,19.5,78.0
2024-08-29,26573.0,498108.0,0.0,81.0,70.0,75.5,3,0,8,242,0,27757.0,18931.0,24620.0,22731.85714285714,22726.428571428572,0.0,10.5,84.5
2024-08-30,21115.0,440829.0,0.26,75.0,64.0,69.5,4,0,8,243,0,26573.0,20422.0,24926.0,23823.571428571428,22865.928571428572,0.0,4.5,75.5
2024-08-31,20452.0,427832.0,0.0,81.0,69.0,75.0,5,1,8,244,0,21115.0,20581.0,23678.0,23922.571428571428,22593.714285714286,0.0,10.0,69.5
2024-09-01,21424.0,433778.0,0.0,83.0,74.0,78.5,6,1,9,245,0,20452.0,21900.0,22171.0,23904.14285714286,22363.285714285714,0.0,13.5,75.0
2024-09-02,21180.0,408328.0,0.0,79.0,64.0,71.5,0,0,9,246,1,21424.0,24275.0,23341.0,23836.14285714286,22309.928571428572,0.0,6.5,78.5
2024-09-03,18901.0,382266.0,0.0,75.0,59.0,67.0,1,0,9,247,0,21180.0,25257.0,21993.0,23394.0,22155.571428571428,0.0,2.0,71.5
2024-09-04,19721.0,390173.0,0.0,77.0,63.0,70.0,2,0,9,248,0,18901.0,27757.0,18318.0,22486.0,21934.714285714286,0.0,5.0,67.0
2024-09-05,20241.0,399564.0,0.0,75.0,63.0,69.0,3,0,9,249,0,19721.0,26573.0,18931.0,21338.0,22034.928571428572,0.0,4.0,70.0
2024-09-06,20382.0,412811.0,0.0,77.0,63.0,70.0,4,0,9,250,0,20241.0,21115.0,20422.0,20433.428571428572,22128.5,0.0,5.0,69.0
2024-09-07,20118.0,400026.0,0.32,77.0,62.0,69.5,5,1,9,251,0,20382.0,20452.0,20581.0,20328.714285714286,22125.64285714286,0.0,4.5,70.0
2024-09-08,17215.0,340843.0,0.0,71.0,57.0,64.0,6,1,9,252,0,20118.0,21424.0,21900.0,20281.0,22092.571428571428,1.0,0.0,69.5
2024-09-09,18477.0,371615.0,0.0,77.0,60.0,68.5,0,0,9,253,0,17215.0,21180.0,24275.0,19679.714285714286,21757.928571428572,0.0,3.5,64.0
2024-09-10,19491.0,385379.0,0.0,79.0,65.0,72.0,1,0,9,254,0,18477.0,18901.0,25257.0,19293.571428571428,21343.785714285714,0.0,7.0,68.5
2024-09-11,19533.0,389303.0,0.0,77.0,63.0,70.0,2,0,9,255,0,19491.0,19721.0,27757.0,19377.85714285714,20931.928571428572,0.0,5.0,72.0
2024-09-12,20663.0,404187.0,0.0,81.0,65.0,73.0,3,0,9,256,0,19533.0,20241.0,26573.0,19351.0,20344.5,0.0,8.0,70.0
2024-09-13,21264.0,419252.0,0.0,82.0,65.0,73.5,4,0,9,257,0,20663.0,20382.0,21115.0,19411.285714285714,19922.35714285714,0.0,8.5,73.0
2024-09-14,20961.0,411722.0,0.0,82.0,68.0,75.0,5,1,9,258,0,21264.0,20118.0,20452.0,19537.285714285714,19933.0,0.0,10.0,73.5
2024-09-15,20572.0,407763.0,0.0,78.0,65.0,71.5,6,1,9,259,0,20961.0,17215.0,21424.0,19657.714285714286,19969.35714285714,0.0,6.5,75.0
2024-09-16,20811.0,414430.0,0.0,76.0,63.0,69.5,0,0,9,260,0,20572.0,18477.0,21180.0,20137.285714285714,19908.5,0.0,4.5,71.5
2024-09-17,21216.0,420864.0,0.0,77.0,66.0,71.5,1,0,9,261,0,20811.0,19491.0,18901.0,20470.714285714286,19882.14285714286,0.0,6.5,69.5
2024-09-18,20920.0,422705.0,0.0,75.0,67.0,71.0,2,0,9,262,0,21216.0,19533.0,19721.0,20717.14285714286,20047.5,0.0,6.0,71.5
2024-09-19,22086.0,428126.0,0.0,85.0,68.0,76.5,3,0,9,263,0,20920.0,20663.0,20241.0,20915.285714285714,20133.14285714286,0.0,11.5,71.0
2024-09-20,21825.0,434485.0,0.0,80.0,66.0,73.0,4,0,9,264,0,22086.0,21264.0,20382.0,21118.571428571428,20264.928571428572,0.0,8.0,76.5
2024-09-21,20471.0,394139.0,0.0,77.0,64.0,70.5,5,1,9,265,0,21825.0,20961.0,20118.0,21198.714285714286,20368.0,0.0,5.5,73.0
2024-09-22,18866.0,372679.0,0.0,74.0,61.0,67.5,6,1,9,266,0,20471.0,20572.0,17215.0,21128.714285714286,20393.214285714286,0.0,2.5,70.5
2024-09-23,18936.0,392853.0,0.01,68.0,60.0,64.0,0,0,9,267,0,18866.0,20811.0,18477.0,20885.0,20511.14285714286,1.0,0.0,67.5
2024-09-24,18150.0,377900.0,0.0,68.0,60.0,64.0,1,0,9,268,0,18936.0,21216.0,19491.0,20617.14285714286,20543.928571428572,1.0,0.0,64.0
2024-09-25,18054.0,383063.0,0.0,69.0,62.0,65.5,2,0,9,269,0,18150.0,20920.0,19533.0,20179.14285714286,20448.14285714286,0.0,0.5,64.0
2024-09-26,19430.0,400300.0,0.05,75.0,64.0,69.5,3,0,9,270,0,18054.0,22086.0,20663.0,19769.714285714286,20342.5,0.0,4.5,65.5
2024-09-27,19426.0,397462.0,0.03,73.0,65.0,69.0,4,0,9,271,0,19430.0,21825.0,21264.0,19390.285714285714,20254.428571428572,0.0,4.0,69.5
2024-09-28,18533.0,372452.0,0.19,68.0,61.0,64.5,5,1,9,272,0,19426.0,20471.0,20961.0,19047.571428571428,20123.14285714286,0.5,0.0,69.0
2024-09-29,17293.0,360972.0,0.73,64.0,61.0,62.5,6,1,9,273,0,18533.0,18866.0,20572.0,18770.714285714286,19949.714285714286,2.5,0.0,64.5
2024-09-30,18607.0,377422.0,0.0,71.0,61.0,66.0,0,0,9,274,0,17293.0,18936.0,20811.0,18546.0,19715.5,0.0,1.0,62.5
2024-10-01,18599.0,379268.0,0.0,69.0,61.0,65.0,1,0,10,275,0,18607.0,18150.0,21216.0,18499.0,19558.071428571428,0.0,0.0,66.0
2024-10-02,18316.0,376336.0,0.0,68.0,58.0,63.0,2,0,10,276,0,18599.0,18054.0,20920.0,18563.14285714286,19371.14285714286,2.0,0.0,65.0
2024-10-03,17957.0,368185.0,0.0,71.0,63.0,67.0,3,0,10,277,0,18316.0,19430.0,22086.0,18600.571428571428,19185.14285714286,0.0,2.0,63.0
2024-10-04,18005.0,371012.0,0.0,74.0,61.0,67.5,4,0,10,278,0,17957.0,19426.0,21825.0,18390.14285714286,18890.214285714286,0.0,2.5,67.0
2024-10-05,17762.0,350158.0,0.0,74.0,63.0,68.5,5,1,10,279,0,18005.0,18533.0,20471.0,18187.14285714286,18617.35714285714,0.0,3.5,67.5
2024-10-06,17100.0,335698.0,0.0,72.0,57.0,64.5,6,1,10,280,0,17762.0,17293.0,18866.0,18077.0,18423.85714285714,0.5,0.0,68.5
2024-10-07,17873.0,374085.0,0.01,75.0,60.0,67.5,0,0,10,281,0,17100.0,18607.0,18936.0,18049.428571428572,18297.714285714286,0.0,2.5,64.5
2024-10-08,17825.0,359283.0,0.0,70.0,55.0,62.5,1,0,10,282,0,17873.0,18599.0,18150.0,17944.571428571428,18221.785714285714,2.5,0.0,67.5
2024-10-09,17540.0,327877.0,0.0,70.0,55.0,62.5,2,0,10,283,0,17825.0,18316.0,18054.0,17834.0,18198.571428571428,2.5,0.0,62.5
2024-10-10,17518.0,360368.0,0.0,63.0,50.0,56.5,3,0,10,284,0,17540.0,17957.0,19430.0,17723.14285714286,18161.85714285714,8.5,0.0,62.5
2024-10-11,17291.0,356240.0,0.0,71.0,49.0,60.0,4,0,10,285,0,17518.0,18005.0,19426.0,17660.428571428572,18025.285714285714,5.0,0.0,56.5
2024-10-12,16975.0,330779.0,0.0,74.0,60.0,67.0,5,1,10,286,0,17291.0,17762.0,18533.0,17558.428571428572,17872.785714285714,0.0,2.0,60.0
2024-10-13,16914.0,346913.0,0.0,69.0,57.0,63.0,6,1,10,287,0,16975.0,17100.0,17293.0,17446.0,17761.5,2.0,0.0,67.0
2024-10-14,17889.0,371079.0,0.0,67.0,49.0,58.0,0,0,10,288,1,16914.0,17873.0,18607.0,17419.428571428572,17734.428571428572,7.0,0.0,63.0
2024-10-15,17830.0,369235.0,0.0,59.0,46.0,52.5,1,0,10,289,0,17889.0,17825.0,18599.0,17421.714285714286,17683.14285714286,12.5,0.0,58.0
2024-10-16,17896.0,371595.0,0.0,59.0,45.0,52.0,2,0,10,290,0,17830.0,17540.0,18316.0,17422.428571428572,17628.214285714286,13.0,0.0,52.5
2024-10-17,17773.0,366448.0,0.0,59.0,45.0,52.0,3,0,10,291,0,17896.0,17518.0,17957.0,17473.285714285714,17598.214285714286,13.0,0.0,52.0
2024-10-18,17641.0,361958.0,0.0,67.0,51.0,59.0,4,0,10,292,0,17773.0,17291.0,18005.0,17509.714285714286,17585.071428571428,6.0,0.0,52.0
2024-10-19,16924.0,337779.0,0.0,72.0,53.0,62.5,5,1,10,293,0,17641.0,16975.0,17762.0,17559.714285714286,17559.071428571428,2.5,0.0,59.0
2024-10-20,16407.0,329758.0,0.0,76.0,53.0,64.5,6,1,10,294,0,16924.0,16914.0,17100.0,17552.428571428572,17499.214285714286,0.5,0.0,62.5
2024-10-21,18043.0,359303.0,0.0,81.0,55.0,68.0,0,0,10,295,0,16407.0,17889.0,17873.0,17480.0,17449.714285714286,0.0,3.0,64.5
2024-10-22,18567.0,371485.0,0.0,82.0,62.0,72.0,1,0,10,296,0,18043.0,17830.0,17825.0,17502.0,17461.85714285714,0.0,7.0,68.0
2024-10-23,18478.0,376057.0,0.0,76.0,59.0,67.5,2,0,10,297,0,18567.0,17896.0,17540.0,17607.285714285714,17514.85714285714,0.0,2.5,72.0
2024-10-24,18205.0,368842.0,0.0,70.0,54.0,62.0,3,0,10,298,0,18478.0,17773.0,17518.0,17690.428571428572,17581.85714285714,3.0,0.0,67.5
2024-10-25,17437.0,362396.0,0.0,65.0,48.0,56.5,4,0,10,299,0,18205.0,17641.0,17291.0,17752.14285714286,17630.928571428572,8.5,0.0,62.0
2024-10-26,16935.0,339281.0,0.0,65.0,53.0,59.0,5,1,10,300,0,17437.0,16924.0,16975.0,17723.0,17641.35714285714,6.0,0.0,56.5
2024-10-27,16735.0,339453.0,0.0,59.0,48.0,53.5,6,1,10,301,0,16935.0,16407.0,16914.0,17724.571428571428,17638.5,11.5,0.0,59.0
2024-10-28,17952.0,365512.0,0.0,61.0,49.0,55.0,0,0,10,302,0,16735.0,18043.0,17889.0,17771.428571428572,17625.714285714286,10.0,0.0,53.5
2024-10-29,18046.0,381628.0,0.0,64.0,51.0,57.5,1,0,10,303,0,17952.0,18567.0,17830.0,17758.428571428572,17630.214285714286,7.5,0.0,55.0
2024-10-30,18119.0,369382.0,0.0,78.0,59.0,68.5,2,0,10,304,0,18046.0,18478.0,17896.0,17684.0,17645.64285714286,0.0,3.5,57.5
2024-10-31,18228.0,374841.0,0.0,83.0,61.0,72.0,3,0,10,305,0,18119.0,18205.0,17773.0,17632.714285714286,17661.571428571428,0.0,7.0,68.5
2024-11-01,17929.0,383815.0,0.0,81.0,59.0,70.0,4,0,11,306,0,18228.0,17437.0,17641.0,17636.0,17694.071428571428,0.0,5.0,72.0
2024-11-02,17388.0,346783.0,0.0,61.0,48.0,54.5,5,1,11,307,0,17929.0,16935.0,16924.0,17706.285714285714,17714.64285714286,10.5,0.0,70.0
2024-11-03,17183.0,340392.0,0.0,55.0,41.0,48.0,6,1,11,308,0,17388.0,16735.0,16407.0,17771.0,17747.785714285714,17.0,0.0,54.5
2024-11-04,18559.0,381376.0,0.0,59.0,46.0,52.5,0,0,11,309,0,17183.0,17952.0,18043.0,17835.0,17803.214285714286,12.5,0.0,48.0
2024-11-05,18397.0,372469.0,0.0,74.0,54.0,64.0,1,0,11,310,0,18559.0,18046.0,18567.0,17921.714285714286,17840.071428571428,1.0,0.0,52.5
2024-11-06,18995.0,383753.0,0.0,81.0,65.0,73.0,2,0,11,311,0,18397.0,18119.0,18478.0,17971.85714285714,17827.928571428572,0.0,8.0,64.0
2024-11-07,18636.0,381668.0,0.0,75.0,56.0,65.5,3,0,11,312,0,18995.0,18228.0,18205.0,18097.0,17864.85714285714,0.0,0.5,73.0
2024-11-08,18087.0,369077.0,0.0,70.0,52.0,61.0,4,0,11,313,0,18636.0,17929.0,17437.0,18155.285714285714,17895.64285714286,4.0,0.0,65.5
2024-11-09,17544.0,345841.0,0.0,55.0,45.0,50.0,5,1,11,314,0,18087.0,17388.0,16935.0,18177.85714285714,17942.071428571428,15.0,0.0,61.0
2024-11-10,17159.0,357138.0,0.07,59.0,45.0,52.0,6,1,11,315,0,17544.0,17183.0,16735.0,18200.14285714286,17985.571428571428,13.0,0.0,50.0
2024-11-11,18407.0,369834.0,0.09,69.0,56.0,62.5,0,0,11,316,1,17159.0,18559.0,17952.0,18196.714285714286,18015.85714285714,2.5,0.0,52.0
2024-11-12,18827.0,373065.0,0.0,62.0,42.0,52.0,1,0,11,317,0,18407.0,18397.0,18046.0,18175.0,18048.35714285714,13.0,0.0,62.5
2024-11-13,19121.0,385608.0,0.0,51.0,37.0,44.0,2,0,11,318,0,18827.0,18995.0,18119.0,18236.428571428572,18104.14285714286,21.0,0.0,52.0
2024-11-14,19337.0,400548.0,0.0,47.0,39.0,43.0,3,0,11,319,0,19121.0,18636.0,18228.0,18254.428571428572,18175.714285714286,22.0,0.0,44.0
2024-11-15,19115.0,390853.0,0.0,59.0,44.0,51.5,4,0,11,320,0,19337.0,18087.0,17929.0,18354.571428571428,18254.928571428572,13.5,0.0,43.0
2024-11-16,18107.0,359472.0,0.0,63.0,47.0,55.0,5,1,11,321,0,19115.0,17544.0,17388.0,18501.428571428572,18339.64285714286,10.0,0.0,51.5
2024-11-17,17330.0,353622.0,0.0,63.0,47.0,55.0,6,1,11,322,0,18107.0,17159.0,17183.0,18581.85714285714,18391.0,10.0,0.0,55.0
2024-11-18,18347.0,368508.0,0.0,66.0,51.0,58.5,0,0,11,323,0,17330.0,18407.0,18559.0,18606.285714285714,18401.5,6.5,0.0,55.0
2024-11-19,18454.0,375873.0,0.0,62.0,48.0,55.0,1,0,11,324,0,18347.0,18827.0,18397.0,18597.714285714286,18386.35714285714,10.0,0.0,58.5
2024-11-20,18338.0,379527.0,0.0,59.0,53.0,56.0,2,0,11,325,0,18454.0,19121.0,18995.0,18544.428571428572,18390.428571428572,9.0,0.0,55.0
2024-11-21,19021.0,389734.0,1.28,54.0,38.0,46.0,3,0,11,326,0,18338.0,19337.0,18636.0,18432.571428571428,18343.5,19.0,0.0,56.0
2024-11-22,19239.0,406172.0,0.52,41.0,38.0,39.5,4,0,11,327,0,19021.0,19115.0,18087.0,18387.428571428572,18371.0,25.5,0.0,46.0
2024-11-23,18887.0,380347.0,0.0,51.0,39.0,45.0,5,1,11,328,0,19239.0,18107.0,17544.0,18405.14285714286,18453.285714285714,20.0,0.0,39.5
2024-11-24,18052.0,367433.0,0.0,54.0,47.0,50.5,6,1,11,329,0,18887.0,17330.0,17159.0,18516.571428571428,18549.214285714286,14.5,0.0,45.0
2024-11-25,18926.0,383283.0,0.0,56.0,43.0,49.5,0,0,11,330,0,18052.0,18347.0,18407.0,18619.714285714286,18613.0,15.5,0.0,50.5
2024-11-26,18877.0,395649.0,0.25,58.0,48.0,53.0,1,0,11,331,0,18926.0,18454.0,18827.0,18702.428571428572,18650.071428571428,12.0,0.0,49.5
2024-11-27,18824.0,389067.0,0.0,53.0,45.0,49.0,2,0,11,332,0,18877.0,18338.0,19121.0,18762.85714285714,18653.64285714286,16.0,0.0,53.0
2024-11-28,18583.0,388959.0,0.79,51.0,44.0,47.5,3,0,11,333,1,18824.0,19021.0,19337.0,18832.285714285714,18632.428571428572,17.5,0.0,49.0
2024-11-29,18747.0,378151.0,0.0,47.0,36.0,41.5,4,0,11,334,0,18583.0,19239.0,19115.0,18769.714285714286,18578.571428571428,23.5,0.0,47.5
2024-11-30,19126.0,394825.0,0.0,41.0,32.0,36.5,5,1,11,335,0,18747.0,18887.0,18107.0,18699.428571428572,18552.285714285714,28.5,0.0,41.5
2024-12-01,20031.0,409319.0,0.0,39.0,29.0,34.0,6,1,12,336,0,19126.0,18052.0,17330.0,18733.571428571428,18625.071428571428,31.0,0.0,36.5
2024-12-02,21073.0,435467.0,0.0,41.0,31.0,36.0,0,0,12,337,0,20031.0,18926.0,18347.0,19016.285714285714,18818.0,29.0,0.0,34.0
2024-12-03,20946.0,440680.0,0.0,43.0,34.0,38.5,1,0,12,338,0,21073.0,18877.0,18454.0,19323.0,19012.714285714286,26.5,0.0,36.0
2024-12-04,21319.0,448310.0,0.02,42.0,33.0,37.5,2,0,12,339,0,20946.0,18824.0,18338.0,19618.571428571428,19190.714285714286,27.5,0.0,38.5
2024-12-05,21576.0,442575.0,0.11,50.0,33.0,41.5,3,0,12,340,0,21319.0,18583.0,19021.0,19975.0,19403.64285714286,23.5,0.0,37.5
2024-12-06,21623.0,452595.0,0.0,36.0,31.0,33.5,4,0,12,341,0,21576.0,18747.0,19239.0,20402.571428571428,19586.14285714286,31.5,0.0,41.5
2024-12-07,21410.0,433546.0,0.0,42.0,33.0,37.5,5,1,12,342,0,21623.0,19126.0,18887.0,20813.428571428572,19756.428571428572,27.5,0.0,33.5
2024-12-08,19804.0,408318.0,0.0,55.0,39.0,47.0,6,1,12,343,0,21410.0,20031.0,18052.0,21139.714285714286,19936.64285714286,18.0,0.0,37.5
2024-12-09,20167.0,422340.0,0.16,52.0,40.0,46.0,0,0,12,344,0,19804.0,21073.0,18926.0,21107.285714285714,20061.785714285714,19.0,0.0,47.0
2024-12-10,19882.0,416205.0,0.3,50.0,45.0,47.5,1,0,12,345,0,20167.0,20946.0,18877.0,20977.85714285714,20150.428571428572,17.5,0.0,46.0
2024-12-11,19630.0,413297.0,1.09,60.0,43.0,51.5,2,0,12,346,0,19882.0,21319.0,18824.0,20825.85714285714,20222.214285714286,13.5,0.0,47.5
2024-12-12,21488.0,421079.0,0.0,43.0,30.0,36.5,3,0,12,347,0,19630.0,21576.0,18583.0,20584.571428571428,20279.785714285714,28.5,0.0,51.5
2024-12-13,21639.0,452451.0,0.0,34.0,28.0,31.0,4,0,12,348,0,21488.0,21623.0,18747.0,20572.0,20487.285714285714,34.0,0.0,36.5
2024-12-14,21381.0,437883.0,0.0,35.0,27.0,31.0,5,1,12,349,0,21639.0,21410.0,19126.0,20574.285714285714,20693.85714285714,34.0,0.0,31.0
2024-12-15,20527.0,436655.0,0.05,43.0,29.0,36.0,6,1,12,350,0,21381.0,19804.0,20031.0,20570.14285714286,20854.928571428572,29.0,0.0,31.0
2024-12-16,20651.0,436029.0,1.09,51.0,39.0,45.0,0,0,12,351,0,20527.0,20167.0,21073.0,20673.428571428572,20890.35714285714,20.0,0.0,36.0
2024-12-17,20328.0,410356.0,0.04,60.0,50.0,55.0,1,0,12,352,0,20651.0,19882.0,20946.0,20742.571428571428,20860.214285714286,10.0,0.0,45.0
2024-12-18,19947.0,411743.0,0.34,54.0,42.0,48.0,2,0,12,353,0,20328.0,19630.0,21319.0,20806.285714285714,20816.071428571428,17.0,0.0,55.0
2024-12-19,20659.0,419898.0,0.04,45.0,37.0,41.0,3,0,12,354,0,19947.0,21488.0,21576.0,20851.571428571428,20718.071428571428,24.0,0.0,48.0
2024-12-20,21340.0,448152.0,0.04,39.0,34.0,36.5,4,0,12,355,0,20659.0,21639.0,21623.0,20733.14285714286,20652.571428571428,28.5,0.0,41.0
2024-12-21,21595.0,447745.0,0.12,34.0,21.0,27.5,5,1,12,356,0,21340.0,21381.0,21410.0,20690.428571428572,20632.35714285714,37.5,0.0,36.5
2024-12-22,22577.0,472377.0,0.0,22.0,15.0,18.5,6,1,12,357,0,21595.0,20527.0,19804.0,20721.0,20645.571428571428,46.5,0.0,27.5
2024-12-23,23065.0,502482.0,0.0,31.0,12.0,21.5,0,0,12,358,0,22577.0,20651.0,20167.0,21013.85714285714,20843.64285714286,43.5,0.0,18.5
2024-12-24,22847.0,467713.0,0.06,40.0,30.0,35.0,1,0,12,359,0,23065.0,20328.0,19882.0,21358.714285714286,21050.64285714286,30.0,0.0,21.5
2024-12-25,19980.0,421974.0,0.0,36.0,28.0,32.0,2,0,12,360,1,22847.0,19947.0,19630.0,21718.571428571428,21262.428571428572,33.0,0.0,35.0
2024-12-26,21372.0,444207.0,0.0,38.0,26.0,32.0,3,0,12,361,0,19980.0,20659.0,21488.0,21723.285714285714,21287.428571428572,33.0,0.0,32.0
2024-12-27,21237.0,451972.0,0.0,43.0,28.0,35.5,4,0,12,362,0,21372.0,21340.0,21639.0,21825.14285714286,21279.14285714286,29.5,0.0,32.0
2024-12-28,20484.0,417146.0,0.56,50.0,39.0,44.5,5,1,12,363,0,21237.0,21595.0,21381.0,21810.428571428572,21250.428571428572,20.5,0.0,35.5
2024-12-29,18621.0,388481.0,0.22,60.0,45.0,52.5,6,1,12,364,0,20484.0,22577.0,20527.0,21651.714285714286,21186.35714285714,12.5,0.0,44.5
2024-12-30,19140.0,384784.0,0.42,58.0,50.0,54.0,0,0,12,365,0,18621.0,23065.0,20651.0,21086.571428571428,21050.214285714286,11.0,0.0,52.5
2024-12-31,18961.0,390869.0,0.41,53.0,44.0,48.5,1,0,12,366,0,19140.0,22847.0,20328.0,20525.85714285714,20942.285714285714,16.5,0.0,54.0
2025-01-01,18846.0,382798.0,0.0,52.0,40.0,46.0,2,0,1,1,1,18961.0,19980.0,19947.0,19970.714285714286,20844.64285714286,19.0,0.0,48.5
2025-01-02,21141.0,422368.0,0.0,44.0,35.0,39.5,3,0,1,2,0,18846.0,21372.0,20659.0,19808.714285714286,20766.0,25.5,0.0,46.0
2025-01-03,21037.0,443882.0,0.0,40.0,32.0,36.0,4,0,1,3,0,21141.0,21237.0,21340.0,19775.714285714286,20800.428571428572,29.0,0.0,39.5
2025-01-04,21116.0,442621.0,0.0,34.0,29.0,31.5,5,1,1,4,0,21037.0,20484.0,21595.0,19747.14285714286,20778.785714285714,33.5,0.0,36.0
2025-01-05,21219.0,445352.0,0.0,34.0,28.0,31.0,6,1,1,5,0,21116.0,18621.0,22577.0,19837.428571428572,20744.571428571428,34.0,0.0,31.5
2025-01-06,22685.0,470018.0,0.04,32.0,23.0,27.5,0,0,1,6,0,21219.0,19140.0,23065.0,20208.571428571428,20647.571428571428,37.5,0.0,31.0
2025-01-07,23113.0,487396.0,0.0,34.0,20.0,27.0,1,0,1,7,0,22685.0,18961.0,22847.0,20715.0,20620.428571428572,38.0,0.0,27.5
2025-01-08,23441.0,489024.0,0.0,31.0,24.0,27.5,2,0,1,8,0,23113.0,18846.0,19980.0,21308.14285714286,20639.428571428572,37.5,0.0,27.0
2025-01-09,23445.0,493735.0,0.0,34.0,24.0,29.0,3,0,1,9,0,23441.0,21141.0,21372.0,21964.571428571428,20886.64285714286,36.0,0.0,27.5
2025-01-10,22906.0,468178.0,0.0,41.0,28.0,34.5,4,0,1,10,0,23445.0,21037.0,21237.0,22293.714285714286,21034.714285714286,30.5,0.0,29.0
2025-01-11,21036.0,440689.0,0.02,36.0,29.0,32.5,5,1,1,11,0,22906.0,21116.0,20484.0,22560.714285714286,21153.928571428572,32.5,0.0,34.5
2025-01-12,20495.0,425140.0,0.0,43.0,31.0,37.0,6,1,1,12,0,21036.0,21219.0,18621.0,22549.285714285714,21193.35714285714,28.0,0.0,32.5
2025-01-13,21402.0,444442.0,0.0,44.0,34.0,39.0,0,0,1,13,0,20495.0,22685.0,19140.0,22445.85714285714,21327.214285714286,26.0,0.0,37.0
2025-01-14,22168.0,455589.0,0.0,36.0,26.0,31.0,1,0,1,14,0,21402.0,23113.0,18961.0,22262.571428571428,21488.785714285714,34.0,0.0,39.0
2025-01-15,22120.0,450949.0,0.0,33.0,24.0,28.5,2,0,1,15,0,22168.0,23441.0,18846.0,22127.571428571428,21717.85714285714,36.5,0.0,31.0
2025-01-16,22132.0,451521.0,0.0,31.0,25.0,28.0,3,0,1,16,0,22120.0,23445.0,21141.0,21938.85714285714,21951.714285714286,37.0,0.0,28.5
2025-01-17,22008.0,459445.0,0.0,44.0,27.0,35.5,4,0,1,17,0,22132.0,22906.0,21037.0,21751.285714285714,22022.5,29.5,0.0,28.0
2025-01-18,20611.0,430292.0,0.11,46.0,36.0,41.0,5,1,1,18,0,22008.0,21036.0,21116.0,21623.0,22091.85714285714,24.0,0.0,35.5
2025-01-19,20435.0,418511.0,0.18,41.0,26.0,33.5,6,1,1,19,0,20611.0,20495.0,21219.0,21562.285714285714,22055.785714285714,31.5,0.0,41.0
2025-01-20,22691.0,464047.0,0.0,28.0,18.0,23.0,0,0,1,20,1,20435.0,21402.0,22685.0,21553.714285714286,21999.785714285714,42.0,0.0,33.5
2025-01-21,23503.0,503482.0,0.0,20.0,13.0,16.5,1,0,1,21,0,22691.0,22168.0,23113.0,21737.85714285714,22000.214285714286,48.5,0.0,23.0
2025-01-22,23514.0,512817.0,0.0,21.0,13.0,17.0,2,0,1,22,0,23503.0,22120.0,23441.0,21928.571428571428,22028.071428571428,48.0,0.0,16.5
2025-01-23,23521.0,497997.0,0.0,30.0,18.0,24.0,3,0,1,23,0,23514.0,22132.0,23445.0,22127.714285714286,22033.285714285714,41.0,0.0,17.0
2025-01-24,22771.0,482917.0,0.0,34.0,25.0,29.5,4,0,1,24,0,23521.0,22008.0,22906.0,22326.14285714286,22038.714285714286,35.5,0.0,24.0
2025-01-25,21951.0,461753.0,0.0,33.0,23.0,28.0,5,1,1,25,0,22771.0,20611.0,21036.0,22435.14285714286,22029.071428571428,37.0,0.0,29.5
2025-01-26,21080.0,436427.0,0.0,44.0,32.0,38.0,6,1,1,26,0,21951.0,20435.0,20495.0,22626.571428571428,22094.428571428572,27.0,0.0,28.0
2025-01-27,21435.0,442743.0,0.0,42.0,33.0,37.5,0,0,1,27,0,21080.0,22691.0,21402.0,22718.714285714286,22136.214285714286,27.5,0.0,38.0
2025-01-28,21580.0,445720.0,0.0,42.0,33.0,37.5,1,0,1,28,0,21435.0,23503.0,22168.0,22539.285714285714,22138.571428571428,27.5,0.0,37.5
2025-01-29,21412.0,445874.0,0.0,53.0,32.0,42.5,2,0,1,29,0,21580.0,23514.0,22120.0,22264.571428571428,22096.571428571428,22.5,0.0,37.5
2025-01-30,21546.0,455299.0,0.0,38.0,26.0,32.0,3,0,1,30,0,21412.0,23521.0,22132.0,21964.285714285714,22046.0,33.0,0.0,42.5
2025-01-31,21640.0,452121.0,0.16,50.0,38.0,44.0,4,0,1,31,0,21546.0,22771.0,22008.0,21682.14285714286,22004.14285714286,21.0,0.0,32.0
2025-02-01,20298.0,419705.0,0.0,50.0,22.0,36.0,5,1,2,32,0,21640.0,21951.0,20611.0,21520.571428571428,21977.85714285714,29.0,0.0,44.0
2025-02-02,21267.0,460406.0,0.1,32.0,18.0,25.0,6,1,2,33,0,20298.0,21080.0,20435.0,21284.428571428572,21955.5,40.0,0.0,36.0
2025-02-03,21229.0,448469.0,0.0,49.0,31.0,40.0,0,0,2,34,0,21267.0,21435.0,22691.0,21311.14285714286,22014.928571428572,25.0,0.0,25.0
2025-02-04,20827.0,428484.0,0.0,50.0,31.0,40.5,1,0,2,35,0,21229.0,21580.0,23503.0,21281.714285714286,21910.5,24.5,0.0,40.0
2025-02-05,21197.0,448825.0,0.0,37.0,27.0,32.0,2,0,2,36,0,20827.0,21412.0,23514.0,21174.14285714286,21719.35714285714,33.0,0.0,40.5
2025-02-06,21460.0,469875.0,0.32,40.0,29.0,34.5,3,0,2,37,0,21197.0,21546.0,23521.0,21143.428571428572,21553.85714285714,30.5,0.0,32.0
2025-02-07,21233.0,436317.0,0.0,45.0,30.0,37.5,4,0,2,38,0,21460.0,21640.0,22771.0,21131.14285714286,21406.64285714286,27.5,0.0,34.5
2025-02-08,20980.0,438280.0,0.58,36.0,27.0,31.5,5,1,2,39,0,21233.0,20298.0,21951.0,21073.0,21296.785714285714,33.5,0.0,37.5
2025-02-09,20468.0,439009.0,0.05,36.0,31.0,33.5,6,1,2,40,0,20980.0,21267.0,21080.0,21170.428571428572,21227.428571428572,31.5,0.0,31.5
2025-02-10,20956.0,445079.0,0.0,38.0,31.0,34.5,0,0,2,41,0,20468.0,21229.0,21435.0,21056.285714285714,21183.714285714286,30.5,0.0,33.5
2025-02-11,21288.0,462077.0,0.12,36.0,27.0,31.5,1,0,2,42,0,20956.0,20827.0,21580.0,21017.285714285714,21149.5,33.5,0.0,34.5
2025-02-12,21445.0,461555.0,0.1,36.0,31.0,33.5,2,0,2,43,0,21288.0,21197.0,21412.0,21083.14285714286,21128.64285714286,31.5,0.0,31.5
2025-02-13,21526.0,452287.0,0.18,47.0,34.0,40.5,3,0,2,44,0,21445.0,21460.0,21546.0,21118.571428571428,21131.0,24.5,0.0,33.5
2025-02-14,20782.0,441546.0,0.0,37.0,30.0,33.5,4,0,2,45,0,21526.0,21233.0,21640.0,21128.0,21129.571428571428,31.5,0.0,40.5
2025-02-15,20907.0,445500.0,0.37,36.0,28.0,32.0,5,1,2,46,0,20782.0,20980.0,20298.0,21063.571428571428,21068.285714285714,33.0,0.0,33.5
2025-02-16,20545.0,433218.0,0.79,49.0,34.0,41.5,6,1,2,47,0,20907.0,20468.0,21267.0,21053.14285714286,21111.785714285714,23.5,0.0,32.0
2025-02-17,21104.0,439716.0,0.0,38.0,27.0,32.5,0,0,2,48,1,20545.0,20956.0,21229.0,21064.14285714286,21060.214285714286,32.5,0.0,41.5
2025-02-18,22190.0,471765.0,0.0,28.0,20.0,24.0,1,0,2,49,0,21104.0,21288.0,20827.0,21085.285714285714,21051.285714285714,41.0,0.0,32.5
2025-02-19,22651.0,478152.0,0.0,31.0,18.0,24.5,2,0,2,50,0,22190.0,21445.0,21197.0,21214.14285714286,21148.64285714286,40.5,0.0,24.0
2025-02-20,22120.0,474288.0,0.0,30.0,19.0,24.5,3,0,2,51,0,22651.0,21526.0,21460.0,21386.428571428572,21252.5,40.5,0.0,24.5
2025-02-21,22336.0,469523.0,0.0,35.0,22.0,28.5,4,0,2,52,0,22120.0,20782.0,21233.0,21471.285714285714,21299.64285714286,36.5,0.0,24.5
2025-02-22,21716.0,435189.0,0.0,41.0,22.0,31.5,5,1,2,53,0,22336.0,20907.0,20980.0,21693.285714285714,21378.428571428572,33.5,0.0,28.5
2025-02-23,19643.0,410932.0,0.0,47.0,35.0,41.0,6,1,2,54,0,21716.0,20545.0,20468.0,21808.85714285714,21431.0,24.0,0.0,31.5
2025-02-24,19449.0,413416.0,0.0,49.0,34.0,41.5,0,0,2,55,0,19643.0,21104.0,20956.0,21680.0,21372.071428571428,23.5,0.0,41.0
2025-02-25,19994.0,412177.0,0.0,57.0,43.0,50.0,1,0,2,56,0,19449.0,22190.0,21288.0,21443.571428571428,21264.428571428572,15.0,0.0,41.5
2025-02-26,19288.0,392412.0,0.0,57.0,43.0,50.0,2,0,2,57,0,19994.0,22651.0,21445.0,21129.85714285714,21172.0,15.0,0.0,50.0
2025-02-27,19125.0,411762.0,0.0,55.0,40.0,47.5,3,0,2,58,0,19288.0,22120.0,21526.0,20649.428571428572,21017.928571428572,17.5,0.0,50.0
2025-02-28,19354.0,396349.0,0.0,52.0,43.0,47.5,4,0,2,59,0,19125.0,22336.0,20782.0,20221.571428571428,20846.428571428572,17.5,0.0,47.5
2025-03-01,18931.0,387561.0,0.0,65.0,28.0,46.5,5,1,3,60,0,19354.0,21716.0,20907.0,19795.571428571428,20744.428571428572,18.5,0.0,47.5
2025-03-02,19721.0,411186.0,0.0,34.0,21.0,27.5,6,1,3,61,0,18931.0,19643.0,20545.0,19397.714285714286,20603.285714285714,37.5,0.0,46.5
2025-03-03,20381.0,431188.0,0.0,40.0,24.0,32.0,0,0,3,62,0,19721.0,19449.0,21104.0,19408.85714285714,20544.428571428572,33.0,0.0,27.5
2025-03-04,20652.0,428288.0,0.0,51.0,33.0,42.0,1,0,3,63,0,20381.0,19994.0,22190.0,19542.0,20492.785714285714,23.0,0.0,32.0
2025-03-05,19405.0,410531.0,1.54,55.0,42.0,48.5,2,0,3,64,0,20652.0,19288.0,22651.0,19636.0,20382.928571428572,16.5,0.0,42.0
2025-03-06,19224.0,397436.0,0.0,54.0,36.0,45.0,3,0,3,65,0,19405.0,19125.0,22120.0,19652.714285714286,20151.071428571428,20.0,0.0,48.5
2025-03-07,19630.0,408700.0,0.0,51.0,35.0,43.0,4,0,3,66,0,19224.0,19354.0,22336.0,19666.85714285714,19944.214285714286,22.0,0.0,45.0
2025-03-08,19166.0,381057.0,0.0,46.0,37.0,41.5,5,1,3,67,0,19630.0,18931.0,21716.0,19706.285714285714,19750.928571428572,23.5,0.0,43.0
2025-03-09,18561.0,383476.0,0.0,54.0,34.0,44.0,6,1,3,68,0,19166.0,19721.0,19643.0,19739.85714285714,19568.785714285714,21.0,0.0,41.5
2025-03-10,17973.0,371242.0,0.0,67.0,46.0,56.5,0,0,3,69,0,18561.0,20381.0,19449.0,19574.14285714286,19491.5,8.5,0.0,44.0
2025-03-11,17625.0,361781.0,0.0,63.0,41.0,52.0,1,0,3,70,0,17973.0,20652.0,19994.0,19230.14285714286,19386.071428571428,13.0,0.0,56.5
2025-03-12,17894.0,375676.0,0.0,54.0,42.0,48.0,2,0,3,71,0,17625.0,19405.0,19288.0,18797.714285714286,19216.85714285714,17.0,0.0,52.0
2025-03-13,18352.0,376029.0,0.0,46.0,39.0,42.5,3,0,3,72,0,17894.0,19224.0,19125.0,18581.85714285714,19117.285714285714,22.5,0.0,48.0
2025-03-14,17850.0,366889.0,0.0,55.0,40.0,47.5,4,0,3,73,0,18352.0,19630.0,19354.0,18457.285714285714,19062.071428571428,17.5,0.0,42.5
2025-03-15,16912.0,354918.0,0.0,49.0,42.0,45.5,5,1,3,74,0,17850.0,19166.0,18931.0,18203.0,18954.64285714286,19.5,0.0,47.5
2025-03-16,16572.0,352359.0,0.01,59.0,43.0,51.0,6,1,3,75,0,16912.0,18561.0,19721.0,17881.0,18810.428571428572,14.0,0.0,45.5
2025-03-17,17627.0,375013.0,0.94,58.0,39.0,48.5,0,0,3,76,0,16572.0,17973.0,20381.0,17596.85714285714,18585.5,16.5,0.0,51.0
2025-03-18,18151.0,370985.0,0.0,61.0,36.0,48.5,1,0,3,77,0,17627.0,17625.0,20652.0,17547.428571428572,18388.785714285714,16.5,0.0,48.5
2025-03-19,17315.0,356650.0,0.0,63.0,41.0,52.0,2,0,3,78,0,18151.0,17894.0,19405.0,17622.571428571428,18210.14285714286,13.0,0.0,48.5
2025-03-20,17100.0,363487.0,1.26,51.0,42.0,46.5,3,0,3,79,0,17315.0,18352.0,19224.0,17539.85714285714,18060.85714285714,18.5,0.0,52.0
2025-03-21,17497.0,359020.0,0.04,50.0,40.0,45.0,4,0,3,80,0,17100.0,17850.0,19630.0,17361.0,17909.14285714286,20.0,0.0,46.5
2025-03-22,17371.0,357028.0,0.0,63.0,40.0,51.5,5,1,3,81,0,17497.0,16912.0,19166.0,17310.571428571428,17756.785714285714,13.5,0.0,45.0
2025-03-23,16663.0,349489.0,0.0,49.0,32.0,40.5,6,1,3,82,0,17371.0,16572.0,18561.0,17376.14285714286,17628.571428571428,24.5,0.0,51.5
2025-03-24,18091.0,396393.0,0.52,51.0,39.0,45.0,0,0,3,83,0,16663.0,17627.0,17973.0,17389.14285714286,17493.0,20.0,0.0,40.5
2025-03-25,18334.0,380299.0,0.0,59.0,48.0,53.5,1,0,3,84,0,18091.0,18151.0,17625.0,17455.428571428572,17501.428571428572,11.5,0.0,45.0
2025-03-26,17869.0,380630.0,0.0,52.0,39.0,45.5,2,0,3,85,0,18334.0,17315.0,17894.0,17481.571428571428,17552.071428571428,19.5,0.0,53.5
2025-03-27,18252.0,373468.0,0.0,53.0,36.0,44.5,3,0,3,86,0,17869.0,17100.0,18352.0,17560.714285714286,17550.285714285714,20.5,0.0,45.5
2025-03-28,17753.0,377631.0,0.03,64.0,48.0,56.0,4,0,3,87,0,18252.0,17497.0,17850.0,17725.285714285714,17543.14285714286,9.0,0.0,44.5
2025-03-29,17111.0,357961.0,0.0,82.0,43.0,62.5,5,1,3,88,0,17753.0,17371.0,16912.0,17761.85714285714,17536.214285714286,2.5,0.0,56.0
2025-03-30,16600.0,359725.0,0.05,46.0,42.0,44.0,6,1,3,89,0,17111.0,16663.0,16572.0,17724.714285714286,17550.428571428572,21.0,0.0,62.5
2025-03-31,17195.0,369151.0,0.74,70.0,44.0,57.0,0,0,3,90,0,16600.0,18091.0,17627.0,17715.714285714286,17552.428571428572,8.0,0.0,44.0
2025-04-01,17411.0,355872.0,0.08,60.0,42.0,51.0,1,0,4,91,0,17195.0,18334.0,18151.0,17587.714285714286,17521.571428571428,14.0,0.0,57.0
2025-04-02,18305.0,385424.0,0.0,48.0,37.0,42.5,2,0,4,92,0,17411.0,17869.0,17315.0,17455.85714285714,17468.714285714286,22.5,0.0,51.0
2025-04-03,18552.0,382840.0,0.07,74.0,45.0,59.5,3,0,4,93,0,18305.0,18252.0,17100.0,17518.14285714286,17539.428571428572,5.5,0.0,42.5
2025-04-04,17205.0,349585.0,0.1,74.0,57.0,65.5,4,0,4,94,0,18552.0,17753.0,17497.0,17561.0,17643.14285714286,0.0,0.5,59.5
2025-04-05,16362.0,354480.0,0.3,56.0,43.0,49.5,5,1,4,95,0,17205.0,17111.0,17371.0,17482.714285714286,17622.285714285714,15.5,0.0,65.5
2025-04-06,16468.0,346923.0,0.46,56.0,43.0,49.5,6,1,4,96,0,16362.0,16600.0,16663.0,17375.714285714286,17550.214285714286,15.5,0.0,49.5
2025-04-07,17810.0,377268.0,0.16,51.0,40.0,45.5,0,0,4,97,0,16468.0,17195.0,18091.0,17356.85714285714,17536.285714285714,19.5,0.0,49.5
2025-04-08,18131.0,386603.0,0.0,46.0,37.0,41.5,1,0,4,98,0,17810.0,17411.0,18334.0,17444.714285714286,17516.214285714286,23.5,0.0,45.5
2025-04-09,18836.0,383202.0,0.0,49.0,33.0,41.0,2,0,4,99,0,18131.0,18305.0,17869.0,17547.571428571428,17501.714285714286,24.0,0.0,41.5
2025-04-10,18144.0,392209.0,0.01,50.0,41.0,45.5,3,0,4,100,0,18836.0,18552.0,18252.0,17623.428571428572,17570.785714285714,19.5,0.0,41.0
2025-04-11,18268.0,393818.0,0.44,47.0,40.0,43.5,4,0,4,101,0,18144.0,17205.0,17753.0,17565.14285714286,17563.071428571428,21.5,0.0,45.5
2025-04-12,17702.0,382023.0,0.52,41.0,37.0,39.0,5,1,4,102,0,18268.0,16362.0,17111.0,17717.0,17599.85714285714,26.0,0.0,43.5
2025-04-13,17389.0,346867.0,0.0,57.0,39.0,48.0,6,1,4,103,0,17702.0,16468.0,16600.0,17908.428571428572,17642.071428571428,17.0,0.0,39.0
2025-04-14,16215.0,352325.0,0.09,65.0,49.0,57.0,0,0,4,104,0,17389.0,17810.0,17195.0,18040.0,17698.428571428572,8.0,0.0,48.0
2025-04-15,16634.0,355772.0,0.02,70.0,48.0,59.0,1,0,4,105,0,16215.0,18131.0,17411.0,17812.14285714286,17628.428571428572,6.0,0.0,57.0
2025-04-16,17560.0,378135.0,0.0,51.0,45.0,48.0,2,0,4,106,0,16634.0,18836.0,18305.0,17598.285714285714,17572.928571428572,17.0,0.0,59.0
2025-04-17,17876.0,352341.0,0.0,64.0,44.0,54.0,3,0,4,107,0,17560.0,18144.0,18552.0,17416.0,17519.714285714286,11.0,0.0,48.0
2025-04-18,16607.0,347053.0,0.0,65.0,45.0,55.0,4,0,4,108,0,17876.0,18268.0,17205.0,17377.714285714286,17471.428571428572,10.0,0.0,54.0
2025-04-19,16077.0,337696.0,0.0,86.0,53.0,69.5,5,1,4,109,0,16607.0,17702.0,16362.0,17140.428571428572,17428.714285714286,0.0,4.5,55.0
2025-04-20,16223.0,313839.0,0.0,75.0,53.0,64.0,6,1,4,110,0,16077.0,17389.0,16468.0,16908.285714285714,17408.35714285714,1.0,0.0,69.5
2025-04-21,16795.0,353930.0,0.01,58.0,50.0,54.0,0,0,4,111,0,16223.0,16215.0,17810.0,16741.714285714286,17390.85714285714,11.0,0.0,64.0
2025-04-22,16992.0,349373.0,0.0,82.0,51.0,66.5,1,0,4,112,0,16795.0,16634.0,18131.0,16824.571428571428,17318.35714285714,0.0,1.5,54.0
2025-04-23,16954.0,341692.0,0.0,76.0,54.0,65.0,2,0,4,113,0,16992.0,17560.0,18836.0,16875.714285714286,17237.0,0.0,0.0,66.5
2025-04-24,16660.0,345966.0,0.0,75.0,53.0,64.0,3,0,4,114,0,16954.0,17876.0,18144.0,16789.14285714286,17102.571428571428,1.0,0.0,65.0
2025-04-25,16976.0,357484.0,0.0,75.0,60.0,67.5,4,0,4,115,0,16660.0,16607.0,18268.0,16615.428571428572,16996.571428571428,0.0,2.5,64.0
2025-04-26,16801.0,353162.0,0.58,74.0,54.0,64.0,5,1,4,116,0,16976.0,16077.0,17702.0,16668.14285714286,16904.285714285714,1.0,0.0,67.5
2025-04-27,16296.0,321551.0,0.0,59.0,50.0,54.5,6,1,4,117,0,16801.0,16223.0,17389.0,16771.571428571428,16839.928571428572,10.5,0.0,64.0
2025-04-28,16120.0,334953.0,0.0,76.0,54.0,65.0,0,0,4,118,0,16296.0,16795.0,16215.0,16782.0,16761.85714285714,0.0,0.0,54.5
2025-04-29,17249.0,347387.0,0.0,76.0,58.0,67.0,1,0,4,119,0,16120.0,16992.0,16634.0,16685.571428571428,16755.071428571428,0.0,2.0,65.0
2025-04-30,17372.0,347158.0,0.0,73.0,58.0,65.5,2,0,4,120,0,17249.0,16954.0,17560.0,16722.285714285714,16799.0,0.0,0.5,67.0
2025-05-01,16962.0,343921.0,0.0,70.0,52.0,61.0,3,0,5,121,0,17372.0,16660.0,17876.0,16782.0,16785.571428571428,4.0,0.0,65.5
2025-05-02,17607.0,359384.0,0.0,84.0,55.0,69.5,4,0,5,122,0,16962.0,16976.0,16607.0,16825.14285714286,16720.285714285714,0.0,4.5,61.0
2025-05-03,17702.0,360797.0,0.0,87.0,62.0,74.5,5,1,5,123,0,17607.0,16801.0,16077.0,16915.285714285714,16791.714285714286,0.0,9.5,69.5
2025-05-04,17094.0,355070.0,0.13,70.0,61.0,65.5,6,1,5,124,0,17702.0,16296.0,16223.0,17044.0,16907.785714285714,0.0,0.5,74.5
2025-05-05,17134.0,367237.0,1.18,64.0,56.0,60.0,0,0,5,125,0,17094.0,16120.0,16795.0,17158.0,16970.0,5.0,0.0,65.5
2025-05-06,17071.0,367129.0,0.34,67.0,56.0,61.5,1,0,5,126,0,17134.0,17249.0,16992.0,17302.85714285714,16994.214285714286,3.5,0.0,60.0
2025-05-07,16984.0,356020.0,0.0,76.0,58.0,67.0,2,0,5,127,0,17071.0,17372.0,16954.0,17277.428571428572,16999.85714285714,0.0,2.0,61.5
2025-05-08,17335.0,367641.0,0.0,79.0,58.0,68.5,3,0,5,128,0,16984.0,16962.0,16660.0,17222.0,17002.0,0.0,3.5,67.0
2025-05-09,17394.0,374958.0,0.51,60.0,54.0,57.0,4,0,5,129,0,17335.0,17607.0,16976.0,17275.285714285714,17050.214285714286,8.0,0.0,68.5
2025-05-10,16666.0,322561.0,0.0,74.0,51.0,62.5,5,1,5,130,0,17394.0,17702.0,16801.0,17244.85714285714,17080.071428571428,2.5,0.0,57.0
2025-05-11,15788.0,313099.0,0.0,79.0,60.0,69.5,6,1,5,131,0,16666.0,17094.0,16296.0,17096.85714285714,17070.428571428572,0.0,4.5,62.5
2025-05-12,16952.0,344921.0,0.0,73.0,56.0,64.5,0,0,5,132,0,15788.0,17134.0,16120.0,16910.285714285714,17034.14285714286,0.5,0.0,69.5
2025-05-13,17483.0,371382.0,0.18,68.0,58.0,63.0,1,0,5,133,0,16952.0,17071.0,17249.0,16884.285714285714,17093.571428571428,2.0,0.0,64.5
2025-05-14,17548.0,375043.0,0.84,65.0,57.0,61.0,2,0,5,134,0,17483.0,16984.0,17372.0,16943.14285714286,17110.285714285714,4.0,0.0,63.0
2025-05-15,17958.0,374796.0,0.0,70.0,59.0,64.5,3,0,5,135,0,17548.0,17335.0,16962.0,17023.714285714286,17122.85714285714,0.5,0.0,61.0
2025-05-16,18206.0,381726.0,0.05,76.0,61.0,68.5,4,0,5,136,0,17958.0,17394.0,17607.0,17112.714285714286,17194.0,0.0,3.5,64.5
2025-05-17,18176.0,372273.0,0.0,85.0,62.0,73.5,5,1,5,137,0,18206.0,16666.0,17702.0,17228.714285714286,17236.785714285714,0.0,8.5,68.5
2025-05-18,17838.0,357157.0,0.0,75.0,62.0,68.5,6,1,5,138,0,18176.0,15788.0,17094.0,17444.428571428572,17270.64285714286,0.0,3.5,73.5
2025-05-19,16748.0,352627.0,0.0,70.0,52.0,61.0,0,0,5,139,0,17838.0,16952.0,17134.0,17737.285714285714,17323.785714285714,4.0,0.0,68.5
2025-05-20,16899.0,345873.0,0.0,68.0,50.0,59.0,1,0,5,140,0,16748.0,17483.0,17071.0,17708.14285714286,17296.214285714286,6.0,0.0,61.0
2025-05-21,17088.0,369103.0,0.04,59.0,49.0,54.0,2,0,5,141,0,16899.0,17548.0,16984.0,17624.714285714286,17283.928571428572,11.0,0.0,59.0
2025-05-22,17132.0,373619.0,0.75,53.0,48.0,50.5,3,0,5,142,0,17088.0,17958.0,17335.0,17559.0,17291.35714285714,14.5,0.0,54.0
2025-05-23,17123.0,367335.0,0.24,63.0,48.0,55.5,4,0,5,143,0,17132.0,18206.0,17394.0,17441.0,17276.85714285714,9.5,0.0,50.5
2025-05-24,16492.0,334424.0,0.0,65.0,51.0,58.0,5,1,5,144,0,17123.0,18176.0,16666.0,17286.285714285714,17257.5,7.0,0.0,55.5
2025-05-25,15496.0,319197.0,0.0,67.0,54.0,60.5,6,1,5,145,0,16492.0,17838.0,15788.0,17045.714285714286,17245.071428571428,4.5,0.0,58.0
2025-05-26,15203.0,312654.0,0.0,73.0,54.0,63.5,0,0,5,146,1,15496.0,16748.0,16952.0,16711.14285714286,17224.214285714286,1.5,0.0,60.5
2025-05-27,17101.0,347897.0,0.0,76.0,58.0,67.0,1,0,5,147,0,15203.0,16899.0,17483.0,16490.428571428572,17099.285714285714,0.0,2.0,63.5
2025-05-28,17196.0,360979.0,0.37,67.0,54.0,60.5,2,0,5,148,0,17101.0,17088.0,17548.0,16519.285714285714,17072.0,4.5,0.0,67.0
2025-05-29,16848.0,362889.0,0.05,68.0,55.0,61.5,3,0,5,149,0,17196.0,17132.0,17958.0,16534.714285714286,17046.85714285714,3.5,0.0,60.5
2025-05-30,17250.0,363624.0,0.01,75.0,61.0,68.0,4,0,5,150,0,16848.0,17123.0,18206.0,16494.14285714286,16967.571428571428,0.0,3.0,61.5
2025-05-31,17204.0,353797.0,0.45,69.0,54.0,61.5,5,1,5,151,0,17250.0,16492.0,18176.0,16512.285714285714,16899.285714285714,3.5,0.0,68.0
2025-06-01,15628.0,321375.0,0.0,67.0,52.0,59.5,6,1,6,152,0,17204.0,15496.0,17838.0,16614.0,16829.85714285714,5.5,0.0,61.5
2025-06-02,16231.0,335898.0,0.0,73.0,57.0,65.0,0,0,6,153,0,15628.0,15203.0,16748.0,16632.85714285714,16672.0,0.0,0.0,59.5
2025-06-03,17975.0,355665.0,0.0,79.0,58.0,68.5,1,0,6,154,0,16231.0,17101.0,16899.0,16779.714285714286,16635.071428571428,0.0,3.5,65.0
2025-06-04,20589.0,386530.0,0.0,82.0,63.0,72.5,2,0,6,155,0,17975.0,17196.0,17088.0,16904.571428571428,16711.928571428572,0.0,7.5,68.5
2025-06-05,23111.0,442460.0,0.0,88.0,71.0,79.5,3,0,6,156,0,20589.0,16848.0,17132.0,17389.285714285714,16962.0,0.0,14.5,72.5
2025-06-06,22614.0,464609.0,0.0,85.0,72.0,78.5,4,0,6,157,0,23111.0,17250.0,17123.0,18284.0,17389.071428571428,0.0,13.5,79.5
2025-06-07,21096.0,417700.0,0.3,79.0,66.0,72.5,5,1,6,158,0,22614.0,17204.0,16492.0,19050.285714285714,17781.285714285714,0.0,7.5,78.5
2025-06-08,18964.0,376596.0,0.0,75.0,63.0,69.0,6,1,6,159,0,21096.0,15628.0,15496.0,19606.285714285714,18110.14285714286,0.0,4.0,72.5
2025-06-09,18299.0,394316.0,0.05,64.0,61.0,62.5,0,0,6,160,0,18964.0,16231.0,15203.0,20082.85714285714,18357.85714285714,2.5,0.0,69.0
2025-06-10,18543.0,388513.0,0.59,76.0,61.0,68.5,1,0,6,161,0,18299.0,17975.0,17101.0,20378.285714285714,18579.0,0.0,3.5,62.5
2025-06-11,20588.0,400792.0,0.0,84.0,65.0,74.5,2,0,6,162,0,18543.0,20589.0,17196.0,20459.428571428572,18682.0,0.0,9.5,68.5
2025-06-12,22231.0,436552.0,0.0,90.0,72.0,81.0,3,0,6,163,0,20588.0,23111.0,16848.0,20459.285714285714,18924.285714285714,0.0,16.0,74.5
2025-06-13,22153.0,423424.0,0.0,77.0,67.0,72.0,4,0,6,164,0,22231.0,22614.0,17250.0,20333.571428571428,19308.785714285714,0.0,7.0,81.0
2025-06-14,19044.0,371537.0,0.13,67.0,59.0,63.0,5,1,6,165,0,22153.0,21096.0,17204.0,20267.714285714286,19659.0,2.0,0.0,72.0
2025-06-15,16370.0,345418.0,0.03,65.0,59.0,62.0,6,1,6,166,0,19044.0,18964.0,15628.0,19974.571428571428,19790.428571428572,3.0,0.0,63.0
2025-06-16,18326.0,378069.0,0.03,68.0,60.0,64.0,0,0,6,167,0,16370.0,18299.0,16231.0,19604.0,19843.428571428572,1.0,0.0,62.0
2025-06-17,19028.0,399806.0,0.02,68.0,62.0,65.0,1,0,6,168,0,18326.0,18543.0,17975.0,19607.85714285714,19993.071428571428,0.0,0.0,64.0
2025-06-18,22569.0,429401.0,0.05,85.0,64.0,74.5,2,0,6,169,0,19028.0,20588.0,20589.0,19677.14285714286,20068.285714285714,0.0,9.5,65.0
2025-06-19,24238.0,481745.0,1.12,90.0,69.0,79.5,3,0,6,170,1,22569.0,22231.0,23111.0,19960.14285714286,20209.714285714286,0.0,14.5,74.5
2025-06-20,23594.0,450726.0,0.0,85.0,69.0,77.0,4,0,6,171,0,24238.0,22153.0,22614.0,20246.85714285714,20290.214285714286,0.0,12.0,79.5
2025-06-21,22988.0,446123.0,0.0,88.0,72.0,80.0,5,1,6,172,0,23594.0,19044.0,21096.0,20452.714285714286,20360.214285714286,0.0,15.0,77.0
2025-06-22,25766.0,484354.0,0.08,90.0,74.0,82.0,6,1,6,173,0,22988.0,16370.0,18964.0,21016.14285714286,20495.35714285714,0.0,17.0,80.0
2025-06-23,30007.0,591677.0,0.0,94.0,75.0,84.5,0,0,6,174,0,25766.0,18326.0,18299.0,22358.428571428572,20981.214285714286,0.0,19.5,82.0
2025-06-24,31857.0,627622.0,0.0,101.0,78.0,89.5,1,0,6,175,0,30007.0,19028.0,18543.0,24027.14285714286,21817.5,0.0,24.5,84.5
2025-06-25,31720.0,637302.0,0.0,99.0,80.0,89.5,2,0,6,176,0,31857.0,22569.0,20588.0,25859.85714285714,22768.5,0.0,24.5,89.5
2025-06-26,30324.0,548781.0,0.0,83.0,66.0,74.5,3,0,6,177,0,31720.0,24238.0,22231.0,27167.14285714286,23563.64285714286,0.0,9.5,89.5
2025-06-27,20194.0,431029.0,0.08,74.0,64.0,69.0,4,0,6,178,0,30324.0,23594.0,22153.0,28036.571428571428,24141.714285714286,0.0,4.0,74.5
2025-06-28,22769.0,419115.0,0.06,85.0,62.0,73.5,5,1,6,179,0,20194.0,22988.0,19044.0,27550.85714285714,24001.785714285714,0.0,8.5,69.0
2025-06-29,24399.0,472215.0,0.0,91.0,74.0,82.5,6,1,6,180,0,22769.0,25766.0,16370.0,27519.571428571428,24267.85714285714,0.0,17.5,73.5
2025-06-30,27508.0,523041.0,0.0,91.0,71.0,81.0,0,0,6,181,0,24399.0,30007.0,18326.0,27324.285714285714,24841.35714285714,0.0,16.0,82.5
2025-07-01,27346.0,559919.0,0.3,93.0,72.0,82.5,1,0,7,182,0,27508.0,31857.0,19028.0,26967.285714285714,25497.214285714286,0.0,17.5,81.0
2025-07-02,25459.0,512100.0,0.0,84.0,73.0,78.5,2,0,7,183,0,27346.0,31720.0,22569.0,26322.85714285714,26091.35714285714,0.0,13.5,82.5
2025-07-03,24882.0,506768.0,0.01,92.0,71.0,81.5,3,0,7,184,0,25459.0,30324.0,24238.0,25428.428571428572,26297.785714285714,0.0,16.5,78.5
2025-07-04,22366.0,419010.0,0.0,84.0,69.0,76.5,4,0,7,185,1,24882.0,20194.0,23594.0,24651.0,26343.785714285714,0.0,11.5,81.5
2025-07-05,23021.0,426981.0,0.0,88.0,70.0,79.0,5,1,7,186,0,22366.0,22769.0,22988.0,24961.285714285714,26256.071428571428,0.0,14.0,76.5
2025-07-06,25865.0,487029.0,0.0,90.0,73.0,81.5,6,1,7,187,0,23021.0,24399.0,25766.0,24997.285714285714,26258.428571428572,0.0,16.5,79.0
2025-07-07,27555.0,562956.0,0.0,87.0,77.0,82.0,0,0,7,188,0,25865.0,27508.0,30007.0,25206.714285714286,26265.5,0.0,17.0,81.5
2025-07-08,28247.0,575475.0,0.11,98.0,76.0,87.0,1,0,7,189,0,27555.0,27346.0,31857.0,25213.428571428572,26090.35714285714,0.0,22.0,82.0
2025-07-09,27685.0,554775.0,0.04,93.0,75.0,84.0,2,0,7,190,0,28247.0,25459.0,31720.0,25342.14285714286,25832.5,0.0,19.0,87.0
2025-07-10,27086.0,538712.0,0.06,83.0,72.0,77.5,3,0,7,191,0,27685.0,24882.0,30324.0,25660.14285714286,25544.285714285714,0.0,12.5,84.0
2025-07-11,26164.0,530923.0,0.0,85.0,72.0,78.5,4,0,7,192,0,27086.0,22366.0,20194.0,25975.0,25313.0,0.0,13.5,77.5
2025-07-12,25927.0,518730.0,0.0,85.0,73.0,79.0,5,1,7,193,0,26164.0,23021.0,22769.0,26517.571428571428,25739.428571428572,0.0,14.0,78.5
2025-07-13,25095.0,508223.0,0.0,84.0,70.0,77.0,6,1,7,194,0,25927.0,25865.0,24399.0,26932.714285714286,25965.0,0.0,12.0,79.0
2025-07-14,26932.0,554011.0,1.66,89.0,73.0,81.0,0,0,7,195,0,25095.0,27555.0,27508.0,26822.714285714286,26014.714285714286,0.0,16.0,77.0
2025-07-15,27830.0,544135.0,0.0,88.0,73.0,80.5,1,0,7,196,0,26932.0,28247.0,27346.0,26733.714285714286,25973.571428571428,0.0,15.5,81.0
2025-07-16,28930.0,580977.0,0.0,90.0,76.0,83.0,2,0,7,197,0,27830.0,27685.0,25459.0,26674.14285714286,26008.14285714286,0.0,18.0,80.5
2025-07-17,28596.0,597679.0,0.0,93.0,77.0,85.0,3,0,7,198,0,28930.0,27086.0,24882.0,26852.0,26256.071428571428,0.0,20.0,83.0
2025-07-18,28113.0,517544.0,0.0,84.0,74.0,79.0,4,0,7,199,0,28596.0,26164.0,22366.0,27067.714285714286,26521.35714285714,0.0,14.0,85.0
2025-07-19,23209.0,452969.0,0.0,83.0,70.0,76.5,5,1,7,200,0,28113.0,25927.0,23021.0,27346.14285714286,26931.85714285714,0.0,11.5,79.0
2025-07-20,25277.0,497085.0,0.0,93.0,75.0,84.0,6,1,7,201,0,23209.0,25095.0,25865.0,26957.85714285714,26945.285714285714,0.0,19.0,76.5
2025-07-21,25242.0,505548.0,0.0,87.0,73.0,80.0,0,0,7,202,0,25277.0,26932.0,27555.0,26983.85714285714,26903.285714285714,0.0,15.0,84.0
2025-07-22,23332.0,449929.0,0.0,79.0,67.0,73.0,1,0,7,203,0,25242.0,27830.0,28247.0,26742.428571428572,26738.071428571428,0.0,8.0,80.0
2025-07-23,23908.0,457510.0,0.0,83.0,69.0,76.0,2,0,7,204,0,23332.0,28930.0,27685.0,26099.85714285714,26387.0,0.0,11.0,73.0
2025-07-24,27110.0,508438.0,0.0,87.0,72.0,79.5,3,0,7,205,0,23908.0,28596.0,27086.0,25382.428571428572,26117.214285714286,0.0,14.5,76.0
2025-07-25,28300.0,576340.0,0.02,99.0,78.0,88.5,4,0,7,206,0,27110.0,28113.0,26164.0,25170.14285714286,26118.928571428572,0.0,23.5,79.5
2025-07-26,26821.0,517152.0,0.0,85.0,75.0,80.0,5,1,7,207,0,28300.0,23209.0,25927.0,25196.85714285714,26271.5,0.0,15.0,88.5
2025-07-27,24612.0,488117.0,0.01,88.0,74.0,81.0,6,1,7,208,0,26821.0,25277.0,25095.0,25712.85714285714,26335.35714285714,0.0,16.0,80.0
2025-07-28,29573.0,563439.0,0.0,95.0,76.0,85.5,0,0,7,209,0,24612.0,25242.0,26932.0,25617.85714285714,26300.85714285714,0.0,20.5,81.0
2025-07-29,30645.0,604720.0,0.0,100.0,77.0,88.5,1,0,7,210,0,29573.0,23332.0,27830.0,26236.571428571428,26489.5,0.0,23.5,85.5
2025-07-30,30400.0,611140.0,0.46,99.0,77.0,88.0,2,0,7,211,0,30645.0,23908.0,28930.0,27281.285714285714,26690.571428571428,0.0,23.0,88.5
2025-07-31,28567.0,563318.0,0.38,87.0,66.0,76.5,3,0,7,212,0,30400.0,27110.0,28596.0,28208.714285714286,26795.571428571428,0.0,11.5,88.0
2025-08-01,22052.0,426354.0,0.0,73.0,64.0,68.5,4,0,8,213,0,28567.0,28300.0,28113.0,28416.85714285714,26793.5,0.0,3.5,76.5
2025-08-02,19429.0,388271.0,0.0,81.0,65.0,73.0,5,1,8,214,0,22052.0,26821.0,23209.0,27524.285714285714,26360.571428571428,0.0,8.0,68.5
2025-08-03,21090.0,396842.0,0.0,84.0,67.0,75.5,6,1,8,215,0,19429.0,24612.0,25277.0,26468.285714285714,26090.571428571428,0.0,10.5,73.0
2025-08-04,24562.0,458690.0,0.0,89.0,71.0,80.0,0,0,8,216,0,21090.0,29573.0,25242.0,25965.14285714286,25791.5,0.0,15.0,75.5
2025-08-05,24187.0,486429.0,0.0,83.0,71.0,77.0,1,0,8,217,0,24562.0,30645.0,23332.0,25249.285714285714,25742.928571428572,0.0,12.0,80.0
2025-08-06,23902.0,483125.0,0.03,78.0,68.0,73.0,2,0,8,218,0,24187.0,30400.0,23908.0,24326.714285714286,25804.0,0.0,8.0,77.0
2025-08-07,22742.0,461936.0,0.0,80.0,68.0,74.0,3,0,8,219,0,23902.0,28567.0,27110.0,23398.428571428572,25803.571428571428,0.0,9.0,73.0
2025-08-08,22599.0,450422.0,0.0,81.0,66.0,73.5,4,0,8,220,0,22742.0,22052.0,28300.0,22566.285714285714,25491.571428571428,0.0,8.5,74.0
2025-08-09,22466.0,434121.0,0.0,84.0,66.0,75.0,5,1,8,221,0,22599.0,19429.0,26821.0,22644.428571428572,25084.35714285714,0.0,10.0,73.5
2025-08-10,24250.0,450482.0,0.0,91.0,70.0,80.5,6,1,8,222,0,22466.0,21090.0,24612.0,23078.285714285714,24773.285714285714,0.0,15.5,75.0
2025-08-11,26721.0,508571.0,0.0,90.0,74.0,82.0,0,0,8,223,0,24250.0,24562.0,29573.0,23529.714285714286,24747.428571428572,0.0,17.0,80.5
2025-08-12,27720.0,533452.0,0.0,91.0,72.0,81.5,1,0,8,224,0,26721.0,24187.0,30645.0,23838.14285714286,24543.714285714286,0.0,16.5,82.0
2025-08-13,27403.0,564844.0,0.48,90.0,72.0,81.0,2,0,8,225,0,27720.0,23902.0,30400.0,24342.85714285714,24334.785714285714,0.0,16.0,81.5
2025-08-14,26799.0,537386.0,0.0,90.0,75.0,82.5,3,0,8,226,0,27403.0,22742.0,28567.0,24843.0,24120.714285714286,0.0,17.5,81.0
2025-08-15,26479.0,523210.0,0.0,88.0,75.0,81.5,4,0,8,227,0,26799.0,22599.0,22052.0,25422.571428571428,23994.428571428572,0.0,16.5,82.5
2025-08-16,25335.0,496135.0,0.0,84.0,74.0,79.0,5,1,8,228,0,26479.0,22466.0,19429.0,25976.85714285714,24310.64285714286,0.0,14.0,81.5
2025-08-17,24942.0,500887.0,0.63,91.0,74.0,82.5,6,1,8,229,0,25335.0,24250.0,21090.0,26386.714285714286,24732.5,0.0,17.5,79.0
2025-08-18,23629.0,447379.0,0.0,76.0,66.0,71.0,0,0,8,230,0,24942.0,26721.0,24562.0,26485.571428571428,25007.64285714286,0.0,6.0,82.5
2025-08-19,20206.0,414694.0,0.0,76.0,64.0,70.0,1,0,8,231,0,23629.0,27720.0,24187.0,26043.85714285714,24941.0,0.0,5.0,71.0
2025-08-20,19743.0,420393.0,0.45,71.0,59.0,65.0,2,0,8,232,0,20206.0,27403.0,23902.0,24970.428571428572,24656.64285714286,0.0,0.0,70.0
2025-08-21,18250.0,384649.0,0.08,74.0,61.0,67.5,3,0,8,233,0,19743.0,26799.0,22742.0,23876.14285714286,24359.571428571428,0.0,2.5,65.0
2025-08-22,20604.0,390544.0,0.0,84.0,63.0,73.5,4,0,8,234,0,18250.0,26479.0,22599.0,22654.85714285714,24038.714285714286,0.0,8.5,67.5
2025-08-23,20500.0,401244.0,0.0,82.0,69.0,75.5,5,1,8,235,0,20604.0,25335.0,22466.0,21815.571428571428,23896.214285714286,0.0,10.5,73.5
2025-08-24,20263.0,412068.0,0.0,81.0,69.0,75.0,6,1,8,236,0,20500.0,24942.0,24250.0,21124.85714285714,23755.785714285714,0.0,10.0,75.5
2025-08-25,21847.0,445895.0,0.0,86.0,72.0,79.0,0,0,8,237,0,20263.0,23629.0,26721.0,20456.428571428572,23471.0,0.0,14.0,75.0
2025-08-26,21309.0,417884.0,0.0,80.0,65.0,72.5,1,0,8,238,0,21847.0,20206.0,27720.0,20201.85714285714,23122.85714285714,0.0,7.5,79.0
2025-08-27,19515.0,393665.0,0.0,76.0,63.0,69.5,2,0,8,239,0,21309.0,19743.0,27403.0,20359.428571428572,22664.928571428572,0.0,4.5,72.5
2025-08-28,18860.0,385451.0,0.0,79.0,64.0,71.5,3,0,8,240,0,19515.0,18250.0,26799.0,20326.85714285714,22101.5,0.0,6.5,69.5
2025-08-29,18879.0,395260.0,0.0,78.0,65.0,71.5,4,0,8,241,0,18860.0,20604.0,26479.0,20414.0,21534.428571428572,0.0,6.5,71.5
2025-08-30,18371.0,349830.0,0.0,76.0,59.0,67.5,5,1,8,242,0,18879.0,20500.0,25335.0,20167.571428571428,20991.571428571428,0.0,2.5,71.5
2025-08-31,17286.0,340535.0,0.0,79.0,62.0,70.5,6,1,8,243,0,18371.0,20263.0,24942.0,19863.428571428572,20494.14285714286,0.0,5.5,67.5
2025-09-01,18062.0,360219.0,0.0,77.0,65.0,71.0,0,0,9,244,1,17286.0,21847.0,23629.0,19438.14285714286,19947.285714285714,0.0,6.0,70.5
2025-09-02,19838.0,391333.0,0.0,77.0,64.0,70.5,1,0,9,245,0,18062.0,21309.0,20206.0,18897.428571428572,19549.64285714286,0.0,5.5,71.0
2025-09-03,20039.0,398878.0,0.0,79.0,64.0,71.5,2,0,9,246,0,19838.0,19515.0,19743.0,18687.285714285714,19523.35714285714,0.0,6.5,70.5
2025-09-04,20222.0,413991.0,0.23,79.0,66.0,72.5,3,0,9,247,0,20039.0,18860.0,18250.0,18762.14285714286,19544.5,0.0,7.5,71.5
2025-09-05,21342.0,424324.0,0.12,83.0,67.0,75.0,4,0,9,248,0,20222.0,18879.0,20604.0,18956.714285714286,19685.35714285714,0.0,10.0,72.5
2025-09-06,21244.0,433870.0,0.9,86.0,66.0,76.0,5,1,9,249,0,21342.0,18371.0,20500.0,19308.571428571428,19738.071428571428,0.0,11.0,75.0
2025-09-07,19313.0,367357.0,0.66,70.0,60.0,65.0,6,1,9,250,0,21244.0,17286.0,20263.0,19719.0,19791.214285714286,0.0,0.0,76.0
2025-09-08,17862.0,362531.0,0.0,73.0,60.0,66.5,0,0,9,251,0,19313.0,18062.0,21847.0,20008.571428571428,19723.35714285714,0.0,1.5,65.0
2025-09-09,18043.0,364703.0,0.0,72.0,60.0,66.0,1,0,9,252,0,17862.0,19838.0,21309.0,19980.0,19438.714285714286,0.0,1.0,66.5
2025-09-10,18288.0,372165.0,0.19,74.0,60.0,67.0,2,0,9,253,0,18043.0,20039.0,19515.0,19723.571428571428,19205.428571428572,0.0,2.0,66.0
2025-09-11,19319.0,380148.0,0.0,78.0,64.0,71.0,3,0,9,254,0,18288.0,20222.0,18860.0,19473.428571428572,19117.785714285714,0.0,6.0,67.0
2025-09-12,19309.0,387085.0,0.0,79.0,65.0,72.0,4,0,9,255,0,19319.0,21342.0,18879.0,19344.428571428572,19150.571428571428,0.0,7.0,71.0
2025-09-13,18977.0,377502.0,0.0,77.0,65.0,71.0,5,1,9,256,0,19309.0,21244.0,18371.0,19054.0,19181.285714285714,0.0,6.0,72.0
2025-09-14,19592.0,376625.0,0.0,81.0,67.0,74.0,6,1,9,257,0,18977.0,19313.0,17286.0,18730.14285714286,19224.571428571428,0.0,9.0,71.0
2025-09-15,20351.0,407818.0,0.0,80.0,67.0,73.5,0,0,9,258,0,19592.0,17862.0,18062.0,18770.0,19389.285714285714,0.0,8.5,74.0
2025-09-16,20132.0,396588.0,0.0,74.0,65.0,69.5,1,0,9,259,0,20351.0,18043.0,19838.0,19125.571428571428,19552.785714285714,0.0,4.5,73.5
2025-09-17,18985.0,386229.0,0.0,72.0,62.0,67.0,2,0,9,260,0,20132.0,18288.0,20039.0,19424.0,19573.785714285714,0.0,2.0,69.5
2025-09-18,20798.0,398332.0,0.01,85.0,66.0,75.5,3,0,9,261,0,18985.0,19319.0,20222.0,19523.571428571428,19498.5,0.0,10.5,67.0
2025-09-19,20739.0,414333.0,0.0,83.0,69.0,76.0,4,0,9,262,0,20798.0,19309.0,21342.0,19734.85714285714,19539.64285714286,0.0,11.0,75.5
2025-09-20,19942.0,355478.0,0.0,73.0,61.0,67.0,5,1,9,263,0,20739.0,18977.0,21244.0,19939.14285714286,19496.571428571428,0.0,2.0,76.0
2025-09-21,17085.0,336546.0,0.0,70.0,59.0,64.5,6,1,9,264,0,19942.0,19592.0,19313.0,20077.0,19403.571428571428,0.5,0.0,67.0
2025-09-22,18769.0,373008.0,0.0,72.0,58.0,65.0,0,0,9,265,0,17085.0,20351.0,17862.0,19718.85714285714,19244.428571428572,0.0,0.0,64.5
2025-09-23,20579.0,408294.0,0.0,83.0,66.0,74.5,1,0,9,266,0,18769.0,20132.0,18043.0,19492.85714285714,19309.214285714286,0.0,9.5,65.0
2025-09-24,20590.0,431778.0,0.08,78.0,71.0,74.5,2,0,9,267,0,20579.0,18985.0,18288.0,19556.714285714286,19490.35714285714,0.0,9.5,74.5
2025-09-25,20695.0,442874.0,0.25,79.0,71.0,75.0,3,0,9,268,0,20590.0,20798.0,19319.0,19786.0,19654.785714285714,0.0,10.0,74.5
2025-09-26,20773.0,427044.0,0.0,84.0,70.0,77.0,4,0,9,269,0,20695.0,20739.0,19309.0,19771.285714285714,19753.071428571428,0.0,12.0,75.0
2025-09-27,20220.0,389270.0,0.02,79.0,68.0,73.5,5,1,9,270,0,20773.0,19942.0,18977.0,19776.14285714286,19857.64285714286,0.0,8.5,77.0
2025-09-28,20195.0,385101.0,0.08,85.0,67.0,76.0,6,1,9,271,0,20220.0,17085.0,19592.0,19815.85714285714,19946.428571428572,0.0,11.0,73.5
2025-09-29,20148.0,403988.0,0.0,75.0,67.0,71.0,0,0,9,272,0,20195.0,18769.0,20351.0,20260.14285714286,19989.5,0.0,6.0,76.0
2025-09-30,19468.0,389681.0,0.0,80.0,67.0,73.5,1,0,9,273,0,20148.0,20579.0,20132.0,20457.14285714286,19975.0,0.0,8.5,71.0
2025-10-01,19288.0,361054.0,0.0,70.0,57.0,63.5,2,0,10,274,0,19468.0,20590.0,18985.0,20298.428571428572,19927.571428571428,1.5,0.0,73.5
2025-10-02,17450.0,345981.0,0.0,66.0,54.0,60.0,3,0,10,275,0,19288.0,20695.0,20798.0,20112.428571428572,19949.214285714286,5.0,0.0,63.5
2025-10-03,17351.0,348842.0,0.0,72.0,57.0,64.5,4,0,10,276,0,17450.0,20773.0,20739.0,19648.85714285714,19710.071428571428,0.5,0.0,60.0
2025-10-04,17724.0,342881.0,0.0,83.0,61.0,72.0,5,1,10,277,0,17351.0,20220.0,19942.0,19160.0,19468.071428571428,0.0,7.0,64.5
2025-10-05,19321.0,360159.0,0.0,86.0,65.0,75.5,6,1,10,278,0,17724.0,20195.0,17085.0,18803.428571428572,19309.64285714286,0.0,10.5,72.0
2025-10-06,20278.0,396210.0,0.0,81.0,64.0,72.5,0,0,10,279,0,19321.0,20148.0,18769.0,18678.571428571428,19469.35714285714,0.0,7.5,75.5
2025-10-07,20000.0,412785.0,0.0,79.0,66.0,72.5,1,0,10,280,0,20278.0,19468.0,20579.0,18697.14285714286,19577.14285714286,0.0,7.5,72.5
2025-10-08,19802.0,390391.0,0.16,72.0,58.0,65.0,2,0,10,281,0,20000.0,19288.0,20590.0,18773.14285714286,19535.785714285714,0.0,0.0,72.5
2025-10-09,17554.0,341473.0,0.0,59.0,51.0,55.0,3,0,10,282,0,19802.0,17450.0,20695.0,18846.571428571428,19479.5,10.0,0.0,65.0
2025-10-10,17017.0,344854.0,0.0,63.0,48.0,55.5,4,0,10,283,0,17554.0,17351.0,20773.0,18861.428571428572,19255.14285714286,9.5,0.0,55.0
2025-10-11,16694.0,337785.0,0.08,66.0,59.0,62.5,5,1,10,284,0,17017.0,17724.0,20220.0,18813.714285714286,18986.85714285714,2.5,0.0,55.5
2025-10-12,16278.0,331745.0,0.78,64.0,56.0,60.0,6,1,10,285,0,16694.0,19321.0,20195.0,18666.571428571428,18735.0,5.0,0.0,62.5
2025-10-13,17710.0,363417.0,0.84,59.0,54.0,56.5,0,0,10,286,1,16278.0,20278.0,20148.0,18231.85714285714,18455.214285714286,8.5,0.0,60.0
2025-10-14,17508.0,365308.0,0.0,61.0,53.0,57.0,1,0,10,287,0,17710.0,20000.0,19468.0,17865.0,18281.071428571428,8.0,0.0,56.5
2025-10-15,17378.0,356140.0,0.0,69.0,53.0,61.0,2,0,10,288,0,17508.0,19802.0,19288.0,17509.0,18141.071428571428,4.0,0.0,57.0
2025-10-16,17256.0,347717.0,0.0,61.0,48.0,54.5,3,0,10,289,0,17378.0,17554.0,17450.0,17162.714285714286,18004.64285714286,10.5,0.0,61.0
2025-10-17,17352.0,356740.0,0.0,65.0,49.0,57.0,4,0,10,290,0,17256.0,17017.0,17351.0,17120.14285714286,17990.785714285714,8.0,0.0,54.5
2025-10-18,16839.0,336663.0,0.0,66.0,52.0,59.0,5,1,10,291,0,17352.0,16694.0,17724.0,17168.0,17990.85714285714,6.0,0.0,57.0
2025-10-19,16748.0,331866.0,0.0,71.0,55.0,63.0,6,1,10,292,0,16839.0,16278.0,19321.0,17188.714285714286,17927.64285714286,2.0,0.0,59.0
2025-10-20,17545.0,365677.0,0.0,68.0,57.0,62.5,0,0,10,293,0,16748.0,17710.0,20278.0,17255.85714285714,17743.85714285714,2.5,0.0,63.0
2025-10-21,17429.0,355729.0,0.03,67.0,52.0,59.5,1,0,10,294,0,17545.0,17508.0,20000.0,17232.285714285714,17548.64285714286,5.5,0.0,62.5
2025-10-22,17569.0,362375.0,0.24,64.0,55.0,59.5,2,0,10,295,0,17429.0,17378.0,19802.0,17221.0,17365.0,5.5,0.0,59.5
2025-10-23,17590.0,365438.0,0.0,61.0,52.0,56.5,3,0,10,296,0,17569.0,17256.0,17554.0,17248.285714285714,17205.5,8.5,0.0,59.5
2025-10-24,17438.0,364025.0,0.0,60.0,48.0,54.0,4,0,10,297,0,17590.0,17352.0,17017.0,17296.0,17208.071428571428,11.0,0.0,56.5
2025-10-25,16948.0,344750.0,0.0,60.0,48.0,54.0,5,1,10,298,0,17438.0,16839.0,16694.0,17308.285714285714,17238.14285714286,11.0,0.0,54.0
2025-10-26,16642.0,333164.0,0.0,59.0,50.0,54.5,6,1,10,299,0,16948.0,16748.0,16278.0,17323.85714285714,17256.285714285714,10.5,0.0,54.0
2025-10-27,18083.0,363320.0,0.0,56.0,44.0,50.0,0,0,10,300,0,16642.0,17545.0,17710.0,17308.714285714286,17282.285714285714,15.0,0.0,54.5
2025-10-28,18190.0,372371.0,0.0,57.0,45.0,51.0,1,0,10,301,0,18083.0,17429.0,17508.0,17385.571428571428,17308.928571428572,14.0,0.0,50.0
2025-10-29,18066.0,374318.0,0.02,56.0,49.0,52.5,2,0,10,302,0,18190.0,17569.0,17378.0,17494.285714285714,17357.64285714286,12.5,0.0,51.0
2025-10-30,18240.0,390732.0,2.09,65.0,51.0,58.0,3,0,10,303,0,18066.0,17590.0,17256.0,17565.285714285714,17406.785714285714,7.0,0.0,52.5
2025-10-31,17831.0,378854.0,0.0,60.0,52.0,56.0,4,0,10,304,0,18240.0,17438.0,17352.0,17658.14285714286,17477.071428571428,9.0,0.0,58.0
2025-11-01,17075.0,352990.0,0.0,58.0,50.0,54.0,5,1,11,305,0,17831.0,16948.0,16839.0,17714.285714285714,17511.285714285714,11.0,0.0,56.0
2025-11-02,16977.0,340381.0,0.0,60.0,46.0,53.0,6,1,11,306,0,17075.0,16642.0,16748.0,17732.428571428572,17528.14285714286,12.0,0.0,54.0
2025-11-03,18437.0,376121.0,0.02,59.0,51.0,55.0,0,0,11,307,0,16977.0,18083.0,17545.0,17780.285714285714,17544.5,10.0,0.0,53.0
2025-11-04,18211.0,366897.0,0.0,61.0,49.0,55.0,1,0,11,308,0,18437.0,18190.0,17429.0,17830.85714285714,17608.214285714286,10.0,0.0,55.0
2025-11-05,18371.0,382646.0,0.0,66.0,49.0,57.5,2,0,11,309,0,18211.0,18066.0,17569.0,17833.85714285714,17664.071428571428,7.5,0.0,55.0
2025-11-06,18665.0,375869.0,0.0,57.0,45.0,51.0,3,0,11,310,0,18371.0,18240.0,17590.0,17877.428571428572,17721.35714285714,14.0,0.0,57.5
2025-11-07,18509.0,387726.0,0.0,60.0,42.0,51.0,4,0,11,311,0,18665.0,17831.0,17438.0,17938.14285714286,17798.14285714286,14.0,0.0,51.0
2025-11-08,17787.0,348271.0,0.09,67.0,54.0,60.5,5,1,11,312,0,18509.0,17075.0,16948.0,18035.0,17874.64285714286,4.5,0.0,51.0
2025-11-09,17627.0,358496.0,0.34,65.0,52.0,58.5,6,1,11,313,0,17787.0,16977.0,16642.0,18136.714285714286,17934.571428571428,6.5,0.0,60.5
2025-11-10,19372.0,390644.0,0.25,59.0,36.0,47.5,0,0,11,314,0,17627.0,18437.0,18083.0,18229.571428571428,18004.928571428572,17.5,0.0,58.5
2025-11-11,20325.0,417290.0,0.0,42.0,34.0,38.0,1,0,11,315,1,19372.0,18211.0,18190.0,18363.14285714286,18097.0,27.0,0.0,47.5
2025-11-12,20034.0,419732.0,0.0,51.0,39.0,45.0,2,0,11,316,0,20325.0,18371.0,18066.0,18665.14285714286,18249.5,20.0,0.0,38.0
2025-11-13,19258.0,400717.0,0.03,51.0,42.0,46.5,3,0,11,317,0,20034.0,18665.0,18240.0,18902.714285714286,18390.071428571428,18.5,0.0,45.0
2025-11-14,19082.0,396785.0,0.0,51.0,42.0,46.5,4,0,11,318,0,19258.0,18509.0,17831.0,18987.428571428572,18462.785714285714,18.5,0.0,46.5
2025-11-15,18480.0,379253.0,0.05,51.0,40.0,45.5,5,1,11,319,0,19082.0,17787.0,17075.0,19069.285714285714,18552.14285714286,19.5,0.0,46.5
2025-11-16,18391.0,365018.0,0.05,56.0,41.0,48.5,6,1,11,320,0,18480.0,17627.0,16977.0,19168.285714285714,18652.5,16.5,0.0,45.5
2025-11-17,20097.0,408579.0,0.0,46.0,38.0,42.0,0,0,11,321,0,18391.0,19372.0,18437.0,19277.428571428572,18753.5,23.0,0.0,48.5
2025-11-18,19905.0,407235.0,0.0,46.0,38.0,42.0,1,0,11,322,0,20097.0,20325.0,18211.0,19381.0,18872.071428571428,23.0,0.0,42.0
2025-11-19,19548.0,405823.0,0.15,48.0,40.0,44.0,2,0,11,323,0,19905.0,20034.0,18371.0,19321.0,18993.071428571428,21.0,0.0,42.0
2025-11-20,19419.0,403837.0,0.0,48.0,39.0,43.5,3,0,11,324,0,19548.0,19258.0,18665.0,19251.571428571428,19077.14285714286,21.5,0.0,44.0
2025-11-21,19327.0,411583.0,0.0,53.0,43.0,48.0,4,0,11,325,0,19419.0,19082.0,18509.0,19274.571428571428,19131.0,17.0,0.0,43.5
2025-11-22,18484.0,374827.0,0.18,51.0,42.0,46.5,5,1,11,326,0,19327.0,18480.0,17787.0,19309.571428571428,19189.428571428572,18.5,0.0,48.0
2025-11-23,18588.0,388225.0,0.0,50.0,37.0,43.5,6,1,11,327,0,18484.0,18391.0,17627.0,19310.14285714286,19239.214285714286,21.5,0.0,46.5
2025-11-24,19179.0,388901.0,0.0,52.0,45.0,48.5,0,0,11,328,0,18588.0,20097.0,19372.0,19338.285714285714,19307.85714285714,16.5,0.0,43.5
2025-11-25,19068.0,404822.0,0.58,57.0,45.0,51.0,1,0,11,329,0,19179.0,19905.0,20325.0,19207.14285714286,19294.071428571428,14.0,0.0,48.5
2025-11-26,18803.0,390689.0,0.09,60.0,50.0,55.0,2,0,11,330,0,19068.0,19548.0,20034.0,19087.571428571428,19204.285714285714,10.0,0.0,51.0
2025-11-27,18176.0,376271.0,0.0,50.0,37.0,43.5,3,0,11,331,1,18803.0,19419.0,19258.0,18981.14285714286,19116.35714285714,21.5,0.0,55.0
2025-11-28,19317.0,388706.0,0.0,44.0,35.0,39.5,4,0,11,332,0,18176.0,19327.0,19082.0,18803.571428571428,19039.071428571428,25.5,0.0,43.5
2025-11-29,19098.0,392727.0,0.0,43.0,34.0,38.5,5,1,11,333,0,19317.0,18484.0,18480.0,18802.14285714286,19055.85714285714,26.5,0.0,39.5
2025-11-30,19237.0,402953.0,0.08,47.0,36.0,41.5,6,1,11,334,0,19098.0,18588.0,18391.0,18889.85714285714,19100.0,23.5,0.0,38.5
2025-12-01,20498.0,410193.0,0.0,43.0,35.0,39.0,0,0,12,335,0,19237.0,19179.0,20097.0,18982.571428571428,19160.428571428572,26.0,0.0,41.5
2025-12-02,21078.0,447129.0,0.82,42.0,34.0,38.0,1,0,12,336,0,20498.0,19068.0,19905.0,19171.0,19189.071428571428,27.0,0.0,39.0
2025-12-03,20784.0,436064.0,0.0,42.0,33.0,37.5,2,0,12,337,0,21078.0,18803.0,19548.0,19458.14285714286,19272.85714285714,27.5,0.0,38.0
2025-12-04,21555.0,443524.0,0.0,43.0,25.0,34.0,3,0,12,338,0,20784.0,18176.0,19419.0,19741.14285714286,19361.14285714286,31.0,0.0,37.5
2025-12-05,22023.0,471468.0,0.0,32.0,20.0,26.0,4,0,12,339,0,21555.0,19317.0,19327.0,20223.85714285714,19513.714285714286,39.0,0.0,34.0
2025-12-06,21677.0,437883.0,0.02,43.0,32.0,37.5,5,1,12,340,0,22023.0,19098.0,18484.0,20610.428571428572,19706.285714285714,27.5,0.0,26.0
2025-12-07,19974.0,415211.0,0.0,43.0,36.0,39.5,6,1,12,341,0,21677.0,19237.0,18588.0,20978.85714285714,19934.35714285714,25.5,0.0,37.5
2025-12-08,22840.0,449237.0,0.0,40.0,23.0,31.5,0,0,12,342,0,19974.0,20498.0,19179.0,21084.14285714286,20033.35714285714,33.5,0.0,39.5
2025-12-09,22779.0,486997.0,0.0,35.0,20.0,27.5,1,0,12,343,0,22840.0,21078.0,19068.0,21418.714285714286,20294.85714285714,37.5,0.0,31.5
2025-12-10,22529.0,465764.0,0.09,47.0,33.0,40.0,2,0,12,344,0,22779.0,20784.0,18803.0,21661.714285714286,20559.928571428572,25.0,0.0,27.5
2025-12-11,22446.0,455016.0,0.0,41.0,29.0,35.0,3,0,12,345,0,22529.0,21555.0,18176.0,21911.0,20826.071428571428,30.0,0.0,40.0
2025-12-12,22307.0,471456.0,0.0,36.0,26.0,31.0,4,0,12,346,0,22446.0,22023.0,19317.0,22038.285714285714,21131.071428571428,34.0,0.0,35.0
2025-12-13,21558.0,452256.0,0.03,41.0,28.0,34.5,5,1,12,347,0,22307.0,21677.0,19098.0,22078.85714285714,21344.64285714286,30.5,0.0,31.0
2025-12-14,22228.0,448269.0,0.53,34.0,21.0,27.5,6,1,12,348,0,21558.0,19974.0,19237.0,22061.85714285714,21520.35714285714,37.5,0.0,34.5
2025-12-15,23448.0,496759.0,0.0,30.0,21.0,25.5,0,0,12,349,0,22228.0,22840.0,20498.0,22383.85714285714,21734.0,39.5,0.0,27.5
2025-12-16,23229.0,484219.0,0.0,33.0,25.0,29.0,1,0,12,350,0,23448.0,22779.0,21078.0,22470.714285714286,21944.714285714286,36.0,0.0,25.5
2025-12-17,22469.0,469462.0,0.0,48.0,30.0,39.0,2,0,12,351,0,23229.0,22529.0,20784.0,22535.0,22098.35714285714,26.0,0.0,29.0
2025-12-18,20894.0,433706.0,0.05,51.0,34.0,42.5,3,0,12,352,0,22469.0,22446.0,21555.0,22526.428571428572,22218.714285714286,22.5,0.0,39.0
2025-12-19,20358.0,426518.0,1.28,58.0,33.0,45.5,4,0,12,353,0,20894.0,22307.0,22023.0,22304.714285714286,22171.5,19.5,0.0,42.5
2025-12-20,20301.0,429661.0,0.0,38.0,31.0,34.5,5,1,12,354,0,20358.0,21558.0,21677.0,22026.285714285714,22052.571428571428,30.5,0.0,45.5
2025-12-21,20527.0,417617.0,0.0,47.0,30.0,38.5,6,1,12,355,0,20301.0,22228.0,19974.0,21846.714285714286,21954.285714285714,26.5,0.0,34.5
2025-12-22,21318.0,447740.0,0.0,40.0,29.0,34.5,0,0,12,356,0,20527.0,23448.0,22840.0,21603.714285714286,21993.785714285714,30.5,0.0,38.5
2025-12-23,21155.0,452983.0,0.19,41.0,34.0,37.5,1,0,12,357,0,21318.0,23229.0,22779.0,21299.428571428572,21885.071428571428,27.5,0.0,34.5
2025-12-24,20691.0,423602.0,0.0,46.0,35.0,40.5,2,0,12,358,0,21155.0,22469.0,22529.0,21003.14285714286,21769.071428571428,24.5,0.0,37.5
2025-12-25,19147.0,403735.0,0.0,48.0,29.0,38.5,3,0,12,359,1,20691.0,20894.0,22446.0,20749.14285714286,21637.785714285714,26.5,0.0,40.5
2025-12-26,22291.0,453382.0,0.26,28.0,21.0,24.5,4,0,12,360,0,19147.0,20358.0,22307.0,20499.571428571428,21402.14285714286,40.5,0.0,38.5
2025-12-27,22056.0,459395.0,0.16,31.0,25.0,28.0,5,1,12,361,0,22291.0,20301.0,21558.0,20775.714285714286,21401.0,37.0,0.0,24.5
2025-12-28,21033.0,451497.0,0.02,37.0,24.0,30.5,6,1,12,362,0,22056.0,20527.0,22228.0,21026.428571428572,21436.571428571428,34.5,0.0,28.0
2025-12-29,20961.0,438611.0,0.09,50.0,31.0,40.5,0,0,12,363,0,21033.0,21318.0,23448.0,21098.714285714286,21351.214285714286,24.5,0.0,30.5
2025-12-30,22545.0,464485.0,0.0,33.0,27.0,30.0,1,0,12,364,0,20961.0,21155.0,23229.0,21047.714285714286,21173.571428571428,35.0,0.0,40.5
2025-12-31,22335.0,468525.0,0.0,33.0,27.0,30.0,2,0,12,365,0,22545.0,20691.0,22469.0,21246.285714285714,21124.714285714286,35.0,0.0,30.0
2026-01-01,21766.0,444638.0,0.0,36.0,23.0,29.5,3,0,1,1,1,22335.0,19147.0,20894.0,21481.14285714286,21115.14285714286,35.5,0.0,30.0
2026-01-02,22414.0,477029.0,0.0,30.0,20.0,25.0,4,0,1,2,0,21766.0,22291.0,20358.0,21855.285714285714,21177.428571428572,40.0,0.0,29.5
2026-01-03,22223.0,463639.0,0.0,31.0,24.0,27.5,5,1,1,3,0,22414.0,22056.0,20301.0,21872.85714285714,21324.285714285714,37.5,0.0,25.0
2026-01-04,21405.0,450256.0,0.0,35.0,26.0,30.5,6,1,1,4,0,22223.0,21033.0,20527.0,21896.714285714286,21461.571428571428,34.5,0.0,27.5
2026-01-05,22151.0,472792.0,0.0,38.0,30.0,34.0,0,0,1,5,0,21405.0,20961.0,21318.0,21949.85714285714,21524.285714285714,31.0,0.0,30.5
2026-01-06,21868.0,453604.0,0.01,39.0,35.0,37.0,1,0,1,6,0,22151.0,22545.0,21155.0,22119.85714285714,21583.785714285714,28.0,0.0,34.0
2026-01-07,20908.0,436407.0,0.01,48.0,36.0,42.0,2,0,1,7,0,21868.0,22335.0,20691.0,22023.14285714286,21634.714285714286,23.0,0.0,37.0
2026-01-08,20343.0,416815.0,0.0,50.0,37.0,43.5,3,0,1,8,0,20908.0,21766.0,19147.0,21819.285714285714,21650.214285714286,21.5,0.0,42.0
2026-01-09,19842.0,425104.0,0.0,54.0,35.0,44.5,4,0,1,9,0,20343.0,22414.0,22291.0,21616.0,21735.64285714286,20.5,0.0,43.5
2026-01-10,19316.0,402083.0,0.46,53.0,38.0,45.5,5,1,1,10,0,19842.0,22223.0,22056.0,21248.571428571428,21560.714285714286,19.5,0.0,44.5
2026-01-11,19737.0,396917.0,0.02,47.0,34.0,40.5,6,1,1,11,0,19316.0,21405.0,21033.0,20833.285714285714,21365.0,24.5,0.0,45.5
2026-01-12,21010.0,439337.0,0.0,41.0,32.0,36.5,0,0,1,12,0,19737.0,22151.0,20961.0,20595.0,21272.428571428572,28.5,0.0,40.5
2026-01-13,20932.0,432204.0,0.0,47.0,37.0,42.0,1,0,1,13,0,21010.0,21868.0,22545.0,20432.0,21275.928571428572,23.0,0.0,36.5
2026-01-14,20196.0,423138.0,0.0,51.0,42.0,46.5,2,0,1,14,0,20932.0,20908.0,22335.0,20298.285714285714,21160.714285714286,18.5,0.0,42.0
2026-01-15,21407.0,427293.0,0.0,46.0,25.0,35.5,3,0,1,15,0,20196.0,20343.0,21766.0,20196.571428571428,21007.928571428572,29.5,0.0,46.5
2026-01-16,21629.0,468036.0,0.0,34.0,22.0,28.0,4,0,1,16,0,21407.0,19842.0,22414.0,20348.571428571428,20982.285714285714,37.0,0.0,35.5
2026-01-17,21436.0,441338.0,0.17,40.0,31.0,35.5,5,1,1,17,0,21629.0,19316.0,22223.0,20603.85714285714,20926.214285714286,29.5,0.0,28.0
2026-01-18,20508.0,433293.0,0.26,35.0,31.0,33.0,6,1,1,18,0,21436.0,19737.0,21405.0,20906.714285714286,20870.0,32.0,0.0,35.5
2026-01-19,22051.0,456233.0,0.0,33.0,24.0,28.5,0,0,1,19,1,20508.0,21010.0,22151.0,21016.85714285714,20805.928571428572,36.5,0.0,33.0
2026-01-20,23720.0,488235.0,0.0,27.0,17.0,22.0,1,0,1,20,0,22051.0,20932.0,21868.0,21165.571428571428,20798.785714285714,43.0,0.0,28.5
2026-01-21,23817.0,507851.0,0.0,40.0,19.0,29.5,2,0,1,21,0,23720.0,20196.0,20908.0,21563.85714285714,20931.071428571428,35.5,0.0,22.0
2026-01-22,22521.0,454549.0,0.0,48.0,39.0,43.5,3,0,1,22,0,23817.0,21407.0,20343.0,22081.14285714286,21138.85714285714,21.5,0.0,29.5
2026-01-23,22323.0,459896.0,0.0,39.0,15.0,27.0,4,0,1,23,0,22521.0,21629.0,19842.0,22240.285714285714,21294.428571428572,38.0,0.0,43.5
2026-01-24,23303.0,494055.0,0.0,18.0,10.0,14.0,5,1,1,24,0,22323.0,21436.0,19316.0,22339.428571428572,21471.64285714286,51.0,0.0,27.0
2026-01-25,23560.0,515324.0,1.15,24.0,11.0,17.5,6,1,1,25,0,23303.0,20508.0,19737.0,22606.14285714286,21756.428571428572,47.5,0.0,14.0
2026-01-26,23394.0,501247.0,0.13,27.0,19.0,23.0,0,0,1,26,0,23560.0,22051.0,21010.0,23042.14285714286,22029.5,42.0,0.0,17.5
2026-01-27,23929.0,515864.0,0.0,22.0,16.0,19.0,1,0,1,27,0,23394.0,23720.0,20932.0,23234.0,22199.785714285714,46.0,0.0,23.0
2026-01-28,24040.0,518000.0,0.0,24.0,16.0,20.0,2,0,1,28,0,23929.0,23817.0,20196.0,23263.85714285714,22413.85714285714,45.0,0.0,19.0
2026-01-29,23695.0,520063.0,0.0,24.0,14.0,19.0,3,0,1,29,0,24040.0,22521.0,21407.0,23295.714285714286,22688.428571428572,46.0,0.0,20.0
2026-01-30,24095.0,529079.0,0.0,20.0,11.0,15.5,4,0,1,30,0,23695.0,22323.0,21629.0,23463.428571428572,22851.85714285714,49.5,0.0,19.0
2026-01-31,24177.0,509793.0,0.0,25.0,12.0,18.5,5,1,1,31,0,24095.0,23303.0,21436.0,23716.571428571428,23028.0,46.5,0.0,15.5
2026-02-01,23168.0,500820.0,0.0,25.0,11.0,18.0,6,1,2,32,0,24177.0,23560.0,20508.0,23841.428571428572,23223.785714285714,47.0,0.0,18.5
2026-02-02,23489.0,507859.0,0.0,35.0,16.0,25.5,0,0,2,33,0,23168.0,23394.0,22051.0,23785.428571428572,23413.785714285714,39.5,0.0,18.0
2026-02-03,22997.0,496711.0,0.0,34.0,24.0,29.0,1,0,2,34,0,23489.0,23929.0,23720.0,23799.0,23516.5,36.0,0.0,25.5
2026-02-04,22581.0,473755.0,0.0,33.0,27.0,30.0,2,0,2,35,0,22997.0,24040.0,23817.0,23665.85714285714,23464.85714285714,35.0,0.0,29.0
2026-02-05,22279.0,477974.0,0.0,32.0,22.0,27.0,3,0,2,36,0,22581.0,23695.0,22521.0,23457.428571428572,23376.571428571428,38.0,0.0,30.0
2026-02-06,22365.0,481695.0,0.0,34.0,23.0,28.5,4,0,2,37,0,22279.0,24095.0,22323.0,23255.14285714286,23359.285714285714,36.5,0.0,27.0
2026-02-07,23975.0,487862.0,0.0,28.0,7.0,17.5,5,1,2,38,0,22365.0,24177.0,23303.0,23008.0,23362.285714285714,47.5,0.0,28.5
2026-02-08,24317.0,524637.0,0.0,20.0,5.0,12.5,6,1,2,39,0,23975.0,23168.0,23560.0,22979.14285714286,23410.285714285714,52.5,0.0,17.5
2026-02-09,24259.0,523110.0,0.0,31.0,11.0,21.0,0,0,2,40,0,24317.0,23489.0,23394.0,23143.285714285714,23464.35714285714,44.0,0.0,12.5
2026-02-10,22166.0,364784.0,0.0,36.0,25.0,30.5,1,0,2,41,0,24259.0,22997.0,23929.0,23253.285714285714,23526.14285714286,34.5,0.0,21.0
2026-02-11,22263.0,467741.0,0.03,42.0,31.0,36.5,2,0,2,42,0,22166.0,22581.0,24040.0,23134.571428571428,23400.214285714286,28.5,0.0,30.5
2026-02-12,21779.0,460567.0,0.0,36.0,28.0,32.0,3,0,2,43,0,22263.0,22279.0,23695.0,23089.14285714286,23273.285714285714,33.0,0.0,36.5
2026-02-13,21832.0,458696.0,0.0,39.0,24.0,31.5,4,0,2,44,0,21779.0,22365.0,24095.0,23017.714285714286,23136.428571428572,33.5,0.0,32.0
2026-02-14,21120.0,435670.0,0.0,46.0,30.0,38.0,5,1,2,45,0,21832.0,23975.0,24177.0,22941.571428571428,22974.785714285714,27.0,0.0,31.5
2026-02-15,19451.0,407959.0,0.03,39.0,29.0,34.0,6,1,2,46,0,21120.0,24317.0,23168.0,22533.714285714286,22756.428571428572,31.0,0.0,38.0
2026-02-16,19923.0,428718.0,0.04,39.0,30.0,34.5,0,0,2,47,1,19451.0,24259.0,23489.0,21838.571428571428,22490.928571428572,30.5,0.0,34.0
2026-02-17,20325.0,434623.0,0.0,47.0,36.0,41.5,1,0,2,48,0,19923.0,22166.0,22997.0,21219.14285714286,22236.214285714286,23.5,0.0,34.5
2026-02-18,20439.0,437871.0,0.09,39.0,35.0,37.0,2,0,2,49,0,20325.0,22263.0,22581.0,20956.14285714286,22045.35714285714,28.0,0.0,41.5
2026-02-19,20467.0,428052.0,0.0,38.0,34.0,36.0,3,0,2,50,0,20439.0,21779.0,22279.0,20695.571428571428,21892.35714285714,29.0,0.0,37.0
2026-02-20,20477.0,440041.0,0.36,39.0,33.0,36.0,4,0,2,51,0,20467.0,21832.0,22365.0,20508.14285714286,21762.928571428572,29.0,0.0,36.0
2026-02-21,20410.0,414870.0,0.0,47.0,35.0,41.0,5,1,2,52,0,20477.0,21120.0,23975.0,20314.571428571428,21628.071428571428,24.0,0.0,36.0
2026-02-22,20312.0,417627.0,0.46,35.0,31.0,33.0,6,1,2,53,0,20410.0,19451.0,24317.0,20213.14285714286,21373.428571428572,32.0,0.0,41.0
2026-02-23,20825.0,445842.0,1.52,36.0,29.0,32.5,0,0,2,54,0,20312.0,19923.0,24259.0,20336.14285714286,21087.35714285714,32.5,0.0,33.0
2026-02-24,21410.0,457068.0,0.0,33.0,25.0,29.0,1,0,2,55,0,20825.0,20325.0,22166.0,20465.0,20842.071428571428,36.0,0.0,32.5
2026-02-25,22030.0,465071.0,0.09,44.0,27.0,35.5,2,0,2,56,0,21410.0,20439.0,22263.0,20620.0,20788.071428571428,29.5,0.0,29.0
2026-02-26,20731.0,428893.0,0.0,47.0,35.0,41.0,3,0,2,57,0,22030.0,20467.0,21779.0,20847.285714285714,20771.428571428572,24.0,0.0,35.5
2026-02-27,20372.0,422260.0,0.0,42.0,28.0,35.0,4,0,2,58,0,20731.0,20477.0,21832.0,20885.0,20696.571428571428,30.0,0.0,41.0
2026-02-28,19659.0,389718.0,0.0,52.0,31.0,41.5,5,1,2,59,0,20372.0,20410.0,21120.0,20870.0,20592.285714285714,23.5,0.0,35.0
2026-03-01,18803.0,389794.0,0.0,43.0,31.0,37.0,6,1,3,60,0,19659.0,20312.0,19451.0,20762.714285714286,20487.928571428572,28.0,0.0,41.5
2026-03-02,20501.0,430937.0,0.0,34.0,22.0,28.0,0,0,3,61,0,18803.0,20825.0,19923.0,20547.14285714286,20441.64285714286,37.0,0.0,37.0
2026-03-03,21368.0,463112.0,0.31,35.0,30.0,32.5,1,0,3,62,0,20501.0,21410.0,20325.0,20500.85714285714,20482.928571428572,32.5,0.0,28.0
2026-03-04,21204.0,413992.0,0.02,50.0,35.0,42.5,2,0,3,63,0,21368.0,22030.0,20439.0,20494.85714285714,20557.428571428572,22.5,0.0,32.5
2026-03-05,19970.0,423162.0,1.32,45.0,37.0,41.0,3,0,3,64,0,21204.0,20731.0,20467.0,20376.85714285714,20612.071428571428,24.0,0.0,42.5
2026-03-06,20087.0,423472.0,0.21,41.0,36.0,38.5,4,0,3,65,0,19970.0,20372.0,20477.0,20268.14285714286,20576.571428571428,26.5,0.0,41.0
2026-03-07,19498.0,391233.0,0.0,49.0,36.0,42.5,5,1,3,66,0,20087.0,19659.0,20410.0,20227.428571428572,20548.714285714286,22.5,0.0,38.5
2026-03-08,17950.0,361258.0,0.0,69.0,46.0,57.5,6,1,3,67,0,19498.0,18803.0,20312.0,20204.428571428572,20483.571428571428,7.5,0.0,42.5
2026-03-09,17237.0,356732.0,0.0,71.0,44.0,57.5,0,0,3,68,0,17950.0,20501.0,20825.0,20082.571428571428,20314.85714285714,7.5,0.0,57.5
2026-03-10,17270.0,358551.0,0.0,78.0,45.0,61.5,1,0,3,69,0,17237.0,21368.0,21410.0,19616.285714285714,20058.571428571428,3.5,0.0,57.5
2026-03-11,17252.0,366842.0,0.31,70.0,47.0,58.5,2,0,3,70,0,17270.0,21204.0,22030.0,19030.85714285714,19762.85714285714,6.5,0.0,61.5
2026-03-12,19016.0,389132.0,0.06,60.0,35.0,47.5,3,0,3,71,0,17252.0,19970.0,20731.0,18466.285714285714,19421.571428571428,17.5,0.0,58.5
2026-03-13,19283.0,413649.0,0.0,42.0,33.0,37.5,4,0,3,72,0,19016.0,20087.0,20372.0,18330.0,19299.071428571428,27.5,0.0,47.5
2026-03-14,19018.0,383101.0,0.0,55.0,39.0,47.0,5,1,3,73,0,19283.0,19498.0,19659.0,18215.14285714286,19221.285714285714,18.0,0.0,37.5
2026-03-15,17797.0,380035.0,0.0,46.0,38.0,42.0,6,1,3,74,0,19018.0,17950.0,18803.0,18146.571428571428,19175.5,23.0,0.0,47.0
2026-03-16,18315.0,393210.0,0.48,55.0,45.0,50.0,0,0,3,75,0,17797.0,17237.0,20501.0,18124.714285714286,19103.64285714286,15.0,0.0,42.0
2026-03-17,19023.0,393238.0,0.0,49.0,32.0,40.5,1,0,3,76,0,18315.0,17270.0,21368.0,18278.714285714286,18947.5,24.5,0.0,50.0
2026-03-18,19694.0,414006.0,0.0,37.0,26.0,31.5,2,0,3,77,0,19023.0,17252.0,21204.0,18529.14285714286,18780.0,33.5,0.0,40.5
2026-03-19,19730.0,419187.0,0.0,44.0,33.0,38.5,3,0,3,78,0,19694.0,19016.0,19970.0,18878.0,18672.14285714286,26.5,0.0,31.5
2026-03-20,18989.0,401005.0,0.03,55.0,39.0,47.0,4,0,3,79,0,19730.0,19283.0,20087.0,18980.0,18655.0,18.0,0.0,38.5
2026-03-21,17924.0,360069.0,0.0,58.0,44.0,51.0,5,1,3,80,0,18989.0,19018.0,19498.0,18938.0,18576.571428571428,14.0,0.0,47.0
2026-03-22,17024.0,367749.0,0.15,59.0,41.0,50.0,6,1,3,81,0,17924.0,17797.0,17950.0,18781.714285714286,18464.14285714286,15.0,0.0,51.0
2026-03-23,18996.0,397899.0,0.38,50.0,36.0,43.0,0,0,3,82,0,17024.0,18315.0,17237.0,18671.285714285714,18398.0,22.0,0.0,50.0
2026-03-24,19305.0,382908.0,0.0,48.0,34.0,41.0,1,0,3,83,0,18996.0,19023.0,17270.0,18768.571428571428,18523.64285714286,24.0,0.0,43.0
2026-03-25,18452.0,376579.0,0.0,52.0,40.0,46.0,2,0,3,84,0,19305.0,19694.0,17252.0,18808.85714285714,18669.0,19.0,0.0,41.0
2026-03-26,17931.0,367424.0,0.01,74.0,44.0,59.0,3,0,3,85,0,18452.0,19730.0,19016.0,18631.428571428572,18754.714285714286,6.0,0.0,46.0
2026-03-27,17406.0,356137.0,0.01,67.0,41.0,54.0,4,0,3,86,0,17931.0,18989.0,19283.0,18374.428571428572,18677.214285714286,11.0,0.0,59.0
2026-03-28,17510.0,361097.0,0.0,43.0,32.0,37.5,5,1,3,87,0,17406.0,17924.0,19018.0,18148.285714285714,18543.14285714286,27.5,0.0,54.0
2026-03-29,17670.0,351299.0,0.0,52.0,35.0,43.5,6,1,3,88,0,17510.0,17024.0,17797.0,18089.14285714286,18435.428571428572,21.5,0.0,37.5
2026-03-30,16766.0,355409.0,0.0,72.0,45.0,58.5,0,0,3,89,0,17670.0,18996.0,18315.0,18181.428571428572,18426.35714285714,6.5,0.0,43.5
2026-03-31,17014.0,360521.0,0.0,80.0,60.0,70.0,1,0,3,90,0,16766.0,19305.0,19023.0,17862.85714285714,18315.714285714286,0.0,5.0,58.5
2026-04-01,17578.0,371795.0,0.11,79.0,50.0,64.5,2,0,4,91,0,17014.0,18452.0,19694.0,17535.571428571428,18172.214285714286,0.5,0.0,70.0
2026-04-02,17456.0,377915.0,0.07,51.0,41.0,46.0,3,0,4,92,0,17578.0,17931.0,19730.0,17410.714285714286,18021.071428571428,19.0,0.0,64.5
2026-04-03,17545.0,353607.0,0.02,66.0,41.0,53.5,4,0,4,93,0,17456.0,17406.0,18989.0,17342.85714285714,17858.64285714286,11.5,0.0,46.0
2026-04-04,16141.0,324769.0,0.0,68.0,42.0,55.0,5,1,4,94,0,17545.0,17510.0,17924.0,17362.714285714286,17755.5,10.0,0.0,53.5
2026-04-05,15547.0,339841.0,0.24,57.0,42.0,49.5,6,1,4,95,0,16141.0,17670.0,17024.0,17167.14285714286,17628.14285714286,15.5,0.0,55.0
2026-04-06,16587.0,353831.0,0.0,55.0,42.0,48.5,0,0,4,96,0,15547.0,16766.0,18996.0,16863.85714285714,17522.64285714286,16.5,0.0,49.5
2026-04-07,17344.0,365604.0,0.0,53.0,34.0,43.5,1,0,4,97,0,16587.0,17014.0,19305.0,16838.285714285714,17350.571428571428,21.5,0.0,48.5
2026-04-08,18097.0,363466.0,0.0,48.0,31.0,39.5,2,0,4,98,0,17344.0,17578.0,18452.0,16885.428571428572,17210.5,25.5,0.0,43.5
2026-04-09,17521.0,351782.0,0.0,50.0,38.0,44.0,3,0,4,99,0,18097.0,17456.0,17931.0,16959.571428571428,17185.14285714286,21.0,0.0,39.5
2026-04-10,16866.0,347844.0,0.0,60.0,42.0,51.0,4,0,4,100,0,17521.0,17545.0,17406.0,16968.85714285714,17155.85714285714,14.0,0.0,44.0
2026-04-11,16462.0,315102.0,0.0,61.0,49.0,55.0,5,1,4,101,0,16866.0,16141.0,17510.0,16871.85714285714,17117.285714285714,10.0,0.0,51.0
2026-04-12,15640.0,324146.0,0.0,54.0,44.0,49.0,6,1,4,102,0,16462.0,15547.0,17670.0,16917.714285714286,17042.428571428572,16.0,0.0,55.0
2026-04-13,16500.0,353903.0,0.0,79.0,49.0,64.0,0,0,4,103,0,15640.0,16587.0,16766.0,16931.0,16897.428571428572,1.0,0.0,49.0
2026-04-14,17969.0,358519.0,0.0,86.0,59.0,72.5,1,0,4,104,0,16500.0,17344.0,17014.0,16918.571428571428,16878.428571428572,0.0,7.5,64.0
2026-04-15,19293.0,380517.0,0.0,88.0,68.0,78.0,2,0,4,105,0,17969.0,18097.0,17578.0,17007.85714285714,16946.64285714286,0.0,13.0,72.5
2026-04-16,19962.0,404413.0,0.0,86.0,65.0,75.5,3,0,4,106,0,19293.0,17521.0,17456.0,17178.714285714286,17069.14285714286,0.0,10.5,78.0
2026-04-17,19769.0,387241.0,0.0,78.0,54.0,66.0,4,0,4,107,0,19962.0,16866.0,17545.0,17527.428571428572,17248.14285714286,0.0,1.0,75.5
2026-04-18,17948.0,329204.0,0.0,63.0,49.0,56.0,5,1,4,108,0,19769.0,16462.0,16141.0,17942.14285714286,17407.0,9.0,0.0,66.0
2026-04-19,15647.0,333697.0,0.05,54.0,42.0,48.0,6,1,4,109,0,17948.0,15640.0,15547.0,18154.428571428572,17536.071428571428,17.0,0.0,56.0
2026-04-20,16440.0,354037.0,0.0,51.0,41.0,46.0,0,0,4,110,0,15647.0,16500.0,16587.0,18155.428571428572,17543.214285714286,19.0,0.0,48.0
2026-04-21,17472.0,356938.0,0.0,53.0,37.0,45.0,1,0,4,111,0,16440.0,17969.0,17344.0,18146.85714285714,17532.714285714286,20.0,0.0,46.0
2026-04-22,17257.0,359769.0,0.07,55.0,46.0,50.5,2,0,4,112,0,17472.0,19293.0,18097.0,18075.85714285714,17541.85714285714,14.5,0.0,45.0
2026-04-23,16985.0,338994.0,0.0,71.0,45.0,58.0,3,0,4,113,0,17257.0,19962.0,17521.0,17785.0,17481.85714285714,7.0,0.0,50.5
2026-04-24,16570.0,328409.0,0.0,65.0,49.0,57.0,4,0,4,114,0,16985.0,19769.0,16866.0,17359.714285714286,17443.571428571428,8.0,0.0,58.0
2026-04-25,16092.0,342195.0,1.44,50.0,42.0,46.0,5,1,4,115,0,16570.0,17948.0,16462.0,16902.714285714286,17422.428571428572,19.0,0.0,57.0
2026-04-26,16276.0,315598.0,0.01,57.0,43.0,50.0,6,1,4,116,0,16092.0,15647.0,15640.0,16637.571428571428,17396.0,15.0,0.0,46.0
2026-04-27,15883.0,324492.0,0.0,68.0,49.0,58.5,0,0,4,117,0,16276.0,16440.0,16500.0,16727.428571428572,17441.428571428572,6.5,0.0,50.0
2026-04-28,16541.0,340882.0,0.0,64.0,50.0,57.0,1,0,4,118,0,15883.0,17472.0,17969.0,16647.85714285714,17397.35714285714,8.0,0.0,58.5
2026-04-29,16424.0,346642.0,0.2,62.0,49.0,55.5,2,0,4,119,0,16541.0,17257.0,19293.0,16514.85714285714,17295.35714285714,9.5,0.0,57.0
2026-04-30,16638.0,356647.0,0.18,61.0,48.0,54.5,3,0,4,120,0,16424.0,16985.0,19962.0,16395.85714285714,17090.428571428572,10.5,0.0,55.5
2026-05-01,16626.0,337410.0,0.0,64.0,48.0,56.0,4,0,5,121,0,16638.0,16570.0,19769.0,16346.285714285714,16853.0,9.0,0.0,54.5
2026-05-02,16184.0,325590.0,0.03,61.0,51.0,56.0,5,1,5,122,0,16626.0,16092.0,17948.0,16354.285714285714,16628.5,9.0,0.0,56.0
2026-05-03,15579.0,313061.0,0.0,60.0,46.0,53.0,6,1,5,123,0,16184.0,16276.0,15647.0,16367.42857142857,16502.5,12.0,0.0,56.0
2026-05-04,15862.0,332191.0,0.0,72.0,52.0,62.0,0,0,5,124,0,15579.0,15883.0,16440.0,16267.857142857143,16497.64285714286,3.0,0.0,53.0
2026-05-05,17310.0,351104.0,0.0,77.0,55.0,66.0,1,0,5,125,0,15862.0,16541.0,17472.0,16264.857142857143,16456.35714285714,0.0,1.0,62.0
2026-05-06,17301.0,374167.0,0.31,67.0,57.0,62.0,2,0,5,126,0,17310.0,16424.0,17257.0,16374.714285714286,16444.785714285714,3.0,0.0,66.0
2026-05-07,17240.0,338939.0,0.12,64.0,51.0,57.5,3,0,5,127,0,17301.0,16638.0,16985.0,16500.0,16447.928571428572,7.5,0.0,62.0
2026-05-08,16500.0,337235.0,0.0,63.0,49.0,56.0,4,0,5,128,0,17240.0,16626.0,16570.0,16586.0,16466.14285714286,9.0,0.0,57.5
2026-05-09,16051.0,333273.0,0.3,65.0,52.0,58.5,5,1,5,129,0,16500.0,16184.0,16092.0,16568.0,16461.14285714286,6.5,0.0,56.0
2026-05-10,15473.0,307588.0,0.0,74.0,51.0,62.5,6,1,5,130,0,16051.0,15579.0,16276.0,16549.0,16458.214285714286,2.5,0.0,58.5
2026-05-11,15604.0,332386.0,0.0,62.0,54.0,58.0,0,0,5,131,0,15473.0,15862.0,15883.0,16533.85714285714,16400.85714285714,7.0,0.0,62.5
2026-05-12,16300.0,324105.0,0.0,67.0,48.0,57.5,1,0,5,132,0,15604.0,17310.0,16541.0,16497.0,16380.92857142857,7.5,0.0,58.0
2026-05-13,16268.0,350217.0,0.0,72.0,54.0,63.0,2,0,5,133,0,16300.0,17301.0,16424.0,16352.714285714286,16363.714285714286,2.0,0.0,57.5
2026-05-14,16432.0,356061.0,0.0,68.0,54.0,61.0,3,0,5,134,0,16268.0,17240.0,16638.0,16205.142857142857,16352.57142857143,4.0,0.0,63.0
2026-05-15,16505.0,338714.0,0.0,66.0,52.0,59.0,4,0,5,135,0,16432.0,16500.0,16626.0,16089.714285714286,16337.857142857143,6.0,0.0,61.0
2026-05-16,16079.0,315091.0,0.0,78.0,55.0,66.5,5,1,5,136,0,16505.0,16051.0,16184.0,16090.42857142857,16329.214285714286,0.0,1.5,59.0
2026-05-17,18681.0,339245.0,0.0,89.0,67.0,78.0,6,1,5,137,0,16079.0,15473.0,15579.0,16094.42857142857,16321.714285714286,0.0,13.0,66.5
2026-05-18,22684.0,422338.0,0.0,87.0,67.0,77.0,0,0,5,138,0,18681.0,15604.0,15862.0,16552.714285714286,16543.285714285714,0.0,12.0,78.0
2026-05-19,24240.0,473681.0,0.0,96.0,71.0,83.5,1,0,5,139,0,22684.0,16300.0,17310.0,17564.14285714286,17030.571428571428,0.0,18.5,77.0
2026-05-20,24472.0,491720.0,0.12,96.0,66.0,81.0,2,0,5,140,0,24240.0,16268.0,17301.0,18698.428571428572,17525.571428571428,0.0,16.0,83.5
2026-05-21,21727.0,387133.0,0.1,66.0,56.0,61.0,3,0,5,141,0,24472.0,16432.0,17240.0,19870.428571428572,18037.785714285714,4.0,0.0,81.0
2026-05-22,16881.0,338253.0,0.0,69.0,56.0,62.5,4,0,5,142,0,21727.0,16505.0,16500.0,20626.85714285714,18358.285714285714,2.5,0.0,61.0
2026-05-23,16153.0,341731.0,0.76,58.0,50.0,54.0,5,1,5,143,0,16881.0,16079.0,16051.0,20680.571428571428,18385.5,11.0,0.0,62.5
2026-05-24,15785.0,336899.0,0.96,58.0,51.0,54.5,6,1,5,144,0,16153.0,18681.0,15473.0,20691.14285714286,18392.785714285714,10.5,0.0,54.0
2026-05-25,15536.0,325034.0,0.24,76.0,55.0,65.5,0,0,5,145,1,15785.0,22684.0,15604.0,20277.428571428572,18415.071428571428,0.0,0.5,54.5
2026-05-26,18512.0,353825.0,0.0,81.0,60.0,70.5,1,0,5,146,0,15536.0,24240.0,16300.0,19256.285714285714,18410.214285714286,0.0,5.5,65.5
2026-05-27,19968.0,386645.0,0.0,84.0,70.0,77.0,2,0,5,147,0,18512.0,24472.0,16268.0,18438.0,18568.214285714286,0.0,12.0,70.5
2026-05-28,20002.0,386797.0,0.0,75.0,62.0,68.5,3,0,5,148,0,19968.0,21727.0,16432.0,17794.571428571428,18832.5,0.0,3.5,77.0
2026-05-29,17435.0,354636.0,0.0,78.0,59.0,68.5,4,0,5,149,0,20002.0,16881.0,16505.0,17548.14285714286,19087.5,0.0,3.5,68.5
2026-05-30,17123.0,322382.0,0.0,71.0,54.0,62.5,5,1,5,150,0,17435.0,16153.0,16079.0,17627.285714285714,19153.928571428572,2.5,0.0,68.5
2026-05-31,15359.0,308442.0,0.0,78.0,53.0,65.5,6,1,5,151,0,17123.0,15785.0,18681.0,17765.85714285714,19228.5,0.0,0.5,62.5
2026-06-01,16229.0,338852.0,0.0,70.0,55.0,62.5,0,0,6,152,0,15359.0,15536.0,22684.0,17705.0,18991.214285714286,2.5,0.0,65.5
2026-06-02,17031.0,342311.0,0.0,76.0,55.0,65.5,1,0,6,153,0,16229.0,18512.0,24240.0,17804.0,18530.14285714286,0.0,0.5,62.5
2026-06-03,19047.0,367348.0,0.0,83.0,64.0,73.5,2,0,6,154,0,17031.0,19968.0,24472.0,17592.428571428572,18015.214285714286,0.0,8.5,65.5
2026-06-04,20302.0,390355.0,0.0,86.0,66.0,76.0,3,0,6,155,0,19047.0,20002.0,21727.0,17460.85714285714,17627.714285714286,0.0,11.0,73.5
2026-06-05,22309.0,421565.0,0.0,91.0,64.0,77.5,4,0,6,156,0,20302.0,17435.0,16881.0,17503.714285714286,17525.928571428572,0.0,12.5,76.0
2026-06-06,22151.0,438442.0,0.21,91.0,70.0,80.5,5,1,6,157,0,22309.0,17123.0,16153.0,18200.0,17913.64285714286,0.0,15.5,77.5
2026-06-07,21581.0,416177.0,0.06,83.0,68.0,75.5,6,1,6,158,0,22151.0,15359.0,15785.0,18918.285714285714,18342.071428571428,0.0,10.5,80.5
2026-06-08,19977.0,398701.0,0.0,74.0,64.0,69.0,0,0,6,159,0,21581.0,16229.0,15536.0,19807.14285714286,18756.071428571428,0.0,4.0,75.5
2026-06-09,21261.0,403353.0,0.0,81.0,64.0,72.5,1,0,6,160,0,19977.0,17031.0,18512.0,20342.571428571428,19073.285714285714,0.0,7.5,69.0
2026-06-10,23380.0,454427.0,0.0,84.0,69.0,76.5,2,0,6,161,0,21261.0,19047.0,19968.0,20946.85714285714,19269.64285714286,0.0,11.5,72.5
2026-06-11,27545.0,516760.0,0.43,96.0,74.0,85.0,3,0,6,162,0,23380.0,20302.0,20002.0,21565.85714285714,19513.35714285714,0.0,20.0,76.5
2026-06-12,27204.0,543349.0,0.38,98.0,74.0,86.0,4,0,6,163,0,27545.0,22309.0,17435.0,22600.571428571428,20052.14285714286,0.0,21.0,85.0
2026-06-13,25378.0,468633.0,0.0,88.0,72.0,80.0,5,1,6,164,0,27204.0,22151.0,17123.0,23299.85714285714,20749.928571428572,0.0,15.0,86.0
2026-06-14,23015.0,460169.0,0.33,90.0,72.0,81.0,6,1,6,165,0,25378.0,21581.0,15359.0,23760.85714285714,21339.571428571428,0.0,16.0,80.0
2026-06-15,21801.0,429685.0,0.03,75.0,65.0,70.0,0,0,6,166,0,23015.0,19977.0,16229.0,23965.714285714286,21886.428571428572,0.0,5.0,81.0
2026-06-16,19112.0,378428.0,0.0,78.0,60.0,69.0,1,0,6,167,0,21801.0,21261.0,17031.0,24226.285714285714,22284.428571428572,0.0,4.0,70.0
2026-06-17,19666.0,401716.0,0.0,79.0,65.0,72.0,2,0,6,168,0,19112.0,23380.0,19047.0,23919.285714285714,22433.071428571428,0.0,7.0,69.0
2026-06-18,22269.0,440747.0,0.0,90.0,69.0,79.5,3,0,6,169,0,19666.0,27545.0,20302.0,23388.714285714286,22477.285714285714,0.0,14.5,72.0
2026-06-19,22179.0,427032.0,0.0,84.0,71.0,77.5,4,0,6,170,1,22269.0,27204.0,22309.0,22635.0,22617.785714285714,0.0,12.5,79.5
2026-06-20,19846.0,383862.0,0.0,83.0,68.0,75.5,5,1,6,171,0,22179.0,25378.0,22151.0,21917.14285714286,22608.5,0.0,10.5,77.5
2026-06-21,19057.0,379355.0,0.0,85.0,69.0,77.0,6,1,6,172,0,19846.0,23015.0,21581.0,21126.85714285714,22443.85714285714,0.0,12.0,75.5
2026-06-22,19426.0,427860.0,1.31,74.0,66.0,70.0,0,0,6,173,0,19057.0,21801.0,19977.0,20561.428571428572,22263.571428571428,0.0,5.0,77.0
2026-06-23,19074.0,409821.0,0.05,75.0,68.0,71.5,1,0,6,174,0,19426.0,19112.0,21261.0,20222.14285714286,22224.214285714286,0.0,6.5,70.0
2026-06-24,20771.0,400443.0,0.0,83.0,66.0,74.5,2,0,6,175,0,19074.0,19666.0,23380.0,20216.714285714286,22068.0,0.0,9.5,71.5
2026-06-25,21450.0,430621.0,0.0,84.0,67.0,75.5,3,0,6,176,0,20771.0,22269.0,27545.0,20374.571428571428,21881.64285714286,0.0,10.5,74.5
2026-06-26,21124.0,435966.0,0.18,84.0,67.0,75.5,4,0,6,177,0,21450.0,22179.0,27204.0,20257.571428571428,21446.285714285714,0.0,10.5,75.5
2026-06-27,21236.0,420417.0,0.08,79.0,69.0,74.0,5,1,6,178,0,21124.0,19846.0,25378.0,20106.85714285714,21012.0,0.0,9.0,75.5
2026-06-28,21914.0,414590.0,0.0,83.0,69.0,76.0,6,1,6,179,0,21236.0,19057.0,23015.0,20305.428571428572,20716.14285714286,0.0,11.0,74.0
2026-06-29,25345.0,472368.0,0.0,88.0,68.0,78.0,0,0,6,180,0,21914.0,19426.0,21801.0,20713.571428571428,20637.5,0.0,13.0,76.0
2026-06-30,26218.0,516692.0,0.0,91.0,74.0,82.5,1,0,6,181,0,25345.0,19074.0,19112.0,21559.14285714286,20890.64285714286,0.0,17.5,78.0
2026-07-01,29582.0,555933.0,0.0,93.0,77.0,85.0,2,0,7,182,0,26218.0,20771.0,19666.0,22579.714285714286,21398.214285714286,0.0,20.0,82.5
2026-07-02,31097.0,615608.0,0.0,104.0,84.0,94.0,3,0,7,183,0,29582.0,21450.0,22269.0,23838.428571428572,22106.5,0.0,29.0,85.0
2026-07-03,30959.0,622056.0,0.0,101.0,79.0,90.0,4,0,7,184,1,31097.0,21124.0,22179.0,25216.571428571428,22737.071428571428,0.0,25.0,94.0
2026-07-04,29635.0,565843.0,0.11,97.0,74.0,85.5,5,1,7,185,1,30959.0,21236.0,19846.0,26621.571428571428,23364.214285714286,0.0,20.5,90.0
2026-07-05,25936.0,495881.0,0.15,78.0,69.0,73.5,6,1,7,186,0,29635.0,21914.0,19057.0,27821.428571428572,24063.428571428572,0.0,8.5,85.5
2026-07-06,23164.0,473085.0,0.92,70.0,65.0,67.5,0,0,7,187,0,25936.0,25345.0,19426.0,28396.0,24554.785714285714,0.0,2.5,73.5
2026-07-07,20158.0,425844.0,0.01,72.0,63.0,67.5,1,0,7,188,0,23164.0,26218.0,19074.0,28084.428571428572,24821.785714285714,0.0,2.5,67.5
2026-07-08,24157.0,442383.0,0.0,87.0,66.0,76.5,2,0,7,189,0,20158.0,29582.0,20771.0,27218.714285714286,24899.214285714286,0.0,11.5,67.5
2026-07-09,24398.0,501776.0,0.03,89.0,73.0,81.0,3,0,7,190,0,24157.0,31097.0,21450.0,26443.714285714286,25141.071428571428,0.0,16.0,76.5
2026-07-10,24809.0,513246.0,0.0,89.0,75.0,82.0,4,0,7,191,0,24398.0,30959.0,21124.0,25486.714285714286,25351.64285714286,0.0,17.0,81.0
2026-07-11,25015.0,470381.0,0.0,83.0,72.0,77.5,5,1,7,192,0,24809.0,29635.0,21236.0,24608.14285714286,25614.85714285714,0.0,12.5,82.0
2026-07-12,22184.0,428226.0,0.0,85.0,70.0,77.5,6,1,7,193,0,25015.0,25936.0,21914.0,23948.14285714286,25884.785714285714,0.0,12.5,77.5
2026-07-13,24759.0,475274.0,0.0,85.0,72.0,78.5,0,0,7,194,0,22184.0,23164.0,25345.0,23412.14285714286,25904.071428571428,0.0,13.5,77.5
2026-07-14,28569.0,523779.0,0.0,93.0,74.0,83.5,1,0,7,195,0,24759.0,20158.0,26218.0,23640.0,25862.214285714286,0.0,18.5,78.5
2026-07-15,28697.0,595957.0,0.18,98.0,79.0,88.5,2,0,7,196,0,28569.0,24157.0,29582.0,24841.571428571428,26030.14285714286,0.0,23.5,83.5
2026-07-16,25917.0,516223.0,0.0,88.0,78.0,83.0,3,0,7,197,0,28697.0,24398.0,31097.0,25490.14285714286,25966.928571428572,0.0,18.0,88.5
2026-07-17,25025.0,482850.0,0.0,88.0,74.0,81.0,4,0,7,198,0,25917.0,24809.0,30959.0,25707.14285714286,25596.928571428572,0.0,16.0,83.0
2026-07-18,23752.0,463832.0,1.48,80.0,69.0,74.5,5,1,7,199,0,25025.0,25015.0,29635.0,25738.0,25173.071428571428,0.0,9.5,81.0
2026-07-19,20703.0,416718.0,0.0,83.0,72.0,77.5,6,1,7,200,0,23752.0,22184.0,25936.0,25557.571428571428,24752.85714285714,0.0,12.5,74.5
2026-07-20,21809.0,420073.0,0.0,83.0,67.0,75.0,0,0,7,201,0,20703.0,24759.0,23164.0,25346.0,24379.071428571428,0.0,10.0,77.5
2026-07-21,22416.0,471532.0,0.67,83.0,73.0,78.0,1,0,7,202,0,21809.0,28569.0,20158.0,24924.571428571428,24282.285714285714,0.0,13.0,75.0
2026-07-22,23110.0,477406.0,0.0,89.0,73.0,81.0,2,0,7,203,0,22416.0,28697.0,24157.0,24045.571428571428,24443.571428571428,0.0,16.0,78.0
2026-07-23,22704.0,427009.0,0.0,82.0,67.0,74.5,3,0,7,204,0,23110.0,25917.0,24398.0,23247.428571428572,24368.785714285714,0.0,9.5,81.0
2026-07-24,21377.0,422828.0,0.0,82.0,69.0,75.5,4,0,7,205,0,22704.0,25025.0,24809.0,22788.428571428572,24247.785714285714,0.0,10.5,74.5
2026-07-25,21367.0,410623.0,0.0,80.0,67.0,73.5,5,1,7,206,0,21377.0,23752.0,25015.0,22267.285714285714,24002.64285714286,0.0,8.5,75.5
2026-07-26,21630.0,411994.0,0.0,84.0,68.0,76.0,6,1,7,207,0,21367.0,20703.0,22184.0,21926.571428571428,23742.071428571428,0.0,11.0,73.5
2026-07-27,24684.0,473036.0,0.11,85.0,73.0,79.0,0,0,7,208,0,21630.0,21809.0,24759.0,22059.0,23702.5,0.0,14.0,76.0
2026-07-28,24297.0,498164.0,0.34,81.0,72.0,76.5,1,0,7,209,0,24684.0,22416.0,28569.0,22469.714285714286,23697.14285714286,0.0,11.5,79.0
2026-07-29,22466.0,476074.0,0.4,83.0,70.0,76.5,2,0,7,210,0,24297.0,23110.0,28697.0,22738.428571428572,23392.0,0.0,11.5,76.5
2026-07-30,21956.0,449973.0,0.18,76.0,69.0,72.5,3,0,7,211,0,22466.0,22704.0,25917.0,22646.428571428572,22946.928571428572,0.0,7.5,76.5
2026-07-31,23541.0,458856.0,0.0,86.0,71.0,78.5,4,0,7,212,0,21956.0,21377.0,25025.0,22539.571428571428,22664.0,0.0,13.5,72.5
2026-08-01,23562.0,470001.0,0.0,87.0,74.0,80.5,5,1,8,213,0,23541.0,21367.0,23752.0,22848.714285714286,22558.0,0.0,15.5,78.5
2026-08-02,23280.0,486512.0,0.03,86.0,76.0,81.0,6,1,8,214,0,23562.0,21630.0,20703.0,23162.285714285714,22544.428571428572,0.0,16.0,80.5
2026-08-03,23291.0,501716.0,1.94,86.0,73.0,79.5,0,0,8,215,0,23280.0,24684.0,21809.0,23398.0,22728.5,0.0,14.5,81.0
2026-08-04,23700.0,459448.0,0.0,85.0,69.0,77.0,1,0,8,216,0,23291.0,24297.0,22416.0,23199.0,22834.35714285714,0.0,12.0,79.5
2026-08-05,24940.0,480658.0,0.0,85.0,72.0,78.5,2,0,8,217,0,23700.0,22466.0,23110.0,23113.714285714286,22926.071428571428,0.0,13.5,77.0
2026-08-06,28284.0,553696.0,0.02,91.0,78.0,84.5,3,0,8,218,0,24940.0,21956.0,22704.0,23467.14285714286,23056.785714285714,0.0,19.5,78.5
2026-08-07,28054.0,577635.0,0.76,94.0,74.0,84.0,4,0,8,219,0,28284.0,23541.0,21377.0,24371.14285714286,23455.35714285714,0.0,19.0,84.5
2026-08-08,25648.0,512701.0,0.0,91.0,74.0,82.5,5,1,8,220,0,28054.0,23562.0,21367.0,25015.85714285714,23932.285714285714,0.0,17.5,84.0
2026-08-09,25346.0,502030.0,0.0,91.0,78.0,84.5,6,1,8,221,0,25648.0,23280.0,21630.0,25313.85714285714,24238.071428571428,0.0,19.5,82.5
2026-08-10,25813.0,516763.0,0.08,91.0,74.0,82.5,0,0,8,222,0,25346.0,23291.0,24684.0,25609.0,24503.5,0.0,17.5,84.5
2026-08-11,25134.0,513398.0,0.0,88.0,75.0,81.5,1,0,8,223,0,25813.0,23700.0,24297.0,25969.285714285714,24584.14285714286,0.0,16.5,82.5
2026-08-12,24904.0,496404.0,0.0,87.0,74.0,80.5,2,0,8,224,0,25134.0,24940.0,22466.0,26174.14285714286,24643.928571428572,0.0,15.5,81.5
2026-08-13,25050.0,502483.0,0.07,86.0,75.0,80.5,3,0,8,225,0,24904.0,28284.0,21956.0,26169.0,24818.071428571428,0.0,15.5,80.5
2026-08-14,24697.0,490417.0,0.0,86.0,74.0,80.0,4,0,8,226,0,25050.0,28054.0,23541.0,25707.0,25039.071428571428,0.0,15.0,80.5
2026-08-15,23520.0,439978.0,0.0,85.0,69.0,77.0,5,1,8,227,0,24697.0,25648.0,23562.0,25227.428571428572,25121.64285714286,0.0,12.0,80.0
2026-08-16,21294.0,430640.0,0.07,82.0,68.0,75.0,6,1,8,228,0,23520.0,25346.0,23280.0,24923.428571428572,25118.64285714286,0.0,10.0,77.0
2026-08-17,23417.0,472310.0,0.3,80.0,70.0,75.0,0,0,8,229,0,21294.0,25813.0,23291.0,24344.571428571428,24976.785714285714,0.0,10.0,75.0
2026-08-18,23939.0,484775.0,0.09,85.0,72.0,78.5,1,0,8,230,0,23417.0,25134.0,23700.0,24002.285714285714,24985.785714285714,0.0,13.5,75.0
2026-08-19,24082.0,481496.0,0.0,88.0,74.0,81.0,2,0,8,231,0,23939.0,24904.0,24940.0,23831.571428571428,25002.85714285714,0.0,16.0,78.5
2026-08-20,23934.0,484101.0,2.86,86.0,65.0,75.5,3,0,8,232,0,24082.0,25050.0,28284.0,23714.14285714286,24941.571428571428,0.0,10.5,81.0
2026-08-21,20853.0,416528.0,0.0,79.0,64.0,71.5,4,0,8,233,0,23934.0,24697.0,28054.0,23554.714285714286,24630.85714285714,0.0,6.5,75.5
2026-08-22,20675.0,405567.0,0.0,77.0,70.0,73.5,5,1,8,234,0,20853.0,23520.0,25648.0,23005.571428571428,24116.5,0.0,8.5,71.5
2026-08-23,20969.0,419784.0,1.44,84.0,69.0,76.5,6,1,8,235,0,20675.0,21294.0,25346.0,22599.14285714286,23761.285714285714,0.0,11.5,73.5
2026-08-24,21242.0,431482.0,0.0,82.0,69.0,75.5,0,0,8,236,0,20969.0,23417.0,25813.0,22552.714285714286,23448.64285714286,0.0,10.5,76.5
2026-08-25,20793.0,424036.0,0.0,80.0,67.0,73.5,1,0,8,237,0,21242.0,23939.0,25134.0,22242.0,23122.14285714286,0.0,8.5,75.5
2026-08-26,21870.0,427604.0,0.0,82.0,67.0,74.5,2,0,8,238,0,20793.0,24082.0,24904.0,21792.571428571428,22812.071428571428,0.0,9.5,73.5
2026-08-27,21818.0,460572.0,0.18,79.0,73.0,76.0,3,0,8,239,0,21870.0,23934.0,25050.0,21476.571428571428,22595.35714285714,0.0,11.0,74.5
2026-08-28,22081.0,453927.0,0.0,85.0,72.0,78.5,4,0,8,240,0,21818.0,20853.0,24697.0,21174.285714285714,22364.5,0.0,13.5,76.0
2026-08-29,21983.0,394363.0,0.0,79.0,65.0,72.0,5,1,8,241,0,22081.0,20675.0,23520.0,21349.714285714286,22177.64285714286,0.0,7.0,78.5
2026-08-30,20269.0,404267.0,0.01,82.0,69.0,75.5,6,1,8,242,0,21983.0,20969.0,21294.0,21536.571428571428,22067.85714285714,0.0,10.5,72.0
